,epi_week,date,country,city,newCases,totalCases,state,ibgeID,cod_RegiaoDeSaude,name_RegiaoDeSaude,newDeaths,deaths,deaths_per_100k_inhabitants,totalCases_per_100k_inhabitants,deaths_by_totalCases,_source,last_info_date
0,9,2020-02-25,Brazil,Sao_Paulo,1,1,SP,3550308,35016.0,Sao_Paulo,0,0,0.0,0.00811,0.0,SES,2021-05-15
2,9,2020-02-26,Brazil,Sao_Paulo,0,1,SP,3550308,35016.0,Sao_Paulo,0,0,0.0,0.00811,0.0,SES,2021-05-15
4,9,2020-02-27,Brazil,Sao_Paulo,0,1,SP,3550308,35016.0,Sao_Paulo,0,0,0.0,0.00811,0.0,SES,2021-05-15
6,9,2020-02-28,Brazil,Sao_Paulo,1,2,SP,3550308,35016.0,Sao_Paulo,0,0,0.0,0.01623,0.0,SES,2021-05-15
8,9,2020-02-29,Brazil,Sao_Paulo,0,2,SP,3550308,35016.0,Sao_Paulo,0,0,0.0,0.01623,0.0,SES,2021-05-15
10,10,2020-03-01,Brazil,Sao_Paulo,0,2,SP,3550308,35016.0,Sao_Paulo,0,0,0.0,0.01623,0.0,SES,2021-05-15
12,10,2020-03-02,Brazil,Sao_Paulo,0,2,SP,3550308,35016.0,Sao_Paulo,0,0,0.0,0.01623,0.0,SES,2021-05-15
14,10,2020-03-03,Brazil,Sao_Paulo,0,2,SP,3550308,35016.0,Sao_Paulo,0,0,0.0,0.01623,0.0,SES,2021-05-15
16,10,2020-03-04,Brazil,Sao_Paulo,1,3,SP,3550308,35016.0,Sao_Paulo,0,0,0.0,0.02434,0.0,SES,2021-05-15
19,10,2020-03-05,Brazil,Sao_Paulo,3,6,SP,3550308,35016.0,Sao_Paulo,0,0,0.0,0.04868,0.0,SES,2021-05-15
26,10,2020-03-06,Brazil,Sao_Paulo,0,6,SP,3550308,35016.0,Sao_Paulo,0,0,0.0,0.04868,0.0,SES,2021-05-15
35,10,2020-03-07,Brazil,Sao_Paulo,6,12,SP,3550308,35016.0,Sao_Paulo,0,0,0.0,0.09736,0.0,SES,2021-05-15
46,11,2020-03-08,Brazil,Sao_Paulo,3,15,SP,3550308,35016.0,Sao_Paulo,0,0,0.0,0.1217,0.0,SES,2021-05-15
57,11,2020-03-09,Brazil,Sao_Paulo,0,15,SP,3550308,35016.0,Sao_Paulo,0,0,0.0,0.1217,0.0,SES,2021-05-15
70,11,2020-03-10,Brazil,Sao_Paulo,3,18,SP,3550308,35016.0,Sao_Paulo,0,0,0.0,0.14604,0.0,SES,2021-05-15
84,11,2020-03-11,Brazil,Sao_Paulo,11,29,SP,3550308,35016.0,Sao_Paulo,0,0,0.0,0.23529,0.0,SES,2021-05-15
109,11,2020-03-12,Brazil,Sao_Paulo,15,44,SP,3550308,35016.0,Sao_Paulo,0,0,0.0,0.35699000000000003,0.0,SES,2021-05-15
137,11,2020-03-13,Brazil,Sao_Paulo,0,44,SP,3550308,35016.0,Sao_Paulo,0,0,0.0,0.35699000000000003,0.0,SES,2021-05-15
173,11,2020-03-14,Brazil,Sao_Paulo,18,62,SP,3550308,35016.0,Sao_Paulo,0,0,0.0,0.50303,0.0,SES,2021-05-15
209,12,2020-03-15,Brazil,Sao_Paulo,0,62,SP,3550308,35016.0,Sao_Paulo,0,0,0.0,0.50303,0.0,SES,2021-05-15
254,12,2020-03-16,Brazil,Sao_Paulo,83,145,SP,3550308,35016.0,Sao_Paulo,0,0,0.0,1.17645,0.0,SES,2021-05-15
311,12,2020-03-17,Brazil,Sao_Paulo,11,156,SP,3550308,35016.0,Sao_Paulo,1,1,0.00811,1.2657,0.006409999999999999,SES,2021-05-15
386,12,2020-03-18,Brazil,Sao_Paulo,58,214,SP,3550308,35016.0,Sao_Paulo,2,3,0.02434,1.7362799999999998,0.01402,SES,2021-05-15
474,12,2020-03-19,Brazil,Sao_Paulo,45,259,SP,3550308,35016.0,Sao_Paulo,2,5,0.04057,2.10138,0.01931,SES,2021-05-15
594,12,2020-03-20,Brazil,Sao_Paulo,47,306,SP,3550308,35016.0,Sao_Paulo,4,9,0.07302,2.48271,0.029410000000000002,SES,2021-05-15
737,12,2020-03-21,Brazil,Sao_Paulo,0,306,SP,3550308,35016.0,Sao_Paulo,0,9,0.07302,2.48271,0.029410000000000002,SES,2021-05-15
894,13,2020-03-22,Brazil,Sao_Paulo,0,306,SP,3550308,35016.0,Sao_Paulo,0,9,0.07302,2.48271,0.029410000000000002,SES,2021-05-15
1075,13,2020-03-23,Brazil,Sao_Paulo,0,306,SP,3550308,35016.0,Sao_Paulo,0,9,0.07302,2.48271,0.029410000000000002,SES,2021-05-15
1273,13,2020-03-24,Brazil,Sao_Paulo,0,306,SP,3550308,35016.0,Sao_Paulo,0,9,0.07302,2.48271,0.029410000000000002,SES,2021-05-15
1501,13,2020-03-25,Brazil,Sao_Paulo,416,722,SP,3550308,35016.0,Sao_Paulo,35,44,0.35699000000000003,5.8579,0.06094,SES,2021-05-15
1756,13,2020-03-26,Brazil,Sao_Paulo,177,899,SP,3550308,35016.0,Sao_Paulo,9,53,0.43001000000000006,7.29398,0.05895,SES,2021-05-15
2039,13,2020-03-27,Brazil,Sao_Paulo,145,1044,SP,3550308,35016.0,Sao_Paulo,9,62,0.50303,8.47043,0.05939,SES,2021-05-15
2350,13,2020-03-28,Brazil,Sao_Paulo,0,1044,SP,3550308,35016.0,Sao_Paulo,0,62,0.50303,8.47043,0.05939,SES,2021-05-15
2690,14,2020-03-29,Brazil,Sao_Paulo,0,1044,SP,3550308,35016.0,Sao_Paulo,0,62,0.50303,8.47043,0.05939,SES,2021-05-15
3063,14,2020-03-30,Brazil,Sao_Paulo,189,1233,SP,3550308,35016.0,Sao_Paulo,41,103,0.83568,10.00387,0.08354,SES,2021-05-15
3478,14,2020-03-31,Brazil,Sao_Paulo,652,1885,SP,3550308,35016.0,Sao_Paulo,18,121,0.9817299999999999,15.293829999999998,0.06419,SES,2021-05-15
3932,14,2020-04-01,Brazil,Sao_Paulo,533,2418,SP,3550308,35016.0,Sao_Paulo,23,144,1.16834,19.61829,0.05955,SES,2021-05-15
4433,14,2020-04-02,Brazil,Sao_Paulo,397,2815,SP,3550308,35016.0,Sao_Paulo,20,164,1.3306,22.83933,0.05826,SES,2021-05-15
4991,14,2020-04-03,Brazil,Sao_Paulo,387,3202,SP,3550308,35016.0,Sao_Paulo,22,186,1.5091,25.979229999999998,0.058089999999999996,SES,2021-05-15
5587,14,2020-04-04,Brazil,Sao_Paulo,294,3496,SP,3550308,35016.0,Sao_Paulo,26,212,1.72005,28.36458,0.06064,SES,2021-05-15
6224,15,2020-04-05,Brazil,Sao_Paulo,116,3612,SP,3550308,35016.0,Sao_Paulo,8,220,1.7849599999999999,29.305740000000004,0.06091,SES,2021-05-15
6920,15,2020-04-06,Brazil,Sao_Paulo,142,3754,SP,3550308,35016.0,Sao_Paulo,24,244,1.9796799999999999,30.45784,0.065,SES,2021-05-15
7673,15,2020-04-07,Brazil,Sao_Paulo,504,4258,SP,3550308,35016.0,Sao_Paulo,52,296,2.40158,34.54702,0.06952,SES,2021-05-15
8489,15,2020-04-08,Brazil,Sao_Paulo,689,4947,SP,3550308,35016.0,Sao_Paulo,43,339,2.75046,40.13718,0.06853,SES,2021-05-15
9361,15,2020-04-09,Brazil,Sao_Paulo,530,5477,SP,3550308,35016.0,Sao_Paulo,45,384,3.11556,44.4373,0.07011,SES,2021-05-15
10276,15,2020-04-10,Brazil,Sao_Paulo,505,5982,SP,3550308,35016.0,Sao_Paulo,25,409,3.3184,48.53458,0.06837,SES,2021-05-15
11239,15,2020-04-11,Brazil,Sao_Paulo,149,6131,SP,3550308,35016.0,Sao_Paulo,13,422,3.4238699999999995,49.74349,0.06883,SES,2021-05-15
12244,16,2020-04-12,Brazil,Sao_Paulo,221,6352,SP,3550308,35016.0,Sao_Paulo,23,445,3.6104800000000004,51.536559999999994,0.07006,SES,2021-05-15
13288,16,2020-04-13,Brazil,Sao_Paulo,66,6418,SP,3550308,35016.0,Sao_Paulo,11,456,3.69973,52.07204,0.07105,SES,2021-05-15
14386,16,2020-04-14,Brazil,Sao_Paulo,287,6705,SP,3550308,35016.0,Sao_Paulo,56,512,4.15408,54.4006,0.07636,SES,2021-05-15
15559,16,2020-04-15,Brazil,Sao_Paulo,1059,7764,SP,3550308,35016.0,Sao_Paulo,46,558,4.5273,62.99273,0.07187,SES,2021-05-15
16795,16,2020-04-16,Brazil,Sao_Paulo,144,7908,SP,3550308,35016.0,Sao_Paulo,45,603,4.8924,64.16105999999999,0.07625,SES,2021-05-15
18087,16,2020-04-17,Brazil,Sao_Paulo,836,8744,SP,3550308,35016.0,Sao_Paulo,40,643,5.21694,70.9439,0.07354,SES,2021-05-15
19446,16,2020-04-18,Brazil,Sao_Paulo,684,9428,SP,3550308,35016.0,Sao_Paulo,43,686,5.5658199999999995,76.49349000000001,0.07276,SES,2021-05-15
20868,17,2020-04-19,Brazil,Sao_Paulo,240,9668,SP,3550308,35016.0,Sao_Paulo,14,700,5.67941,78.44071,0.0724,SES,2021-05-15
22342,17,2020-04-20,Brazil,Sao_Paulo,147,9815,SP,3550308,35016.0,Sao_Paulo,15,715,5.8011099999999995,79.63339,0.07285,SES,2021-05-15
23860,17,2020-04-21,Brazil,Sao_Paulo,527,10342,SP,3550308,35016.0,Sao_Paulo,38,753,6.10942,83.90916999999999,0.07281,SES,2021-05-15
25434,17,2020-04-22,Brazil,Sao_Paulo,349,10691,SP,3550308,35016.0,Sao_Paulo,25,778,6.31225,86.74076,0.07277,SES,2021-05-15
27070,17,2020-04-23,Brazil,Sao_Paulo,534,11225,SP,3550308,35016.0,Sao_Paulo,134,912,7.39946,91.07334,0.08125,SES,2021-05-15
28800,17,2020-04-24,Brazil,Sao_Paulo,575,11800,SP,3550308,35016.0,Sao_Paulo,98,1010,8.19457,95.73855999999999,0.08559,SES,2021-05-15
30595,17,2020-04-25,Brazil,Sao_Paulo,1298,13098,SP,3550308,35016.0,Sao_Paulo,89,1099,8.91667,106.2698,0.08391,SES,2021-05-15
32461,18,2020-04-26,Brazil,Sao_Paulo,415,13513,SP,3550308,35016.0,Sao_Paulo,15,1114,9.03837,109.63688,0.08244,SES,2021-05-15
34389,18,2020-04-27,Brazil,Sao_Paulo,476,13989,SP,3550308,35016.0,Sao_Paulo,58,1172,9.50895,113.49888,0.08378,SES,2021-05-15
36413,18,2020-04-28,Brazil,Sao_Paulo,1408,15397,SP,3550308,35016.0,Sao_Paulo,149,1321,10.71785,124.9226,0.0858,SES,2021-05-15
38522,18,2020-04-29,Brazil,Sao_Paulo,1241,16638,SP,3550308,35016.0,Sao_Paulo,118,1439,11.675239999999999,134.99137,0.08649,SES,2021-05-15
40710,18,2020-04-30,Brazil,Sao_Paulo,1511,18149,SP,3550308,35016.0,Sao_Paulo,83,1522,12.34865,147.25078,0.08386,SES,2021-05-15
42954,18,2020-05-01,Brazil,Sao_Paulo,938,19087,SP,3550308,35016.0,Sao_Paulo,85,1607,13.03829,154.86118000000002,0.08419,SES,2021-05-15
45274,18,2020-05-02,Brazil,Sao_Paulo,407,19494,SP,3550308,35016.0,Sao_Paulo,54,1661,13.476420000000001,158.16335,0.08521000000000001,SES,2021-05-15
47646,19,2020-05-03,Brazil,Sao_Paulo,328,19822,SP,3550308,35016.0,Sao_Paulo,12,1673,13.57378,160.82456000000002,0.0844,SES,2021-05-15
50071,19,2020-05-04,Brazil,Sao_Paulo,251,20073,SP,3550308,35016.0,Sao_Paulo,10,1683,13.65492,162.86103,0.08384,SES,2021-05-15
52579,19,2020-05-05,Brazil,Sao_Paulo,1067,21140,SP,3550308,35016.0,Sao_Paulo,118,1801,14.6123,171.51807,0.08519,SES,2021-05-15
55152,19,2020-05-06,Brazil,Sao_Paulo,2047,23187,SP,3550308,35016.0,Sao_Paulo,109,1910,15.496670000000002,188.12628,0.08237,SES,2021-05-15
57817,19,2020-05-07,Brazil,Sao_Paulo,1086,24273,SP,3550308,35016.0,Sao_Paulo,76,1986,16.11329,196.93747,0.08182,SES,2021-05-15
60585,19,2020-05-08,Brazil,Sao_Paulo,1094,25367,SP,3550308,35016.0,Sao_Paulo,124,2110,17.11935,205.81357,0.08317999999999999,SES,2021-05-15
63430,19,2020-05-09,Brazil,Sao_Paulo,1420,26787,SP,3550308,35016.0,Sao_Paulo,113,2223,18.036170000000002,217.33465,0.08299,SES,2021-05-15
66334,20,2020-05-10,Brazil,Sao_Paulo,520,27307,SP,3550308,35016.0,Sao_Paulo,43,2266,18.38505,221.55364,0.08298,SES,2021-05-15
69300,20,2020-05-11,Brazil,Sao_Paulo,464,27771,SP,3550308,35016.0,Sao_Paulo,15,2281,18.50675,225.31827,0.08213999999999999,SES,2021-05-15
72322,20,2020-05-12,Brazil,Sao_Paulo,911,28682,SP,3550308,35016.0,Sao_Paulo,124,2405,19.51282,232.70962000000003,0.08385,SES,2021-05-15
75422,20,2020-05-13,Brazil,Sao_Paulo,1720,30402,SP,3550308,35016.0,Sao_Paulo,89,2494,20.23491,246.66473,0.08202999999999999,SES,2021-05-15
78597,20,2020-05-14,Brazil,Sao_Paulo,1471,31873,SP,3550308,35016.0,Sao_Paulo,102,2596,21.062479999999997,258.59959,0.08145,SES,2021-05-15
81877,20,2020-05-15,Brazil,Sao_Paulo,2119,33992,SP,3550308,35016.0,Sao_Paulo,78,2674,21.69533,275.79197,0.07867,SES,2021-05-15
85220,20,2020-05-16,Brazil,Sao_Paulo,1437,35429,SP,3550308,35016.0,Sao_Paulo,118,2792,22.652720000000002,287.45097999999996,0.07881,SES,2021-05-15
88595,21,2020-05-17,Brazil,Sao_Paulo,502,35931,SP,3550308,35016.0,Sao_Paulo,43,2835,23.0016,291.52392000000003,0.0789,SES,2021-05-15
92029,21,2020-05-18,Brazil,Sao_Paulo,257,36188,SP,3550308,35016.0,Sao_Paulo,21,2856,23.171979999999998,293.60908,0.07892,SES,2021-05-15
95536,21,2020-05-19,Brazil,Sao_Paulo,1452,37640,SP,3550308,35016.0,Sao_Paulo,173,3029,24.5756,305.38979,0.08047,SES,2021-05-15
99132,21,2020-05-20,Brazil,Sao_Paulo,1826,39466,SP,3550308,35016.0,Sao_Paulo,106,3135,25.43563,320.20493,0.07944,SES,2021-05-15
102795,21,2020-05-21,Brazil,Sao_Paulo,1985,41451,SP,3550308,35016.0,Sao_Paulo,103,3238,26.271309999999996,336.3101,0.07812000000000001,SES,2021-05-15
106544,21,2020-05-22,Brazil,Sao_Paulo,1522,42973,SP,3550308,35016.0,Sao_Paulo,114,3352,27.196240000000003,348.65875,0.078,SES,2021-05-15
110414,21,2020-05-23,Brazil,Sao_Paulo,1914,44887,SP,3550308,35016.0,Sao_Paulo,139,3491,28.324009999999998,364.18787000000003,0.07777,SES,2021-05-15
114333,22,2020-05-24,Brazil,Sao_Paulo,640,45527,SP,3550308,35016.0,Sao_Paulo,43,3534,28.672890000000002,369.38047,0.07762000000000001,SES,2021-05-15
118284,22,2020-05-25,Brazil,Sao_Paulo,677,46204,SP,3550308,35016.0,Sao_Paulo,21,3555,28.84327,374.87327,0.07694,SES,2021-05-15
122282,22,2020-05-26,Brazil,Sao_Paulo,1350,47554,SP,3550308,35016.0,Sao_Paulo,136,3691,29.9467,385.82641,0.07762000000000001,SES,2021-05-15
126330,22,2020-05-27,Brazil,Sao_Paulo,1710,49264,SP,3550308,35016.0,Sao_Paulo,135,3826,31.042009999999998,399.70038999999997,0.07766,SES,2021-05-15
130444,22,2020-05-28,Brazil,Sao_Paulo,3455,52719,SP,3550308,35016.0,Sao_Paulo,132,3958,32.11299,427.73231,0.07508,SES,2021-05-15
134624,22,2020-05-29,Brazil,Sao_Paulo,3022,55741,SP,3550308,35016.0,Sao_Paulo,158,4116,33.394909999999996,452.25112,0.07384,SES,2021-05-15
138866,22,2020-05-30,Brazil,Sao_Paulo,2878,58619,SP,3550308,35016.0,Sao_Paulo,123,4239,34.39286,475.6016,0.07231,SES,2021-05-15
143139,23,2020-05-31,Brazil,Sao_Paulo,1512,60131,SP,3550308,35016.0,Sao_Paulo,41,4280,34.72551,487.86911,0.07118,SES,2021-05-15
147434,23,2020-06-01,Brazil,Sao_Paulo,995,61126,SP,3550308,35016.0,Sao_Paulo,24,4304,34.92024,495.94198,0.07041,SES,2021-05-15
151778,23,2020-06-02,Brazil,Sao_Paulo,3317,64443,SP,3550308,35016.0,Sao_Paulo,139,4443,36.048,522.85426,0.06894,SES,2021-05-15
156159,23,2020-06-03,Brazil,Sao_Paulo,2334,66777,SP,3550308,35016.0,Sao_Paulo,121,4564,37.02973,541.79102,0.06835,SES,2021-05-15
160585,23,2020-06-04,Brazil,Sao_Paulo,2570,69347,SP,3550308,35016.0,Sao_Paulo,111,4675,37.93032,562.64255,0.06741,SES,2021-05-15
165072,23,2020-06-05,Brazil,Sao_Paulo,2106,71453,SP,3550308,35016.0,Sao_Paulo,130,4805,38.98507,579.72945,0.06725,SES,2021-05-15
169602,23,2020-06-06,Brazil,Sao_Paulo,2408,73861,SP,3550308,35016.0,Sao_Paulo,96,4901,39.76396,599.26661,0.06635,SES,2021-05-15
174164,24,2020-06-07,Brazil,Sao_Paulo,935,74796,SP,3550308,35016.0,Sao_Paulo,19,4920,39.91811,606.85267,0.06577999999999999,SES,2021-05-15
178799,24,2020-06-08,Brazil,Sao_Paulo,903,75699,SP,3550308,35016.0,Sao_Paulo,17,4937,40.05604,614.1791099999999,0.06522,SES,2021-05-15
183468,24,2020-06-09,Brazil,Sao_Paulo,2327,78026,SP,3550308,35016.0,Sao_Paulo,136,5073,41.15947,633.05908,0.06502000000000001,SES,2021-05-15
188177,24,2020-06-10,Brazil,Sao_Paulo,2431,80457,SP,3550308,35016.0,Sao_Paulo,159,5232,42.44951,652.7828400000001,0.06502999999999999,SES,2021-05-15
192925,24,2020-06-11,Brazil,Sao_Paulo,2619,83076,SP,3550308,35016.0,Sao_Paulo,125,5357,43.46368,674.0319400000001,0.06448,SES,2021-05-15
197689,24,2020-06-12,Brazil,Sao_Paulo,2546,85622,SP,3550308,35016.0,Sao_Paulo,123,5480,44.46164,694.68875,0.064,SES,2021-05-15
202467,24,2020-06-13,Brazil,Sao_Paulo,2403,88025,SP,3550308,35016.0,Sao_Paulo,119,5599,45.42714,714.18534,0.06361,SES,2021-05-15
207258,25,2020-06-14,Brazil,Sao_Paulo,3173,91198,SP,3550308,35016.0,Sao_Paulo,24,5623,45.62186,739.92928,0.06166,SES,2021-05-15
212071,25,2020-06-15,Brazil,Sao_Paulo,2250,93448,SP,3550308,35016.0,Sao_Paulo,29,5652,45.85715,758.1845099999999,0.06047999999999999,SES,2021-05-15
216920,25,2020-06-16,Brazil,Sao_Paulo,4228,97676,SP,3550308,35016.0,Sao_Paulo,167,5819,47.21209,792.48813,0.059570000000000005,SES,2021-05-15
221804,25,2020-06-17,Brazil,Sao_Paulo,456,98132,SP,3550308,35016.0,Sao_Paulo,140,5959,48.347970000000004,796.18785,0.06072,SES,2021-05-15
226724,25,2020-06-18,Brazil,Sao_Paulo,398,98530,SP,3550308,35016.0,Sao_Paulo,138,6097,49.46763,799.417,0.06188,SES,2021-05-15
231679,25,2020-06-19,Brazil,Sao_Paulo,6877,105407,SP,3550308,35016.0,Sao_Paulo,158,6255,50.74955,855.2131099999999,0.05934,SES,2021-05-15
236673,25,2020-06-20,Brazil,Sao_Paulo,184,105591,SP,3550308,35016.0,Sao_Paulo,116,6371,51.690709999999996,856.7059800000001,0.06034,SES,2021-05-15
241681,26,2020-06-21,Brazil,Sao_Paulo,949,106540,SP,3550308,35016.0,Sao_Paulo,16,6387,51.82053,864.4056400000001,0.05995,SES,2021-05-15
246707,26,2020-06-22,Brazil,Sao_Paulo,1191,107731,SP,3550308,35016.0,Sao_Paulo,17,6404,51.95845,874.06874,0.05944,SES,2021-05-15
251763,26,2020-06-23,Brazil,Sao_Paulo,2483,110214,SP,3550308,35016.0,Sao_Paulo,179,6583,53.410759999999996,894.2144099999999,0.05973,SES,2021-05-15
256836,26,2020-06-24,Brazil,Sao_Paulo,3047,113261,SP,3550308,35016.0,Sao_Paulo,92,6675,54.1572,918.93605,0.058929999999999996,SES,2021-05-15
261927,26,2020-06-25,Brazil,Sao_Paulo,4050,117311,SP,3550308,35016.0,Sao_Paulo,119,6794,55.122690000000006,951.7954699999999,0.05791,SES,2021-05-15
267054,26,2020-06-26,Brazil,Sao_Paulo,3852,121163,SP,3550308,35016.0,Sao_Paulo,86,6880,55.82045,983.04843,0.05678,SES,2021-05-15
272353,26,2020-06-27,Brazil,Sao_Paulo,1596,122759,SP,3550308,35016.0,Sao_Paulo,102,6982,56.648019999999995,995.9974800000001,0.05687999999999999,SES,2021-05-15
277681,27,2020-06-28,Brazil,Sao_Paulo,1346,124105,SP,3550308,35016.0,Sao_Paulo,21,7003,56.8184,1006.9181699999999,0.056429999999999994,SES,2021-05-15
283022,27,2020-06-29,Brazil,Sao_Paulo,907,125012,SP,3550308,35016.0,Sao_Paulo,23,7026,57.00501,1014.27705,0.0562,SES,2021-05-15
288383,27,2020-06-30,Brazil,Sao_Paulo,2107,127119,SP,3550308,35016.0,Sao_Paulo,136,7162,58.10844,1031.37207,0.05634,SES,2021-05-15
293755,27,2020-07-01,Brazil,Sao_Paulo,2209,129328,SP,3550308,35016.0,Sao_Paulo,96,7258,58.887330000000006,1049.29465,0.05612,SES,2021-05-15
299137,27,2020-07-02,Brazil,Sao_Paulo,5656,134984,SP,3550308,35016.0,Sao_Paulo,112,7370,59.79603,1095.18425,0.0546,SES,2021-05-15
304532,27,2020-07-03,Brazil,Sao_Paulo,2090,137074,SP,3550308,35016.0,Sao_Paulo,109,7479,60.6804,1112.1413400000001,0.054560000000000004,SES,2021-05-15
309940,27,2020-07-04,Brazil,Sao_Paulo,688,137762,SP,3550308,35016.0,Sao_Paulo,118,7597,61.63778000000001,1117.7233800000001,0.05515,SES,2021-05-15
315354,28,2020-07-05,Brazil,Sao_Paulo,2109,139871,SP,3550308,35016.0,Sao_Paulo,24,7621,61.83251,1134.8346199999999,0.05449,SES,2021-05-15
320777,28,2020-07-06,Brazil,Sao_Paulo,360,140231,SP,3550308,35016.0,Sao_Paulo,13,7634,61.93798,1137.7554599999999,0.054439999999999995,SES,2021-05-15
326211,28,2020-07-07,Brazil,Sao_Paulo,2271,142502,SP,3550308,35016.0,Sao_Paulo,109,7743,62.82235,1156.18108,0.05434,SES,2021-05-15
331676,28,2020-07-08,Brazil,Sao_Paulo,2071,144573,SP,3550308,35016.0,Sao_Paulo,121,7864,63.804069999999996,1172.98401,0.05439,SES,2021-05-15
337148,28,2020-07-09,Brazil,Sao_Paulo,2166,146739,SP,3550308,35016.0,Sao_Paulo,100,7964,64.61542,1190.55771,0.054270000000000006,SES,2021-05-15
342628,28,2020-07-10,Brazil,Sao_Paulo,2692,149431,SP,3550308,35016.0,Sao_Paulo,125,8089,65.6296,1212.3990900000001,0.05413,SES,2021-05-15
348111,28,2020-07-11,Brazil,Sao_Paulo,1934,151365,SP,3550308,35016.0,Sao_Paulo,87,8176,66.33547,1228.0904699999999,0.054020000000000006,SES,2021-05-15
353597,29,2020-07-12,Brazil,Sao_Paulo,1441,152806,SP,3550308,35016.0,Sao_Paulo,36,8212,66.62755,1239.78194,0.053739999999999996,SES,2021-05-15
359088,29,2020-07-13,Brazil,Sao_Paulo,1207,154013,SP,3550308,35016.0,Sao_Paulo,19,8231,66.7817,1249.57486,0.053439999999999994,SES,2021-05-15
364585,29,2020-07-14,Brazil,Sao_Paulo,4789,158802,SP,3550308,35016.0,Sao_Paulo,105,8336,67.63362,1288.43011,0.052489999999999995,SES,2021-05-15
370089,29,2020-07-15,Brazil,Sao_Paulo,1524,160326,SP,3550308,35016.0,Sao_Paulo,115,8451,68.56666,1300.79499,0.05271,SES,2021-05-15
375599,29,2020-07-16,Brazil,Sao_Paulo,1916,162242,SP,3550308,35016.0,Sao_Paulo,134,8585,69.65386,1316.34033,0.052910000000000006,SES,2021-05-15
381111,29,2020-07-17,Brazil,Sao_Paulo,1382,163624,SP,3550308,35016.0,Sao_Paulo,111,8696,70.55445,1327.5531,0.05315,SES,2021-05-15
386624,29,2020-07-18,Brazil,Sao_Paulo,1470,165094,SP,3550308,35016.0,Sao_Paulo,74,8770,71.15485,1339.47986,0.05312000000000001,SES,2021-05-15
392140,30,2020-07-19,Brazil,Sao_Paulo,979,166073,SP,3550308,35016.0,Sao_Paulo,8,8778,71.21975,1347.42291,0.052860000000000004,SES,2021-05-15
397659,30,2020-07-20,Brazil,Sao_Paulo,275,166348,SP,3550308,35016.0,Sao_Paulo,21,8799,71.39014,1349.65411,0.0529,SES,2021-05-15
403183,30,2020-07-21,Brazil,Sao_Paulo,1453,167801,SP,3550308,35016.0,Sao_Paulo,121,8920,72.37186,1361.4429300000002,0.05316,SES,2021-05-15
408712,30,2020-07-22,Brazil,Sao_Paulo,3318,171119,SP,3550308,35016.0,Sao_Paulo,105,9025,73.22377,1388.36332,0.052739999999999995,SES,2021-05-15
414243,30,2020-07-23,Brazil,Sao_Paulo,2591,173710,SP,3550308,35016.0,Sao_Paulo,73,9098,73.81605,1409.38524,0.05237000000000001,SES,2021-05-15
419776,30,2020-07-24,Brazil,Sao_Paulo,2480,176190,SP,3550308,35016.0,Sao_Paulo,58,9156,74.28663,1429.50656,0.05197,SES,2021-05-15
425313,30,2020-07-25,Brazil,Sao_Paulo,2925,179115,SP,3550308,35016.0,Sao_Paulo,49,9205,74.68419,1453.23837,0.05139,SES,2021-05-15
430853,31,2020-07-26,Brazil,Sao_Paulo,662,179777,SP,3550308,35016.0,Sao_Paulo,17,9222,74.82212,1458.60946,0.0513,SES,2021-05-15
436395,31,2020-07-27,Brazil,Sao_Paulo,2250,182027,SP,3550308,35016.0,Sao_Paulo,19,9241,74.97628,1476.8647,0.050769999999999996,SES,2021-05-15
441942,31,2020-07-28,Brazil,Sao_Paulo,3681,185708,SP,3550308,35016.0,Sao_Paulo,77,9318,75.60101,1506.73026,0.05018,SES,2021-05-15
447491,31,2020-07-29,Brazil,Sao_Paulo,3119,188827,SP,3550308,35016.0,Sao_Paulo,78,9396,76.23385999999999,1532.0360699999999,0.049760000000000006,SES,2021-05-15
453042,31,2020-07-30,Brazil,Sao_Paulo,4857,193684,SP,3550308,35016.0,Sao_Paulo,74,9470,76.83425,1571.44304,0.048889999999999996,SES,2021-05-15
458594,31,2020-07-31,Brazil,Sao_Paulo,3876,197560,SP,3550308,35016.0,Sao_Paulo,79,9549,77.47522,1602.8907199999999,0.04833,SES,2021-05-15
464149,31,2020-08-01,Brazil,Sao_Paulo,2114,199674,SP,3550308,35016.0,Sao_Paulo,70,9619,78.04316,1620.0425300000002,0.04817,SES,2021-05-15
469705,32,2020-08-02,Brazil,Sao_Paulo,770,200444,SP,3550308,35016.0,Sao_Paulo,15,9634,78.16486,1626.2898699999998,0.048060000000000005,SES,2021-05-15
475263,32,2020-08-03,Brazil,Sao_Paulo,261,200705,SP,3550308,35016.0,Sao_Paulo,10,9644,78.24599,1628.40748,0.04805,SES,2021-05-15
480821,32,2020-08-04,Brazil,Sao_Paulo,2574,203279,SP,3550308,35016.0,Sao_Paulo,58,9702,78.71656999999999,1649.29147,0.04773,SES,2021-05-15
486380,32,2020-08-05,Brazil,Sao_Paulo,2823,206102,SP,3550308,35016.0,Sao_Paulo,104,9806,79.56036999999999,1672.1957,0.047580000000000004,SES,2021-05-15
491940,32,2020-08-06,Brazil,Sao_Paulo,3457,209559,SP,3550308,35016.0,Sao_Paulo,103,9909,80.39605,1700.24386,0.04729,SES,2021-05-15
497502,32,2020-08-07,Brazil,Sao_Paulo,1910,211469,SP,3550308,35016.0,Sao_Paulo,103,10012,81.23174,1715.7405199999998,0.04735,SES,2021-05-15
503065,32,2020-08-08,Brazil,Sao_Paulo,2038,213507,SP,3550308,35016.0,Sao_Paulo,73,10085,81.82401999999999,1732.2757100000001,0.04723,SES,2021-05-15
508628,33,2020-08-09,Brazil,Sao_Paulo,587,214094,SP,3550308,35016.0,Sao_Paulo,14,10099,81.93760999999999,1737.0383,0.04717,SES,2021-05-15
514192,33,2020-08-10,Brazil,Sao_Paulo,235,214329,SP,3550308,35016.0,Sao_Paulo,8,10107,82.00251,1738.94495,0.04716,SES,2021-05-15
519759,33,2020-08-11,Brazil,Sao_Paulo,2915,217244,SP,3550308,35016.0,Sao_Paulo,114,10221,82.92745,1762.5956199999998,0.04705,SES,2021-05-15
525328,33,2020-08-12,Brazil,Sao_Paulo,6896,224140,SP,3550308,35016.0,Sao_Paulo,90,10311,83.65765,1818.5458899999999,0.046,SES,2021-05-15
530900,33,2020-08-13,Brazil,Sao_Paulo,7063,231203,SP,3550308,35016.0,Sao_Paulo,142,10453,84.80976,1875.8511,0.04521,SES,2021-05-15
536473,33,2020-08-14,Brazil,Sao_Paulo,2784,233987,SP,3550308,35016.0,Sao_Paulo,110,10563,85.70224,1898.43891,0.04514,SES,2021-05-15
542047,33,2020-08-15,Brazil,Sao_Paulo,1532,235519,SP,3550308,35016.0,Sao_Paulo,29,10592,85.93753000000001,1910.8687,0.044969999999999996,SES,2021-05-15
547622,34,2020-08-16,Brazil,Sao_Paulo,347,235866,SP,3550308,35016.0,Sao_Paulo,13,10605,86.04301,1913.68406,0.04496,SES,2021-05-15
553198,34,2020-08-17,Brazil,Sao_Paulo,297,236163,SP,3550308,35016.0,Sao_Paulo,20,10625,86.20527,1916.09375,0.044989999999999995,SES,2021-05-15
558774,34,2020-08-18,Brazil,Sao_Paulo,1771,237934,SP,3550308,35016.0,Sao_Paulo,75,10700,86.81378000000001,1930.46265,0.044969999999999996,SES,2021-05-15
564351,34,2020-08-19,Brazil,Sao_Paulo,2181,240115,SP,3550308,35016.0,Sao_Paulo,61,10761,87.3087,1948.15805,0.04482,SES,2021-05-15
569928,34,2020-08-20,Brazil,Sao_Paulo,1649,241764,SP,3550308,35016.0,Sao_Paulo,102,10863,88.13627,1961.5371100000002,0.04493,SES,2021-05-15
575506,34,2020-08-21,Brazil,Sao_Paulo,825,242589,SP,3550308,35016.0,Sao_Paulo,73,10936,88.72855,1968.2307,0.04508,SES,2021-05-15
581085,34,2020-08-22,Brazil,Sao_Paulo,3903,246492,SP,3550308,35016.0,Sao_Paulo,67,11003,89.27215,1999.89745,0.04464,SES,2021-05-15
586665,35,2020-08-23,Brazil,Sao_Paulo,911,247403,SP,3550308,35016.0,Sao_Paulo,20,11023,89.43441999999999,2007.2887899999998,0.04455,SES,2021-05-15
592246,35,2020-08-24,Brazil,Sao_Paulo,327,247730,SP,3550308,35016.0,Sao_Paulo,8,11031,89.49933,2009.94188,0.04453,SES,2021-05-15
597827,35,2020-08-25,Brazil,Sao_Paulo,2441,250171,SP,3550308,35016.0,Sao_Paulo,110,11141,90.39180999999999,2029.7467800000002,0.04453,SES,2021-05-15
603408,35,2020-08-26,Brazil,Sao_Paulo,1892,252063,SP,3550308,35016.0,Sao_Paulo,74,11215,90.9922,2045.09741,0.044489999999999995,SES,2021-05-15
608990,35,2020-08-27,Brazil,Sao_Paulo,2083,254146,SP,3550308,35016.0,Sao_Paulo,63,11278,91.50335,2061.9977,0.04438,SES,2021-05-15
614573,35,2020-08-28,Brazil,Sao_Paulo,2365,256511,SP,3550308,35016.0,Sao_Paulo,66,11344,92.03884000000001,2081.18598,0.044219999999999995,SES,2021-05-15
620157,35,2020-08-29,Brazil,Sao_Paulo,0,256511,SP,3550308,35016.0,Sao_Paulo,0,11344,92.03884000000001,2081.18598,0.044219999999999995,SES,2021-05-15
625741,36,2020-08-30,Brazil,Sao_Paulo,1267,257778,SP,3550308,35016.0,Sao_Paulo,56,11400,92.49319,2091.4657,0.044219999999999995,SES,2021-05-15
631325,36,2020-08-31,Brazil,Sao_Paulo,171,257949,SP,3550308,35016.0,Sao_Paulo,8,11408,92.5581,2092.8531,0.04423,SES,2021-05-15
636909,36,2020-09-01,Brazil,Sao_Paulo,3042,260991,SP,3550308,35016.0,Sao_Paulo,70,11478,93.12604,2117.53418,0.04398,SES,2021-05-15
642493,36,2020-09-02,Brazil,Sao_Paulo,1579,262570,SP,3550308,35016.0,Sao_Paulo,76,11554,93.74266,2130.3452899999997,0.044,SES,2021-05-15
648078,36,2020-09-03,Brazil,Sao_Paulo,2496,265066,SP,3550308,35016.0,Sao_Paulo,57,11611,94.20512,2150.59644,0.0438,SES,2021-05-15
653664,36,2020-09-04,Brazil,Sao_Paulo,1166,266232,SP,3550308,35016.0,Sao_Paulo,55,11666,94.65136,2160.0567,0.04382,SES,2021-05-15
659251,36,2020-09-05,Brazil,Sao_Paulo,1245,267477,SP,3550308,35016.0,Sao_Paulo,51,11717,95.06515,2170.15793,0.04381,SES,2021-05-15
664838,37,2020-09-06,Brazil,Sao_Paulo,290,267767,SP,3550308,35016.0,Sao_Paulo,14,11731,95.17874,2172.51083,0.04381,SES,2021-05-15
670425,37,2020-09-07,Brazil,Sao_Paulo,0,267767,SP,3550308,35016.0,Sao_Paulo,0,11731,95.17874,2172.51083,0.04381,SES,2021-05-15
676012,37,2020-09-08,Brazil,Sao_Paulo,580,268347,SP,3550308,35016.0,Sao_Paulo,9,11740,95.25176,2177.21662,0.04375,SES,2021-05-15
681601,37,2020-09-09,Brazil,Sao_Paulo,1653,270000,SP,3550308,35016.0,Sao_Paulo,116,11856,96.19292,2190.62814,0.043910000000000005,SES,2021-05-15
687190,37,2020-09-10,Brazil,Sao_Paulo,1505,271505,SP,3550308,35016.0,Sao_Paulo,77,11933,96.81765,2202.8388600000003,0.04395,SES,2021-05-15
692779,37,2020-09-11,Brazil,Sao_Paulo,1352,272857,SP,3550308,35016.0,Sao_Paulo,70,12003,97.38559000000001,2213.80823,0.043989999999999994,SES,2021-05-15
698368,37,2020-09-12,Brazil,Sao_Paulo,1316,274173,SP,3550308,35016.0,Sao_Paulo,45,12048,97.7507,2224.48551,0.04394,SES,2021-05-15
703957,38,2020-09-13,Brazil,Sao_Paulo,294,274467,SP,3550308,35016.0,Sao_Paulo,9,12057,97.82372,2226.87086,0.043930000000000004,SES,2021-05-15
709546,38,2020-09-14,Brazil,Sao_Paulo,273,274740,SP,3550308,35016.0,Sao_Paulo,11,12068,97.91296,2229.08583,0.043930000000000004,SES,2021-05-15
715136,38,2020-09-15,Brazil,Sao_Paulo,1501,276241,SP,3550308,35016.0,Sao_Paulo,60,12128,98.39976999999999,2241.2641,0.0439,SES,2021-05-15
720727,38,2020-09-16,Brazil,Sao_Paulo,1442,277683,SP,3550308,35016.0,Sao_Paulo,85,12213,99.08941,2252.9636800000003,0.04398,SES,2021-05-15
726318,38,2020-09-17,Brazil,Sao_Paulo,1510,279193,SP,3550308,35016.0,Sao_Paulo,53,12266,99.51942,2265.21497,0.043930000000000004,SES,2021-05-15
731909,38,2020-09-18,Brazil,Sao_Paulo,1581,280774,SP,3550308,35016.0,Sao_Paulo,42,12308,99.86019,2278.0423100000003,0.04384,SES,2021-05-15
737500,38,2020-09-19,Brazil,Sao_Paulo,1443,282217,SP,3550308,35016.0,Sao_Paulo,68,12376,100.4119,2289.75,0.04385,SES,2021-05-15
743091,39,2020-09-20,Brazil,Sao_Paulo,281,282498,SP,3550308,35016.0,Sao_Paulo,4,12380,100.44436,2292.02988,0.04382,SES,2021-05-15
748683,39,2020-09-21,Brazil,Sao_Paulo,228,282726,SP,3550308,35016.0,Sao_Paulo,4,12384,100.47681,2293.87974,0.0438,SES,2021-05-15
754276,39,2020-09-22,Brazil,Sao_Paulo,1526,284252,SP,3550308,35016.0,Sao_Paulo,44,12428,100.8338,2306.26085,0.04372,SES,2021-05-15
759870,39,2020-09-23,Brazil,Sao_Paulo,1223,285475,SP,3550308,35016.0,Sao_Paulo,50,12478,101.23947,2316.18358,0.04371,SES,2021-05-15
765464,39,2020-09-24,Brazil,Sao_Paulo,1387,286862,SP,3550308,35016.0,Sao_Paulo,26,12504,101.45042,2327.43692,0.04359,SES,2021-05-15
771059,39,2020-09-25,Brazil,Sao_Paulo,1219,288081,SP,3550308,35016.0,Sao_Paulo,43,12547,101.7993,2337.3272,0.04355,SES,2021-05-15
776654,39,2020-09-26,Brazil,Sao_Paulo,1104,289185,SP,3550308,35016.0,Sao_Paulo,46,12593,102.17251999999999,2346.28444,0.04355,SES,2021-05-15
782249,40,2020-09-27,Brazil,Sao_Paulo,123,289308,SP,3550308,35016.0,Sao_Paulo,9,12602,102.24554,2347.28239,0.04356,SES,2021-05-15
787844,40,2020-09-28,Brazil,Sao_Paulo,158,289466,SP,3550308,35016.0,Sao_Paulo,3,12605,102.26988,2348.56431,0.04355,SES,2021-05-15
793439,40,2020-09-29,Brazil,Sao_Paulo,1373,290839,SP,3550308,35016.0,Sao_Paulo,61,12666,102.7648,2359.70406,0.04355,SES,2021-05-15
799034,40,2020-09-30,Brazil,Sao_Paulo,1228,292067,SP,3550308,35016.0,Sao_Paulo,64,12730,103.28406,2369.6673600000004,0.04359,SES,2021-05-15
804629,40,2020-10-01,Brazil,Sao_Paulo,1143,293210,SP,3550308,35016.0,Sao_Paulo,67,12797,103.82766,2378.9410199999998,0.04364,SES,2021-05-15
810224,40,2020-10-02,Brazil,Sao_Paulo,925,294135,SP,3550308,35016.0,Sao_Paulo,43,12840,104.17654,2386.44595,0.04365,SES,2021-05-15
815820,40,2020-10-03,Brazil,Sao_Paulo,1099,295234,SP,3550308,35016.0,Sao_Paulo,51,12891,104.59031999999999,2395.36262,0.043660000000000004,SES,2021-05-15
821416,41,2020-10-04,Brazil,Sao_Paulo,0,295234,SP,3550308,35016.0,Sao_Paulo,0,12891,104.59031999999999,2395.36262,0.043660000000000004,SES,2021-05-15
827012,41,2020-10-05,Brazil,Sao_Paulo,0,295234,SP,3550308,35016.0,Sao_Paulo,0,12891,104.59031999999999,2395.36262,0.043660000000000004,SES,2021-05-15
832608,41,2020-10-06,Brazil,Sao_Paulo,1359,296593,SP,3550308,35016.0,Sao_Paulo,71,12962,105.16638,2406.38878,0.0437,SES,2021-05-15
838204,41,2020-10-07,Brazil,Sao_Paulo,0,296593,SP,3550308,35016.0,Sao_Paulo,0,12962,105.16638,2406.38878,0.0437,SES,2021-05-15
843800,41,2020-10-08,Brazil,Sao_Paulo,1812,298405,SP,3550308,35016.0,Sao_Paulo,94,13056,105.92903999999999,2421.09033,0.04375,SES,2021-05-15
849396,41,2020-10-09,Brazil,Sao_Paulo,872,299277,SP,3550308,35016.0,Sao_Paulo,38,13094,106.23735,2428.16525,0.04375,SES,2021-05-15
854992,41,2020-10-10,Brazil,Sao_Paulo,1210,300487,SP,3550308,35016.0,Sao_Paulo,30,13124,106.48075,2437.9825100000003,0.043680000000000004,SES,2021-05-15
860588,42,2020-10-11,Brazil,Sao_Paulo,418,300905,SP,3550308,35016.0,Sao_Paulo,4,13128,106.51321000000002,2441.37392,0.04363,SES,2021-05-15
866184,42,2020-10-12,Brazil,Sao_Paulo,116,301021,SP,3550308,35016.0,Sao_Paulo,6,13134,106.56188999999999,2442.31508,0.04363,SES,2021-05-15
871780,42,2020-10-13,Brazil,Sao_Paulo,188,301209,SP,3550308,35016.0,Sao_Paulo,8,13142,106.6268,2443.8404100000002,0.04363,SES,2021-05-15
877376,42,2020-10-14,Brazil,Sao_Paulo,1014,302223,SP,3550308,35016.0,Sao_Paulo,54,13196,107.06492,2452.06743,0.043660000000000004,SES,2021-05-15
882972,42,2020-10-15,Brazil,Sao_Paulo,1075,303298,SP,3550308,35016.0,Sao_Paulo,22,13218,107.24342,2460.78938,0.04358,SES,2021-05-15
888568,42,2020-10-16,Brazil,Sao_Paulo,0,303298,SP,3550308,35016.0,Sao_Paulo,0,13218,107.24342,2460.78938,0.04358,SES,2021-05-15
894164,42,2020-10-17,Brazil,Sao_Paulo,2081,305379,SP,3550308,35016.0,Sao_Paulo,65,13283,107.77078999999999,2477.67344,0.0435,SES,2021-05-15
899760,43,2020-10-18,Brazil,Sao_Paulo,92,305471,SP,3550308,35016.0,Sao_Paulo,7,13290,107.82758000000001,2478.41988,0.04351,SES,2021-05-15
905356,43,2020-10-19,Brazil,Sao_Paulo,69,305540,SP,3550308,35016.0,Sao_Paulo,4,13294,107.86003999999998,2478.97971,0.04351,SES,2021-05-15
910952,43,2020-10-20,Brazil,Sao_Paulo,888,306428,SP,3550308,35016.0,Sao_Paulo,43,13337,108.20891999999999,2486.18444,0.043519999999999996,SES,2021-05-15
916548,43,2020-10-21,Brazil,Sao_Paulo,802,307230,SP,3550308,35016.0,Sao_Paulo,21,13358,108.3793,2492.69142,0.04348,SES,2021-05-15
922144,43,2020-10-22,Brazil,Sao_Paulo,847,308077,SP,3550308,35016.0,Sao_Paulo,18,13376,108.52533999999999,2499.5635,0.04342,SES,2021-05-15
927740,43,2020-10-23,Brazil,Sao_Paulo,1430,309507,SP,3550308,35016.0,Sao_Paulo,19,13395,108.6795,2511.16571,0.04328,SES,2021-05-15
933336,43,2020-10-24,Brazil,Sao_Paulo,1186,310693,SP,3550308,35016.0,Sao_Paulo,32,13427,108.93913,2520.78825,0.04322,SES,2021-05-15
938932,44,2020-10-25,Brazil,Sao_Paulo,423,311116,SP,3550308,35016.0,Sao_Paulo,4,13431,108.97158,2524.22023,0.04317,SES,2021-05-15
944528,44,2020-10-26,Brazil,Sao_Paulo,185,311301,SP,3550308,35016.0,Sao_Paulo,1,13432,108.97968999999999,2525.72122,0.04315,SES,2021-05-15
950124,44,2020-10-27,Brazil,Sao_Paulo,1331,312632,SP,3550308,35016.0,Sao_Paulo,19,13451,109.13385,2536.52021,0.04303,SES,2021-05-15
955720,44,2020-10-28,Brazil,Sao_Paulo,1088,313720,SP,3550308,35016.0,Sao_Paulo,46,13497,109.50707,2545.34763,0.043019999999999996,SES,2021-05-15
961316,44,2020-10-29,Brazil,Sao_Paulo,1289,315009,SP,3550308,35016.0,Sao_Paulo,36,13533,109.79915,2555.80585,0.042960000000000005,SES,2021-05-15
966912,44,2020-10-30,Brazil,Sao_Paulo,1256,316265,SP,3550308,35016.0,Sao_Paulo,48,13581,110.1886,2565.9963199999997,0.04294,SES,2021-05-15
972508,44,2020-10-31,Brazil,Sao_Paulo,705,316970,SP,3550308,35016.0,Sao_Paulo,16,13597,110.31841000000001,2571.7163,0.0429,SES,2021-05-15
978104,45,2020-11-01,Brazil,Sao_Paulo,0,316970,SP,3550308,35016.0,Sao_Paulo,0,13597,110.31841000000001,2571.7163,0.0429,SES,2021-05-15
983700,45,2020-11-02,Brazil,Sao_Paulo,376,317346,SP,3550308,35016.0,Sao_Paulo,8,13605,110.38332,2574.76695,0.04287,SES,2021-05-15
989296,45,2020-11-03,Brazil,Sao_Paulo,187,317533,SP,3550308,35016.0,Sao_Paulo,1,13606,110.39143,2576.28416,0.04285,SES,2021-05-15
994892,45,2020-11-04,Brazil,Sao_Paulo,1000,318533,SP,3550308,35016.0,Sao_Paulo,54,13660,110.82956000000001,2584.3976,0.04288,SES,2021-05-15
1000488,45,2020-11-05,Brazil,Sao_Paulo,623,319156,SP,3550308,35016.0,Sao_Paulo,55,13715,111.2758,2589.4522699999998,0.04297,SES,2021-05-15
1006084,45,2020-11-06,Brazil,Sao_Paulo,0,319156,SP,3550308,35016.0,Sao_Paulo,0,13715,111.2758,2589.4522699999998,0.04297,SES,2021-05-15
1011680,45,2020-11-07,Brazil,Sao_Paulo,0,319156,SP,3550308,35016.0,Sao_Paulo,0,13715,111.2758,2589.4522699999998,0.04297,SES,2021-05-15
1017276,46,2020-11-08,Brazil,Sao_Paulo,0,319156,SP,3550308,35016.0,Sao_Paulo,0,13715,111.2758,2589.4522699999998,0.04297,SES,2021-05-15
1022872,46,2020-11-09,Brazil,Sao_Paulo,0,319156,SP,3550308,35016.0,Sao_Paulo,0,13715,111.2758,2589.4522699999998,0.04297,SES,2021-05-15
1028468,46,2020-11-10,Brazil,Sao_Paulo,5306,324462,SP,3550308,35016.0,Sao_Paulo,0,13715,111.2758,2632.5021699999998,0.04227,SES,2021-05-15
1034064,46,2020-11-11,Brazil,Sao_Paulo,946,325408,SP,3550308,35016.0,Sao_Paulo,52,13767,111.69769,2640.1774800000003,0.04231,SES,2021-05-15
1039660,46,2020-11-12,Brazil,Sao_Paulo,1777,327185,SP,3550308,35016.0,Sao_Paulo,73,13840,112.28998,2654.59506,0.0423,SES,2021-05-15
1045256,46,2020-11-13,Brazil,Sao_Paulo,1768,328953,SP,3550308,35016.0,Sao_Paulo,0,13840,112.28998,2668.93962,0.042069999999999996,SES,2021-05-15
1050852,46,2020-11-14,Brazil,Sao_Paulo,1313,330266,SP,3550308,35016.0,Sao_Paulo,109,13949,113.17433999999999,2679.59256,0.04224,SES,2021-05-15
1056448,47,2020-11-15,Brazil,Sao_Paulo,300,330566,SP,3550308,35016.0,Sao_Paulo,3,13952,113.19868000000001,2682.02659,0.042210000000000004,SES,2021-05-15
1062044,47,2020-11-16,Brazil,Sao_Paulo,187,330753,SP,3550308,35016.0,Sao_Paulo,6,13958,113.24736000000001,2683.54381,0.0422,SES,2021-05-15
1067640,47,2020-11-17,Brazil,Sao_Paulo,2256,333009,SP,3550308,35016.0,Sao_Paulo,49,14007,113.64492,2701.8477199999998,0.04206,SES,2021-05-15
1073236,47,2020-11-18,Brazil,Sao_Paulo,1724,334733,SP,3550308,35016.0,Sao_Paulo,60,14067,114.13173,2715.83529,0.04202,SES,2021-05-15
1078832,47,2020-11-19,Brazil,Sao_Paulo,1970,336703,SP,3550308,35016.0,Sao_Paulo,34,14101,114.40758000000001,2731.81876,0.04188,SES,2021-05-15
1084428,47,2020-11-20,Brazil,Sao_Paulo,0,336703,SP,3550308,35016.0,Sao_Paulo,0,14101,114.40758000000001,2731.81876,0.04188,SES,2021-05-15
1090024,47,2020-11-21,Brazil,Sao_Paulo,3834,340537,SP,3550308,35016.0,Sao_Paulo,68,14169,114.9593,2762.9256800000003,0.04161,SES,2021-05-15
1095620,48,2020-11-22,Brazil,Sao_Paulo,498,341035,SP,3550308,35016.0,Sao_Paulo,6,14175,115.00798,2766.96617,0.04156,SES,2021-05-15
1101216,48,2020-11-23,Brazil,Sao_Paulo,305,341340,SP,3550308,35016.0,Sao_Paulo,4,14179,115.04043,2769.4407699999997,0.04154,SES,2021-05-15
1106812,48,2020-11-24,Brazil,Sao_Paulo,1482,342822,SP,3550308,35016.0,Sao_Paulo,37,14216,115.34063,2781.46488,0.04147,SES,2021-05-15
1112408,48,2020-11-25,Brazil,Sao_Paulo,2623,345445,SP,3550308,35016.0,Sao_Paulo,45,14261,115.70573,2802.74643,0.041280000000000004,SES,2021-05-15
1118004,48,2020-11-26,Brazil,Sao_Paulo,1210,346655,SP,3550308,35016.0,Sao_Paulo,47,14308,116.08706000000001,2812.56369,0.04127,SES,2021-05-15
1123600,48,2020-11-27,Brazil,Sao_Paulo,970,347625,SP,3550308,35016.0,Sao_Paulo,32,14340,116.34669,2820.43372,0.04125,SES,2021-05-15
1129196,48,2020-11-28,Brazil,Sao_Paulo,1408,349033,SP,3550308,35016.0,Sao_Paulo,44,14384,116.70369,2831.8574399999998,0.041210000000000004,SES,2021-05-15
1134792,49,2020-11-29,Brazil,Sao_Paulo,589,349622,SP,3550308,35016.0,Sao_Paulo,10,14394,116.78482,2836.63626,0.04117,SES,2021-05-15
1140388,49,2020-11-30,Brazil,Sao_Paulo,290,349912,SP,3550308,35016.0,Sao_Paulo,7,14401,116.84161,2838.98916,0.04116,SES,2021-05-15
1145984,49,2020-12-01,Brazil,Sao_Paulo,2232,352144,SP,3550308,35016.0,Sao_Paulo,69,14470,117.40144,2857.09835,0.041089999999999995,SES,2021-05-15
1151580,49,2020-12-02,Brazil,Sao_Paulo,2059,354203,SP,3550308,35016.0,Sao_Paulo,48,14518,117.79088999999999,2873.80392,0.04099,SES,2021-05-15
1157176,49,2020-12-03,Brazil,Sao_Paulo,2075,356278,SP,3550308,35016.0,Sao_Paulo,84,14602,118.47241000000001,2890.6393,0.04098,SES,2021-05-15
1162772,49,2020-12-04,Brazil,Sao_Paulo,2112,358390,SP,3550308,35016.0,Sao_Paulo,35,14637,118.75639,2907.77488,0.040839999999999994,SES,2021-05-15
1168368,49,2020-12-05,Brazil,Sao_Paulo,2149,360539,SP,3550308,35016.0,Sao_Paulo,56,14693,119.21073999999999,2925.21066,0.04075,SES,2021-05-15
1173964,50,2020-12-06,Brazil,Sao_Paulo,643,361182,SP,3550308,35016.0,Sao_Paulo,5,14698,119.2513,2930.4276,0.04069,SES,2021-05-15
1179560,50,2020-12-07,Brazil,Sao_Paulo,268,361450,SP,3550308,35016.0,Sao_Paulo,7,14705,119.3081,2932.602,0.04068,SES,2021-05-15
1185156,50,2020-12-08,Brazil,Sao_Paulo,2045,363495,SP,3550308,35016.0,Sao_Paulo,56,14761,119.76245,2949.19398,0.04061,SES,2021-05-15
1190752,50,2020-12-09,Brazil,Sao_Paulo,2175,365670,SP,3550308,35016.0,Sao_Paulo,44,14805,120.11944,2966.84071,0.04049,SES,2021-05-15
1196348,50,2020-12-10,Brazil,Sao_Paulo,1996,367666,SP,3550308,35016.0,Sao_Paulo,63,14868,120.63058999999998,2983.03513,0.04044,SES,2021-05-15
1201944,50,2020-12-11,Brazil,Sao_Paulo,1954,369620,SP,3550308,35016.0,Sao_Paulo,38,14906,120.9389,2998.88878,0.04033,SES,2021-05-15
1207540,50,2020-12-12,Brazil,Sao_Paulo,1848,371468,SP,3550308,35016.0,Sao_Paulo,38,14944,121.24721000000001,3013.88242,0.04023,SES,2021-05-15
1213136,51,2020-12-13,Brazil,Sao_Paulo,201,371669,SP,3550308,35016.0,Sao_Paulo,24,14968,121.44193,3015.51322,0.04027,SES,2021-05-15
1218732,51,2020-12-14,Brazil,Sao_Paulo,290,371959,SP,3550308,35016.0,Sao_Paulo,16,14984,121.57175,3017.86611,0.04028,SES,2021-05-15
1224328,51,2020-12-15,Brazil,Sao_Paulo,916,372875,SP,3550308,35016.0,Sao_Paulo,70,15054,122.13968999999999,3025.2980199999997,0.040369999999999996,SES,2021-05-15
1229924,51,2020-12-16,Brazil,Sao_Paulo,0,372875,SP,3550308,35016.0,Sao_Paulo,0,15054,122.13968999999999,3025.2980199999997,0.040369999999999996,SES,2021-05-15
1235520,51,2020-12-17,Brazil,Sao_Paulo,4632,377507,SP,3550308,35016.0,Sao_Paulo,121,15175,123.12141000000001,3062.87947,0.0402,SES,2021-05-15
1241116,51,2020-12-18,Brazil,Sao_Paulo,2025,379532,SP,3550308,35016.0,Sao_Paulo,48,15223,123.51086000000001,3079.30918,0.04011,SES,2021-05-15
1246712,51,2020-12-19,Brazil,Sao_Paulo,2498,382030,SP,3550308,35016.0,Sao_Paulo,43,15266,123.85973999999999,3099.57654,0.03996,SES,2021-05-15
1252308,52,2020-12-20,Brazil,Sao_Paulo,0,382030,SP,3550308,35016.0,Sao_Paulo,0,15266,123.85973999999999,3099.57654,0.03996,SES,2021-05-15
1257904,52,2020-12-21,Brazil,Sao_Paulo,730,382760,SP,3550308,35016.0,Sao_Paulo,14,15280,123.97333,3105.49935,0.03992,SES,2021-05-15
1263500,52,2020-12-22,Brazil,Sao_Paulo,2351,385111,SP,3550308,35016.0,Sao_Paulo,54,15334,124.41145,3124.57404,0.03982,SES,2021-05-15
1269096,52,2020-12-23,Brazil,Sao_Paulo,2413,387524,SP,3550308,35016.0,Sao_Paulo,50,15384,124.81711999999999,3144.15177,0.0397,SES,2021-05-15
1274692,52,2020-12-24,Brazil,Sao_Paulo,2298,389822,SP,3550308,35016.0,Sao_Paulo,56,15440,125.27148000000001,3162.79645,0.03961,SES,2021-05-15
1280288,52,2020-12-25,Brazil,Sao_Paulo,1012,390834,SP,3550308,35016.0,Sao_Paulo,9,15449,125.3445,3171.00725,0.03953,SES,2021-05-15
1285884,52,2020-12-26,Brazil,Sao_Paulo,423,391257,SP,3550308,35016.0,Sao_Paulo,7,15456,125.40128999999999,3174.43923,0.0395,SES,2021-05-15
1291480,53,2020-12-27,Brazil,Sao_Paulo,660,391917,SP,3550308,35016.0,Sao_Paulo,7,15463,125.45808000000001,3179.7941,0.03945,SES,2021-05-15
1297076,53,2020-12-28,Brazil,Sao_Paulo,484,392401,SP,3550308,35016.0,Sao_Paulo,14,15477,125.57167,3183.721,0.039439999999999996,SES,2021-05-15
1302672,53,2020-12-29,Brazil,Sao_Paulo,3445,395846,SP,3550308,35016.0,Sao_Paulo,64,15541,126.09093,3211.6718,0.03926,SES,2021-05-15
1308268,53,2020-12-30,Brazil,Sao_Paulo,0,395846,SP,3550308,35016.0,Sao_Paulo,0,15541,126.09093,3211.6718,0.03926,SES,2021-05-15
1313864,53,2020-12-31,Brazil,Sao_Paulo,5872,401718,SP,3550308,35016.0,Sao_Paulo,138,15679,127.21059,3259.3139,0.03903,SES,2021-05-15
1319460,53,2021-01-01,Brazil,Sao_Paulo,0,401718,SP,3550308,35016.0,Sao_Paulo,0,15679,127.21059,3259.3139,0.03903,SES,2021-05-15
1325056,53,2021-01-02,Brazil,Sao_Paulo,1670,403388,SP,3550308,35016.0,Sao_Paulo,37,15716,127.51078000000001,3272.86334,0.03896,SES,2021-05-15
1330652,101,2021-01-03,Brazil,Sao_Paulo,637,404025,SP,3550308,35016.0,Sao_Paulo,9,15725,127.58381000000001,3278.0316,0.038919999999999996,SES,2021-05-15
1336248,101,2021-01-04,Brazil,Sao_Paulo,551,404576,SP,3550308,35016.0,Sao_Paulo,18,15743,127.72985,3282.5021100000004,0.03891,SES,2021-05-15
1341844,101,2021-01-05,Brazil,Sao_Paulo,2981,407557,SP,3550308,35016.0,Sao_Paulo,93,15836,128.4844,3306.6882600000004,0.038860000000000006,SES,2021-05-15
1347440,101,2021-01-06,Brazil,Sao_Paulo,3208,410765,SP,3550308,35016.0,Sao_Paulo,74,15910,129.08479,3332.71617,0.03873,SES,2021-05-15
1353036,101,2021-01-07,Brazil,Sao_Paulo,3127,413892,SP,3550308,35016.0,Sao_Paulo,60,15970,129.5716,3358.08689,0.03858,SES,2021-05-15
1358632,101,2021-01-08,Brazil,Sao_Paulo,3329,417221,SP,3550308,35016.0,Sao_Paulo,70,16040,130.13953999999998,3385.0965200000005,0.038439999999999995,SES,2021-05-15
1364228,101,2021-01-09,Brazil,Sao_Paulo,2775,419996,SP,3550308,35016.0,Sao_Paulo,73,16113,130.73182,3407.6113100000002,0.038360000000000005,SES,2021-05-15
1369824,102,2021-01-10,Brazil,Sao_Paulo,943,420939,SP,3550308,35016.0,Sao_Paulo,17,16130,130.86975,3415.26228,0.03832,SES,2021-05-15
1375420,102,2021-01-11,Brazil,Sao_Paulo,675,421614,SP,3550308,35016.0,Sao_Paulo,12,16142,130.96711000000002,3420.73886,0.03829,SES,2021-05-15
1381016,102,2021-01-12,Brazil,Sao_Paulo,2638,424252,SP,3550308,35016.0,Sao_Paulo,66,16208,131.5026,3442.1421,0.0382,SES,2021-05-15
1386612,102,2021-01-13,Brazil,Sao_Paulo,3580,427832,SP,3550308,35016.0,Sao_Paulo,83,16291,132.17601000000002,3471.1882100000003,0.03808,SES,2021-05-15
1392208,102,2021-01-14,Brazil,Sao_Paulo,2870,430702,SP,3550308,35016.0,Sao_Paulo,97,16388,132.96301,3494.47378,0.03805,SES,2021-05-15
1397804,102,2021-01-15,Brazil,Sao_Paulo,3466,434168,SP,3550308,35016.0,Sao_Paulo,98,16486,133.75813,3522.59495,0.03797,SES,2021-05-15
1403400,102,2021-01-16,Brazil,Sao_Paulo,3061,437229,SP,3550308,35016.0,Sao_Paulo,75,16561,134.36664,3547.43018,0.037880000000000004,SES,2021-05-15
1408996,103,2021-01-17,Brazil,Sao_Paulo,1140,438369,SP,3550308,35016.0,Sao_Paulo,19,16580,134.52078999999998,3556.6795,0.03782,SES,2021-05-15
1414592,103,2021-01-18,Brazil,Sao_Paulo,642,439011,SP,3550308,35016.0,Sao_Paulo,12,16592,134.61816000000002,3561.8883299999998,0.03779,SES,2021-05-15
1420188,103,2021-01-19,Brazil,Sao_Paulo,3466,442477,SP,3550308,35016.0,Sao_Paulo,75,16667,135.22666,3590.0095,0.03767,SES,2021-05-15
1425784,103,2021-01-20,Brazil,Sao_Paulo,3399,445876,SP,3550308,35016.0,Sao_Paulo,105,16772,136.07856999999998,3617.58708,0.03762,SES,2021-05-15
1431380,103,2021-01-21,Brazil,Sao_Paulo,2868,448744,SP,3550308,35016.0,Sao_Paulo,83,16855,136.75198999999998,3640.85642,0.03756,SES,2021-05-15
1436976,103,2021-01-22,Brazil,Sao_Paulo,1716,450460,SP,3550308,35016.0,Sao_Paulo,60,16915,137.2388,3654.7790700000005,0.03755,SES,2021-05-15
1442572,103,2021-01-23,Brazil,Sao_Paulo,3001,453461,SP,3550308,35016.0,Sao_Paulo,61,16976,137.73372,3679.1275,0.03744,SES,2021-05-15
1448168,104,2021-01-24,Brazil,Sao_Paulo,894,454355,SP,3550308,35016.0,Sao_Paulo,12,16988,137.83108000000001,3686.3809100000003,0.03739,SES,2021-05-15
1453764,104,2021-01-25,Brazil,Sao_Paulo,545,454900,SP,3550308,35016.0,Sao_Paulo,16,17004,137.96088999999998,3690.8027399999996,0.037380000000000004,SES,2021-05-15
1459360,104,2021-01-26,Brazil,Sao_Paulo,1167,456067,SP,3550308,35016.0,Sao_Paulo,19,17023,138.11505,3700.2711200000003,0.03733,SES,2021-05-15
1464956,104,2021-01-27,Brazil,Sao_Paulo,3293,459360,SP,3550308,35016.0,Sao_Paulo,108,17131,138.9913,3726.98867,0.03729,SES,2021-05-15
1470552,104,2021-01-28,Brazil,Sao_Paulo,3545,462905,SP,3550308,35016.0,Sao_Paulo,68,17199,139.54301,3755.7508,0.03715,SES,2021-05-15
1476148,104,2021-01-29,Brazil,Sao_Paulo,3267,466172,SP,3550308,35016.0,Sao_Paulo,51,17250,139.9568,3782.2574,0.037,SES,2021-05-15
1481744,104,2021-01-30,Brazil,Sao_Paulo,2721,468893,SP,3550308,35016.0,Sao_Paulo,59,17309,140.43549,3804.3340700000003,0.036910000000000005,SES,2021-05-15
1487340,105,2021-01-31,Brazil,Sao_Paulo,764,469657,SP,3550308,35016.0,Sao_Paulo,24,17333,140.63021,3810.53273,0.036910000000000005,SES,2021-05-15
1492936,105,2021-02-01,Brazil,Sao_Paulo,468,470125,SP,3550308,35016.0,Sao_Paulo,8,17341,140.69512,3814.3298200000004,0.03689,SES,2021-05-15
1498532,105,2021-02-02,Brazil,Sao_Paulo,3138,473263,SP,3550308,35016.0,Sao_Paulo,71,17412,141.27116999999998,3839.78979,0.036789999999999996,SES,2021-05-15
1504128,105,2021-02-03,Brazil,Sao_Paulo,3036,476299,SP,3550308,35016.0,Sao_Paulo,62,17474,141.77421,3864.42219,0.03669,SES,2021-05-15
1509724,105,2021-02-04,Brazil,Sao_Paulo,3213,479512,SP,3550308,35016.0,Sao_Paulo,49,17523,142.17177,3890.49066,0.036539999999999996,SES,2021-05-15
1515320,105,2021-02-05,Brazil,Sao_Paulo,2422,481934,SP,3550308,35016.0,Sao_Paulo,60,17583,142.65857,3910.14141,0.03648,SES,2021-05-15
1520916,105,2021-02-06,Brazil,Sao_Paulo,2419,484353,SP,3550308,35016.0,Sao_Paulo,49,17632,143.05613,3929.7678100000003,0.0364,SES,2021-05-15
1526512,106,2021-02-07,Brazil,Sao_Paulo,802,485155,SP,3550308,35016.0,Sao_Paulo,18,17650,143.20217,3936.27479,0.03638,SES,2021-05-15
1532108,106,2021-02-08,Brazil,Sao_Paulo,554,485709,SP,3550308,35016.0,Sao_Paulo,16,17666,143.33199,3940.76963,0.03637,SES,2021-05-15
1537704,106,2021-02-09,Brazil,Sao_Paulo,2737,488446,SP,3550308,35016.0,Sao_Paulo,93,17759,144.08653999999999,3962.97611,0.03636,SES,2021-05-15
1543300,106,2021-02-10,Brazil,Sao_Paulo,2810,491256,SP,3550308,35016.0,Sao_Paulo,63,17822,144.59768,3985.77487,0.03628,SES,2021-05-15
1548896,106,2021-02-11,Brazil,Sao_Paulo,2153,493409,SP,3550308,35016.0,Sao_Paulo,71,17893,145.17373999999998,4003.2431,0.03626,SES,2021-05-15
1554492,106,2021-02-12,Brazil,Sao_Paulo,2529,495938,SP,3550308,35016.0,Sao_Paulo,61,17954,145.66866000000002,4023.76199,0.0362,SES,2021-05-15
1560088,106,2021-02-13,Brazil,Sao_Paulo,2203,498141,SP,3550308,35016.0,Sao_Paulo,28,17982,145.89583000000002,4041.63589,0.0361,SES,2021-05-15
1565684,107,2021-02-14,Brazil,Sao_Paulo,585,498726,SP,3550308,35016.0,Sao_Paulo,18,18000,146.04188,4046.38225,0.03609,SES,2021-05-15
1571280,107,2021-02-15,Brazil,Sao_Paulo,552,499278,SP,3550308,35016.0,Sao_Paulo,10,18010,146.12301000000002,4050.8608700000004,0.03607,SES,2021-05-15
1576876,107,2021-02-16,Brazil,Sao_Paulo,2347,501625,SP,3550308,35016.0,Sao_Paulo,71,18081,146.69906,4069.90311,0.036039999999999996,SES,2021-05-15
1582472,107,2021-02-17,Brazil,Sao_Paulo,2685,504310,SP,3550308,35016.0,Sao_Paulo,63,18144,147.21021000000002,4091.6876899999997,0.03598,SES,2021-05-15
1588068,107,2021-02-18,Brazil,Sao_Paulo,2495,506805,SP,3550308,35016.0,Sao_Paulo,48,18192,147.59966,4111.9307100000005,0.0359,SES,2021-05-15
1593664,107,2021-02-19,Brazil,Sao_Paulo,2139,508944,SP,3550308,35016.0,Sao_Paulo,44,18236,147.95665,4129.28536,0.03583,SES,2021-05-15
1599260,107,2021-02-20,Brazil,Sao_Paulo,2151,511095,SP,3550308,35016.0,Sao_Paulo,50,18286,148.36231999999998,4146.73736,0.03578,SES,2021-05-15
1604856,108,2021-02-21,Brazil,Sao_Paulo,829,511924,SP,3550308,35016.0,Sao_Paulo,20,18306,148.52459,4153.4634,0.03576,SES,2021-05-15
1610452,108,2021-02-22,Brazil,Sao_Paulo,707,512631,SP,3550308,35016.0,Sao_Paulo,15,18321,148.64629,4159.1996,0.03574,SES,2021-05-15
1616048,108,2021-02-23,Brazil,Sao_Paulo,2282,514913,SP,3550308,35016.0,Sao_Paulo,70,18391,149.21423000000001,4177.71446,0.03572,SES,2021-05-15
1621644,108,2021-02-24,Brazil,Sao_Paulo,2449,517362,SP,3550308,35016.0,Sao_Paulo,78,18469,149.84708,4197.58427,0.0357,SES,2021-05-15
1627240,108,2021-02-25,Brazil,Sao_Paulo,2592,519954,SP,3550308,35016.0,Sao_Paulo,60,18529,150.33388,4218.6143,0.03564,SES,2021-05-15
1632836,108,2021-02-26,Brazil,Sao_Paulo,2133,522087,SP,3550308,35016.0,Sao_Paulo,44,18573,150.69088,4235.9202700000005,0.03557,SES,2021-05-15
1638432,108,2021-02-27,Brazil,Sao_Paulo,1914,524001,SP,3550308,35016.0,Sao_Paulo,50,18623,151.09655,4251.44938,0.035539999999999995,SES,2021-05-15
1644028,109,2021-02-28,Brazil,Sao_Paulo,857,524858,SP,3550308,35016.0,Sao_Paulo,19,18642,151.2507,4258.4026,0.035519999999999996,SES,2021-05-15
1649624,109,2021-03-01,Brazil,Sao_Paulo,737,525595,SP,3550308,35016.0,Sao_Paulo,25,18667,151.45354,4264.3822,0.035519999999999996,SES,2021-05-15
1655220,109,2021-03-02,Brazil,Sao_Paulo,1920,527515,SP,3550308,35016.0,Sao_Paulo,102,18769,152.28111,4279.96,0.03558,SES,2021-05-15
1660816,109,2021-03-03,Brazil,Sao_Paulo,2668,530183,SP,3550308,35016.0,Sao_Paulo,67,18836,152.82471,4301.60666,0.03553,SES,2021-05-15
1666412,109,2021-03-04,Brazil,Sao_Paulo,2572,532755,SP,3550308,35016.0,Sao_Paulo,63,18899,153.33586,4322.4744200000005,0.03547,SES,2021-05-15
1672008,109,2021-03-05,Brazil,Sao_Paulo,2862,535617,SP,3550308,35016.0,Sao_Paulo,74,18973,153.93625,4345.695070000001,0.03542,SES,2021-05-15
1677604,109,2021-03-06,Brazil,Sao_Paulo,2716,538333,SP,3550308,35016.0,Sao_Paulo,70,19043,154.50419,4367.73117,0.03537,SES,2021-05-15
1683200,110,2021-03-07,Brazil,Sao_Paulo,1350,539683,SP,3550308,35016.0,Sao_Paulo,9,19052,154.57721,4378.684310000001,0.0353,SES,2021-05-15
1688796,110,2021-03-08,Brazil,Sao_Paulo,1067,540750,SP,3550308,35016.0,Sao_Paulo,65,19117,155.10459,4387.34135,0.03535,SES,2021-05-15
1694392,110,2021-03-09,Brazil,Sao_Paulo,3313,544063,SP,3550308,35016.0,Sao_Paulo,90,19207,155.83479,4414.221170000001,0.0353,SES,2021-05-15
1699988,110,2021-03-10,Brazil,Sao_Paulo,3321,547384,SP,3550308,35016.0,Sao_Paulo,93,19300,156.58934,4441.16589,0.03526,SES,2021-05-15
1705584,110,2021-03-11,Brazil,Sao_Paulo,3270,550654,SP,3550308,35016.0,Sao_Paulo,87,19387,157.29521,4467.69684,0.035210000000000005,SES,2021-05-15
1711180,110,2021-03-12,Brazil,Sao_Paulo,3097,553751,SP,3550308,35016.0,Sao_Paulo,86,19473,157.99296999999999,4492.82415,0.03517,SES,2021-05-15
1716776,110,2021-03-13,Brazil,Sao_Paulo,3118,556869,SP,3550308,35016.0,Sao_Paulo,93,19566,158.74752,4518.12185,0.03514,SES,2021-05-15
1722372,111,2021-03-14,Brazil,Sao_Paulo,1645,558514,SP,3550308,35016.0,Sao_Paulo,34,19600,159.02338,4531.46845,0.035089999999999996,SES,2021-05-15
1727968,111,2021-03-15,Brazil,Sao_Paulo,1303,559817,SP,3550308,35016.0,Sao_Paulo,35,19635,159.30735,4542.04026,0.03507,SES,2021-05-15
1733564,111,2021-03-16,Brazil,Sao_Paulo,3829,563646,SP,3550308,35016.0,Sao_Paulo,154,19789,160.55682,4573.1066200000005,0.03511,SES,2021-05-15
1739160,111,2021-03-17,Brazil,Sao_Paulo,3971,567617,SP,3550308,35016.0,Sao_Paulo,108,19897,161.43307,4605.32508,0.03505,SES,2021-05-15
1744756,111,2021-03-18,Brazil,Sao_Paulo,3741,571358,SP,3550308,35016.0,Sao_Paulo,179,20076,162.88537,4635.67745,0.03514,SES,2021-05-15
1750352,111,2021-03-19,Brazil,Sao_Paulo,3973,575331,SP,3550308,35016.0,Sao_Paulo,160,20236,164.18352,4667.91213,0.03517,SES,2021-05-15
1755948,111,2021-03-20,Brazil,Sao_Paulo,4049,579380,SP,3550308,35016.0,Sao_Paulo,116,20352,165.12468,4700.76344,0.03513,SES,2021-05-15
1761544,112,2021-03-21,Brazil,Sao_Paulo,1633,581013,SP,3550308,35016.0,Sao_Paulo,16,20368,165.2545,4714.01269,0.03506,SES,2021-05-15
1767140,112,2021-03-22,Brazil,Sao_Paulo,1232,582245,SP,3550308,35016.0,Sao_Paulo,20,20388,165.41676,4724.00844,0.035019999999999996,SES,2021-05-15
1772736,112,2021-03-23,Brazil,Sao_Paulo,4149,586394,SP,3550308,35016.0,Sao_Paulo,246,20634,167.41267,4757.67109,0.03519,SES,2021-05-15
1778332,112,2021-03-24,Brazil,Sao_Paulo,4491,590885,SP,3550308,35016.0,Sao_Paulo,66,20700,167.94816,4794.10854,0.03503,SES,2021-05-15
1783928,112,2021-03-25,Brazil,Sao_Paulo,4214,595099,SP,3550308,35016.0,Sao_Paulo,143,20843,169.10838,4828.29857,0.035019999999999996,SES,2021-05-15
1789524,112,2021-03-26,Brazil,Sao_Paulo,4241,599340,SP,3550308,35016.0,Sao_Paulo,288,21131,171.44505,4862.70766,0.03526,SES,2021-05-15
1795120,112,2021-03-27,Brazil,Sao_Paulo,3709,603049,SP,3550308,35016.0,Sao_Paulo,277,21408,173.69247,4892.8004,0.0355,SES,2021-05-15
1800716,113,2021-03-28,Brazil,Sao_Paulo,2010,605059,SP,3550308,35016.0,Sao_Paulo,32,21440,173.9521,4909.1084,0.03543,SES,2021-05-15
1806312,113,2021-03-29,Brazil,Sao_Paulo,1242,606301,SP,3550308,35016.0,Sao_Paulo,118,21558,174.90948999999998,4919.185289999999,0.03556,SES,2021-05-15
1811908,113,2021-03-30,Brazil,Sao_Paulo,4748,611049,SP,3550308,35016.0,Sao_Paulo,279,21837,177.17314,4957.7079,0.03574,SES,2021-05-15
1817504,113,2021-03-31,Brazil,Sao_Paulo,8348,619397,SP,3550308,35016.0,Sao_Paulo,291,22128,179.53415,5025.43887,0.03573,SES,2021-05-15
1823100,113,2021-04-01,Brazil,Sao_Paulo,8646,628043,SP,3550308,35016.0,Sao_Paulo,297,22425,181.94384,5095.58765,0.035710000000000006,SES,2021-05-15
1828696,113,2021-04-02,Brazil,Sao_Paulo,3743,631786,SP,3550308,35016.0,Sao_Paulo,248,22673,183.95597,5125.95625,0.03589,SES,2021-05-15
1834292,113,2021-04-03,Brazil,Sao_Paulo,1311,633097,SP,3550308,35016.0,Sao_Paulo,61,22734,184.45089,5136.592970000001,0.035910000000000004,SES,2021-05-15
1839888,114,2021-04-04,Brazil,Sao_Paulo,1359,634456,SP,3550308,35016.0,Sao_Paulo,60,22794,184.9377,5147.61913,0.035930000000000004,SES,2021-05-15
1845484,114,2021-04-05,Brazil,Sao_Paulo,1126,635582,SP,3550308,35016.0,Sao_Paulo,50,22844,185.34337,5156.75486,0.03594,SES,2021-05-15
1851080,114,2021-04-06,Brazil,Sao_Paulo,6740,642322,SP,3550308,35016.0,Sao_Paulo,378,23222,188.41025,5211.439429999999,0.03615,SES,2021-05-15
1856676,114,2021-04-07,Brazil,Sao_Paulo,5123,647445,SP,3550308,35016.0,Sao_Paulo,181,23403,189.87878,5253.00457,0.03615,SES,2021-05-15
1862272,114,2021-04-08,Brazil,Sao_Paulo,4671,652116,SP,3550308,35016.0,Sao_Paulo,347,23750,192.69414,5290.90243,0.03642,SES,2021-05-15
1867868,114,2021-04-09,Brazil,Sao_Paulo,4397,656513,SP,3550308,35016.0,Sao_Paulo,232,23982,194.57646,5326.57722,0.03653,SES,2021-05-15
1873464,114,2021-04-10,Brazil,Sao_Paulo,3679,660192,SP,3550308,35016.0,Sao_Paulo,153,24135,195.81781999999998,5356.42656,0.03656,SES,2021-05-15
1879060,115,2021-04-11,Brazil,Sao_Paulo,1689,661881,SP,3550308,35016.0,Sao_Paulo,106,24241,196.67784,5370.13015,0.03662,SES,2021-05-15
1884656,115,2021-04-12,Brazil,Sao_Paulo,1331,663212,SP,3550308,35016.0,Sao_Paulo,41,24282,197.01049,5380.92914,0.036610000000000004,SES,2021-05-15
1890252,115,2021-04-13,Brazil,Sao_Paulo,3885,667097,SP,3550308,35016.0,Sao_Paulo,323,24605,199.63113,5412.44984,0.03688,SES,2021-05-15
1895848,115,2021-04-14,Brazil,Sao_Paulo,4072,671169,SP,3550308,35016.0,Sao_Paulo,227,24832,201.47288,5445.48776,0.037,SES,2021-05-15
1901444,115,2021-04-15,Brazil,Sao_Paulo,4161,675330,SP,3550308,35016.0,Sao_Paulo,291,25123,203.83389,5479.24777,0.0372,SES,2021-05-15
1907040,115,2021-04-16,Brazil,Sao_Paulo,4256,679586,SP,3550308,35016.0,Sao_Paulo,196,25319,205.42413,5513.77856,0.03726,SES,2021-05-15
1912636,115,2021-04-17,Brazil,Sao_Paulo,3723,683309,SP,3550308,35016.0,Sao_Paulo,207,25526,207.10361,5543.98489,0.037360000000000004,SES,2021-05-15
1918232,116,2021-04-18,Brazil,Sao_Paulo,930,684239,SP,3550308,35016.0,Sao_Paulo,22,25548,207.2821,5551.53039,0.03734,SES,2021-05-15
1923828,116,2021-04-19,Brazil,Sao_Paulo,1126,685365,SP,3550308,35016.0,Sao_Paulo,45,25593,207.64721,5560.66612,0.03734,SES,2021-05-15
1929424,116,2021-04-20,Brazil,Sao_Paulo,3986,689351,SP,3550308,35016.0,Sao_Paulo,223,25816,209.4565,5593.00628,0.03745,SES,2021-05-15
1935020,116,2021-04-21,Brazil,Sao_Paulo,0,689351,SP,3550308,35016.0,Sao_Paulo,0,25816,209.4565,5593.00628,0.03745,SES,2021-05-15
1940616,116,2021-04-22,Brazil,Sao_Paulo,6076,695427,SP,3550308,35016.0,Sao_Paulo,342,26158,212.2313,5642.30353,0.037610000000000005,SES,2021-05-15
1946212,116,2021-04-23,Brazil,Sao_Paulo,4034,699461,SP,3550308,35016.0,Sao_Paulo,231,26389,214.1055,5675.03314,0.03773,SES,2021-05-15
1951808,116,2021-04-24,Brazil,Sao_Paulo,0,699461,SP,3550308,35016.0,Sao_Paulo,0,26389,214.1055,5675.03314,0.03773,SES,2021-05-15
1957404,117,2021-04-25,Brazil,Sao_Paulo,4516,703977,SP,3550308,35016.0,Sao_Paulo,253,26642,216.1582,5711.67342,0.03784,SES,2021-05-15
1963000,117,2021-04-26,Brazil,Sao_Paulo,1021,704998,SP,3550308,35016.0,Sao_Paulo,29,26671,216.39348999999999,5719.95724,0.03783,SES,2021-05-15
1968596,117,2021-04-27,Brazil,Sao_Paulo,0,704998,SP,3550308,35016.0,Sao_Paulo,0,26671,216.39348999999999,5719.95724,0.03783,SES,2021-05-15
1974192,117,2021-04-28,Brazil,Sao_Paulo,0,704998,SP,3550308,35016.0,Sao_Paulo,0,26671,216.39348999999999,5719.95724,0.03783,SES,2021-05-15
1979788,117,2021-04-29,Brazil,Sao_Paulo,0,704998,SP,3550308,35016.0,Sao_Paulo,0,26671,216.39348999999999,5719.95724,0.03783,SES,2021-05-15
1985384,117,2021-04-30,Brazil,Sao_Paulo,13663,718661,SP,3550308,35016.0,Sao_Paulo,697,27368,222.04856,5830.81114,0.03808,SES,2021-05-15
1990980,117,2021-05-01,Brazil,Sao_Paulo,0,718661,SP,3550308,35016.0,Sao_Paulo,0,27368,222.04856,5830.81114,0.03808,SES,2021-05-15
1996576,118,2021-05-02,Brazil,Sao_Paulo,3512,722173,SP,3550308,35016.0,Sao_Paulo,162,27530,223.36293999999998,5859.30553,0.03812,SES,2021-05-15
2002172,118,2021-05-03,Brazil,Sao_Paulo,650,722823,SP,3550308,35016.0,Sao_Paulo,35,27565,223.64691000000002,5864.57926,0.03814,SES,2021-05-15
2007768,118,2021-05-04,Brazil,Sao_Paulo,2724,725547,SP,3550308,35016.0,Sao_Paulo,178,27743,225.0911,5886.680270000001,0.038239999999999996,SES,2021-05-15
2013364,118,2021-05-05,Brazil,Sao_Paulo,2599,728146,SP,3550308,35016.0,Sao_Paulo,145,27888,226.26755,5907.76709,0.0383,SES,2021-05-15
2018960,118,2021-05-06,Brazil,Sao_Paulo,2400,730546,SP,3550308,35016.0,Sao_Paulo,100,27988,227.07889,5927.23934,0.038310000000000004,SES,2021-05-15
2024556,118,2021-05-07,Brazil,Sao_Paulo,2513,733059,SP,3550308,35016.0,Sao_Paulo,143,28131,228.23911,5947.62841,0.03837,SES,2021-05-15
2030152,118,2021-05-08,Brazil,Sao_Paulo,1998,735057,SP,3550308,35016.0,Sao_Paulo,178,28309,229.6833,5963.83906,0.03851,SES,2021-05-15
2035748,119,2021-05-09,Brazil,Sao_Paulo,1285,736342,SP,3550308,35016.0,Sao_Paulo,38,28347,229.99161,5974.26483,0.0385,SES,2021-05-15
2041344,119,2021-05-10,Brazil,Sao_Paulo,538,736880,SP,3550308,35016.0,Sao_Paulo,17,28364,230.12954,5978.62985,0.038489999999999996,SES,2021-05-15
2046940,119,2021-05-11,Brazil,Sao_Paulo,2941,739821,SP,3550308,35016.0,Sao_Paulo,219,28583,231.90639,6002.49147,0.03864,SES,2021-05-15
2052536,119,2021-05-12,Brazil,Sao_Paulo,2808,742629,SP,3550308,35016.0,Sao_Paulo,181,28764,233.37492000000003,6025.27401,0.03873,SES,2021-05-15
2058132,119,2021-05-13,Brazil,Sao_Paulo,2505,745134,SP,3550308,35016.0,Sao_Paulo,111,28875,234.27551,6045.59817,0.03875,SES,2021-05-15
2063728,119,2021-05-14,Brazil,Sao_Paulo,3248,748382,SP,3550308,35016.0,Sao_Paulo,119,28994,235.24101000000002,6071.95061,0.03874,SES,2021-05-15
2069325,119,2021-05-15,Brazil,Sao_Paulo,2732,751114,SP,3550308,35016.0,Sao_Paulo,108,29102,236.11726000000002,6094.1165200000005,0.03875,SES,2021-05-15
2074922,120,2021-05-16,Brazil,Sao_Paulo,1544,752658,SP,3550308,35016.0,Sao_Paulo,24,29126,236.31197999999998,6106.64367,0.0387,MS,2021-05-17
2080519,120,2021-05-17,Brazil,Sao_Paulo,710,753368,SP,3550308,35016.0,Sao_Paulo,20,29146,236.47425,6112.404210000001,0.038689999999999995,MS,2021-05-17
