Reported_date,Country,City,total_confirmed_cases,Population,Census_year,cases_per_million
2020-05-20,Brasil,Sao Paulo,69859,12106920,2017,5770.0
2020-05-20,Estados Unidos,New York,354370,8398748,2018,42193.0
2020-05-21,Brasil,Sao Paulo,73739,12106920,2017,6091.0
2020-05-21,Estados Unidos,New York,356458,8398748,2018,42442.0
2020-05-22,Brasil,Sao Paulo,76871,12106920,2017,6349.0
2020-05-22,Estados Unidos,New York,358154,8398748,2018,42644.0
2020-05-23,Brasil,Sao Paulo,76871,12106920,2017,6349.0
2020-05-23,Estados Unidos,New York,359926,8398748,2018,42855.0
2020-05-24,Brasil,Sao Paulo,82161,12106920,2017,6786.0
2020-05-24,Estados Unidos,New York,361515,8398748,2018,43044.0
2020-05-25,Brasil,Sao Paulo,83625,12106920,2017,6907.0
2020-05-25,Estados Unidos,New York,362764,8398748,2018,43193.0
2020-05-26,Brasil,Sao Paulo,806017,12106920,2017,66575.0
2020-05-26,Estados Unidos,New York,363836,8398748,2018,43320.0
2020-05-27,Brasil,Sao Paulo,89483,12106920,2017,7391.0
2020-05-27,Estados Unidos,New York,364965,8398748,2018,43455.0
2020-05-28,Brasil,Sao Paulo,95865,12106920,2017,7918.0
2020-05-28,Estados Unidos,New York,366733,8398748,2018,43665.0
2020-05-29,Brasil,Sao Paulo,101556,12106920,2017,8388.0
2020-05-29,Estados Unidos,New York,368284,8398748,2018,43850.0
2020-05-30,Brasil,Sao Paulo,107142,12106920,2017,8850.0
2020-05-30,Estados Unidos,New York,369660,8398748,2018,44014.0
2020-05-31,Brasil,Sao Paulo,109698,12106920,2017,9061.0
2020-05-31,Estados Unidos,New York,370770,8398748,2018,44146.0
2020-06-01,Brasil,Sao Paulo,111296,12106920,2017,9193.0
2020-06-01,Estados Unidos,New York,371711,8398748,2018,44258.0
2020-06-02,Brasil,Sao Paulo,118295,12106920,2017,9771.0
2020-06-02,Estados Unidos,New York,373040,8398748,2018,44416.0
2020-06-03,Brasil,Sao Paulo,123483,12106920,2017,10199.0
2020-06-03,Estados Unidos,New York,374085,8398748,2018,44541.0
2020-06-04,Brasil,Sao Paulo,129200,12106920,2017,10672.0
2020-06-04,Estados Unidos,New York,375133,8398748,2018,44665.0
2020-06-05,Brasil,Sao Paulo,129200,12106920,2017,10672.0
2020-06-05,Estados Unidos,New York,376208,8398748,2018,44793.0
2020-06-06,Brasil,Sao Paulo,140549,12106920,2017,11609.0
2020-06-06,Estados Unidos,New York,377316,8398748,2018,44925.0
2020-06-07,Brasil,Sao Paulo,74796,12252023,2017,6105.0
2020-06-07,Estados Unidos,New York,378097,8398748,2018,45018.0
2020-06-08,Brasil,Sao Paulo,74796,12252023,2017,6105.0
2020-06-08,Estados Unidos,New York,378799,8398748,2018,45102.0
2020-06-09,Brasil,Sao Paulo,74796,12252023,2017,6105.0
2020-06-09,Estados Unidos,New York,379482,8398748,2018,45183.0
2020-06-10,Brasil,Sao Paulo,80457,12252023,2017,6567.0
2020-06-10,Estados Unidos,New York,380156,8398748,2018,45263.0
2020-06-11,Brasil,Sao Paulo,83076,12252023,2017,6781.0
2020-06-11,Estados Unidos,New York,380892,8398748,2018,45351.0
2020-06-12,Brasil,Sao Paulo,85622,12252023,2017,6988.0
2020-06-12,Estados Unidos,New York,381714,8398748,2018,45449.0
2020-06-13,Brasil,Sao Paulo,89025,12252023,2017,7266.0
2020-06-13,Estados Unidos,New York,382630,8398748,2018,45558.0
2020-06-14,Brasil,Sao Paulo,91198,12252023,2017,7444.0
2020-06-14,Estados Unidos,New York,383324,8398748,2018,45641.0
2020-06-15,Brasil,Sao Paulo,93448,12252023,2017,7627.0
2020-06-15,Estados Unidos,New York,383944,8398748,2018,45714.0
2020-06-16,Brasil,Sao Paulo,97676,12252023,2017,7972.0
2020-06-16,Estados Unidos,New York,384575,8398748,2018,45790.0
2020-06-17,Brasil,Sao Paulo,98132,12252023,2017,8009.0
2020-06-17,Estados Unidos,New York,385142,8398748,2018,45857.0
2020-06-18,Brasil,Sao Paulo,98530,12252023,2017,8042.0
2020-06-18,Estados Unidos,New York,385760,8398748,2018,45931.0
2020-06-19,Brasil,Sao Paulo,105407,12252023,2017,8603.0
2020-06-19,Estados Unidos,New York,387272,8398748,2018,46111.0
2020-06-20,Brasil,Sao Paulo,105591,12252023,2017,8618.0
2020-06-20,Estados Unidos,New York,387936,8398748,2018,46190.0
2020-06-21,Brasil,Sao Paulo,106540,12252023,2017,8696.0
2020-06-21,Estados Unidos,New York,388488,8398748,2018,46255.0
2020-06-22,Brasil,Sao Paulo,107731,12252023,2017,8793.0
2020-06-22,Estados Unidos,New York,389085,8398748,2018,46327.0
2020-06-23,Brasil,Sao Paulo,110241,12252023,2017,8998.0
2020-06-23,Estados Unidos,New York,389085,8398748,2018,46327.0
2020-06-24,Brasil,Sao Paulo,113261,12252023,2017,9244.0
2020-06-24,Estados Unidos,New York,213348,8398748,2018,25402.0
2020-06-25,Brasil,Sao Paulo,117311,12252023,2017,9575.0
2020-06-25,Estados Unidos,New York,214070,8398748,2018,25488.0
2020-06-26,Brasil,Sao Paulo,121163,12252023,2017,9889.0
2020-06-26,Estados Unidos,New York,214434,8398748,2018,25532.0
2020-06-27,Brasil,Sao Paulo,124105,12252023,2017,10129.0
2020-06-27,Estados Unidos,New York,214750,8398748,2018,25569.0
2020-06-28,Brasil,Sao Paulo,124105,12252023,2017,10129.0
2020-06-28,Estados Unidos,New York,214750,8398748,2018,25569.0
2020-06-29,Brasil,Sao Paulo,125012,12252023,2017,10203.0
2020-06-29,Estados Unidos,New York,214750,8398748,2018,25569.0
2020-06-30,Brasil,Sao Paulo,127119,12252023,2017,10375.0
2020-06-30,Estados Unidos,New York,215179,8398748,2018,25620.0
2020-07-01,Brasil,Sao Paulo,129328,12252023,2017,10556.0
2020-07-01,Estados Unidos,New York,215902,8398748,2018,25706.0
2020-07-02,Brasil,Sao Paulo,134984,12252023,2017,11017.0
2020-07-02,Estados Unidos,New York,216362,8398748,2018,25761.0
2020-07-03,Brasil,Sao Paulo,137762,12252023,2017,11244.0
2020-07-03,Estados Unidos,New York,216730,8398748,2018,25805.0
2020-07-04,Brasil,Sao Paulo,139871,12252023,2017,11416.0
2020-07-04,Estados Unidos,New York,216969,8398748,2018,25833.0
2020-07-05,Brasil,Sao Paulo,140231,12252023,2017,11446.0
2020-07-05,Estados Unidos,New York,217216,8398748,2018,25863.0
2020-07-06,Brasil,Sao Paulo,142502,12252023,2017,11631.0
2020-07-06,Estados Unidos,New York,217488,8398748,2018,25895.0
2020-07-07,Brasil,Sao Paulo,144573,12252023,2017,11800.0
2020-07-07,Estados Unidos,New York,217777,8398748,2018,25930.0
2020-07-08,Brasil,Sao Paulo,146739,12252023,2017,11977.0
2020-07-08,Estados Unidos,New York,218052,8398748,2018,25962.0
2020-07-09,Brasil,Sao Paulo,149431,12252023,2017,12196.0
2020-07-09,Estados Unidos,New York,218404,8398748,2018,26004.0
2020-07-10,Brasil,Sao Paulo,151365,12252023,2017,12354.0
2020-07-10,Estados Unidos,New York,218710,8398748,2018,26041.0
2020-07-11,Brasil,Sao Paulo,152806,12252023,2017,12472.0
2020-07-11,Estados Unidos,New York,219051,8398748,2018,26081.0
2020-07-12,Brasil,Sao Paulo,154013,12252023,2017,12570.0
2020-07-12,Estados Unidos,New York,219301,8398748,2018,26111.0
2020-07-13,Brasil,Sao Paulo,158802,12252023,2017,12961.0
2020-07-13,Estados Unidos,New York,219616,8398748,2018,26149.0
2020-07-14,Brasil,Sao Paulo,160326,12252023,2017,13086.0
2020-07-14,Estados Unidos,New York,219982,8398748,2018,26192.0
2020-07-15,Brasil,Sao Paulo,162244,12252023,2017,13242.0
2020-07-15,Estados Unidos,New York,220367,8398748,2018,26238.0
2020-07-16,Brasil,Sao Paulo,163624,12252023,2017,13355.0
2020-07-16,Estados Unidos,New York,220734,8398748,2018,26282.0
2020-07-17,Brasil,Sao Paulo,165094,12252023,2017,13475.0
2020-07-17,Estados Unidos,New York,221121,8398748,2018,26328.0
2020-07-18,Brasil,Sao Paulo,166073,12252023,2017,13555.0
2020-07-18,Estados Unidos,New York,221419,8398748,2018,26363.0
2020-07-19,Brasil,Sao Paulo,166348,12252023,2017,13577.0
2020-07-19,Estados Unidos,New York,221703,8398748,2018,26397.0
2020-07-20,Brasil,Sao Paulo,167801,12252023,2017,13696.0
2020-07-20,Estados Unidos,New York,222094,8398748,2018,26444.0
2020-07-21,Brasil,Sao Paulo,171119,12252023,2017,13967.0
2020-07-21,Estados Unidos,New York,222444,8398748,2018,26485.0
2020-07-22,Brasil,Sao Paulo,173710,12252023,2017,14178.0
2020-07-22,Estados Unidos,New York,222832,8398748,2018,26532.0
2020-07-23,Brasil,Sao Paulo,176190,12252023,2017,14380.0
2020-07-23,Estados Unidos,New York,223192,8398748,2018,26574.0
2020-07-24,Brasil,Sao Paulo,179115,12252023,2017,14619.0
2020-07-24,Estados Unidos,New York,223532,8398748,2018,26615.0
2020-07-25,Brasil,Sao Paulo,179777,12252023,2017,14673.0
2020-07-25,Estados Unidos,New York,223761,8398748,2018,26642.0
2020-07-26,Brasil,Sao Paulo,182027,12252023,2017,14857.0
2020-07-26,Estados Unidos,New York,224051,8398748,2018,26677.0
2020-07-27,Brasil,Sao Paulo,182027,12252023,2017,14857.0
2020-07-27,Estados Unidos,New York,224249,8398748,2018,26700.0
2020-07-28,Brasil,Sao Paulo,188827,12252023,2017,15412.0
2020-07-28,Estados Unidos,New York,224551,8398748,2018,26736.0
2020-07-29,Brasil,Sao Paulo,193684,12252023,2017,15808.0
2020-07-29,Estados Unidos,New York,224863,8398748,2018,26773.0
2020-07-30,Brasil,Sao Paulo,197560,12252023,2017,16125.0
2020-07-30,Estados Unidos,New York,225148,8398748,2018,26807.0
2020-07-31,Brasil,Sao Paulo,199674,12252023,2017,16297.0
2020-07-31,Estados Unidos,New York,225460,8398748,2018,26844.0
2020-08-01,Brasil,Sao Paulo,200444,12252023,2017,16360.0
2020-08-01,Estados Unidos,New York,225723,8398748,2018,26876.0
2020-08-02,Brasil,Sao Paulo,200705,12252023,2017,16381.0
2020-08-02,Estados Unidos,New York,225964,8398748,2018,26904.0
2020-08-03,Brasil,Sao Paulo,203279,12252023,2017,16591.0
2020-08-03,Estados Unidos,New York,226280,8398748,2018,26942.0
2020-08-04,Brasil,Sao Paulo,206102,12252023,2017,16822.0
2020-08-04,Estados Unidos,New York,226581,8398748,2018,26978.0
2020-08-05,Brasil,Sao Paulo,209559,12252023,2017,17104.0
2020-08-05,Estados Unidos,New York,226914,8398748,2018,27018.0
2020-08-06,Brasil,Sao Paulo,211469,12252023,2017,17260.0
2020-08-06,Estados Unidos,New York,227258,8398748,2018,27059.0
2020-08-07,Brasil,Sao Paulo,213507,12252023,2017,17426.0
2020-08-07,Estados Unidos,New York,227584,8398748,2018,27097.0
2020-08-08,Brasil,Sao Paulo,214094,12252023,2017,17474.0
2020-08-08,Estados Unidos,New York,227832,8398748,2018,27127.0
2020-08-09,Brasil,Sao Paulo,214329,12252023,2017,17493.0
2020-08-09,Estados Unidos,New York,228069,8398748,2018,27155.0
2020-08-10,Brasil,Sao Paulo,217244,12252023,2017,17731.0
2020-08-10,Estados Unidos,New York,228343,8398748,2018,27188.0
2020-08-11,Brasil,Sao Paulo,224140,12252023,2017,18294.0
2020-08-11,Estados Unidos,New York,228729,8398748,2018,27234.0
2020-08-12,Brasil,Sao Paulo,231203,12252023,2017,18871.0
2020-08-12,Estados Unidos,New York,229167,8398748,2018,27286.0
2020-08-13,Brasil,Sao Paulo,233987,12252023,2017,19098.0
2020-08-13,Estados Unidos,New York,229534,8398748,2018,27330.0
2020-08-14,Brasil,Sao Paulo,235519,12252023,2017,19223.0
2020-08-14,Estados Unidos,New York,229916,8398748,2018,27375.0
2020-08-15,Brasil,Sao Paulo,235866,12252023,2017,19251.0
2020-08-15,Estados Unidos,New York,230223,8398748,2018,27412.0
2020-08-16,Brasil,Sao Paulo,236163,12252023,2017,19275.0
2020-08-16,Estados Unidos,New York,230458,8398748,2018,27440.0
2020-08-17,Brasil,Sao Paulo,237934,12252023,2017,19420.0
2020-08-17,Estados Unidos,New York,230742,8398748,2018,27473.0
2020-08-18,Brasil,Sao Paulo,240115,12252023,2017,19598.0
2020-08-18,Estados Unidos,New York,231015,8398748,2018,27506.0
2020-08-19,Brasil,Sao Paulo,241764,12252023,2017,19733.0
2020-08-19,Estados Unidos,New York,231288,8398748,2018,27538.0
2020-08-20,Brasil,Sao Paulo,242589,12252023,2017,19800.0
2020-08-20,Estados Unidos,New York,231574,8398748,2018,27572.0
2020-08-21,Brasil,Sao Paulo,246492,12252023,2017,20118.0
2020-08-21,Estados Unidos,New York,231841,8398748,2018,27604.0
2020-08-22,Brasil,Sao Paulo,247403,12252023,2017,20193.0
2020-08-22,Estados Unidos,New York,232120,8398748,2018,27637.0
2020-08-23,Brasil,Sao Paulo,247730,12252023,2017,20220.0
2020-08-23,Estados Unidos,New York,232334,8398748,2018,27663.0
2020-08-24,Brasil,Sao Paulo,250171,12252023,2017,20419.0
2020-08-24,Estados Unidos,New York,232565,8398748,2018,27690.0
2020-08-25,Brasil,Sao Paulo,252063,12252023,2017,20573.0
2020-08-25,Estados Unidos,New York,232825,8398748,2018,27721.0
2020-08-26,Brasil,Sao Paulo,254146,12252023,2017,20743.0
2020-08-26,Estados Unidos,New York,233140,8398748,2018,27759.0
2020-08-27,Brasil,Sao Paulo,256511,12252023,2017,20936.0
2020-08-27,Estados Unidos,New York,233410,8398748,2018,27791.0
2020-08-28,Brasil,Sao Paulo,257528,12252023,2017,21019.0
2020-08-28,Estados Unidos,New York,233688,8398748,2018,27824.0
2020-08-29,Brasil,Sao Paulo,257778,12252023,2017,21040.0
2020-08-29,Estados Unidos,New York,233969,8398748,2018,27858.0
2020-08-30,Brasil,Sao Paulo,257949,12252023,2017,21054.0
2020-08-30,Estados Unidos,New York,234237,8398748,2018,27890.0
2020-08-31,Brasil,Sao Paulo,260991,12252023,2017,21302.0
2020-08-31,Estados Unidos,New York,234237,8398748,2018,27890.0
2020-09-01,Brasil,Sao Paulo,262570,12252023,2017,21431.0
2020-09-01,Estados Unidos,New York,309259,8398748,2018,36822.0
2020-09-02,Brasil,Sao Paulo,265066,12252023,2017,21634.0
2020-09-02,Estados Unidos,New York,309259,8398748,2018,36822.0
2020-09-03,Brasil,Sao Paulo,266232,12252023,2017,21730.0
2020-09-03,Estados Unidos,New York,310176,8398748,2018,36931.0
2020-09-04,Brasil,Sao Paulo,266236,12252023,2017,21730.0
2020-09-04,Estados Unidos,New York,310176,8398748,2018,36931.0
2020-09-05,Brasil,Sao Paulo,267767,12252023,2017,21855.0
2020-09-05,Estados Unidos,New York,310176,8398748,2018,36931.0
2020-09-06,Brasil,Sao Paulo,267926,12252023,2017,21868.0
2020-09-06,Estados Unidos,New York,310176,8398748,2018,36931.0
2020-09-07,Brasil,Sao Paulo,268347,12252023,2017,21902.0
2020-09-07,Estados Unidos,New York,310176,8398748,2018,36931.0
2020-09-08,Brasil,Sao Paulo,270000,12252023,2017,22037.0
2020-09-08,Estados Unidos,New York,236647,8398748,2018,28176.0
2020-09-09,Brasil,Sao Paulo,271505,12252023,2017,22160.0
2020-09-09,Estados Unidos,New York,236983,8398748,2018,28216.0
2020-09-10,Brasil,Sao Paulo,272857,12252023,2017,22270.0
2020-09-10,Estados Unidos,New York,237252,8398748,2018,28248.0
2020-09-11,Brasil,Sao Paulo,274173,12252023,2017,22378.0
2020-09-11,Estados Unidos,New York,237802,8398748,2018,28314.0
2020-09-12,Brasil,Sao Paulo,274467,12252023,2017,22402.0
2020-09-12,Estados Unidos,New York,237802,8398748,2018,28314.0
2020-09-13,Brasil,Sao Paulo,274740,12252023,2017,22424.0
2020-09-13,Estados Unidos,New York,238067,8398748,2018,28346.0
2020-09-14,Brasil,Sao Paulo,276241,12252023,2017,22547.0
2020-09-14,Estados Unidos,New York,238373,8398748,2018,28382.0
2020-09-15,Brasil,Sao Paulo,277683,12252023,2017,22664.0
2020-09-15,Estados Unidos,New York,238625,8398748,2018,28412.0
2020-09-16,Brasil,Sao Paulo,279193,12252023,2017,22788.0
2020-09-16,Estados Unidos,New York,238958,8398748,2018,28452.0
2020-09-17,Brasil,Sao Paulo,279193,12252023,2017,22788.0
2020-09-17,Estados Unidos,New York,239306,8398748,2018,28493.0
2020-09-18,Brasil,Sao Paulo,282217,12252023,2017,23034.0
2020-09-18,Estados Unidos,New York,239798,8398748,2018,28552.0
2020-09-19,Brasil,Sao Paulo,282498,12252023,2017,23057.0
2020-09-19,Estados Unidos,New York,240196,8398748,2018,28599.0
2020-09-20,Brasil,Sao Paulo,282726,12252023,2017,23076.0
2020-09-20,Estados Unidos,New York,240456,8398748,2018,28630.0
2020-09-21,Brasil,Sao Paulo,284252,12252023,2017,23200.0
2020-09-21,Estados Unidos,New York,240807,8398748,2018,28672.0
2020-09-22,Brasil,Sao Paulo,285475,12252023,2017,23300.0
2020-09-22,Estados Unidos,New York,241087,8398748,2018,28705.0
2020-09-23,Brasil,Sao Paulo,286862,12252023,2017,23413.0
2020-09-23,Estados Unidos,New York,241511,8398748,2018,28756.0
2020-09-24,Brasil,Sao Paulo,288081,12252023,2017,23513.0
2020-09-24,Estados Unidos,New York,241882,8398748,2018,28800.0
2020-09-25,Brasil,Sao Paulo,289185,12252023,2017,23603.0
2020-09-25,Estados Unidos,New York,242311,8398748,2018,28851.0
2020-09-26,Brasil,Sao Paulo,289308,12252023,2017,23613.0
2020-09-26,Estados Unidos,New York,242693,8398748,2018,28896.0
2020-09-27,Brasil,Sao Paulo,289466,12252023,2017,23626.0
2020-09-27,Estados Unidos,New York,243072,8398748,2018,28941.0
2020-09-28,Brasil,Sao Paulo,290839,12252023,2017,23738.0
2020-09-28,Estados Unidos,New York,243595,8398748,2018,29004.0
2020-09-29,Brasil,Sao Paulo,292067,12252023,2017,23838.0
2020-09-29,Estados Unidos,New York,244041,8398748,2018,29057.0
2020-09-30,Brasil,Sao Paulo,293210,12252023,2017,23932.0
2020-09-30,Estados Unidos,New York,244574,8398748,2018,29120.0
2020-10-01,Brasil,Sao Paulo,294135,12252023,2017,24007.0
2020-10-01,Estados Unidos,New York,245173,8398748,2018,29192.0
2020-10-02,Brasil,Sao Paulo,295234,12252023,2017,24097.0
2020-10-02,Estados Unidos,New York,245885,8398748,2018,29276.0
2020-10-03,Brasil,Sao Paulo,295301,12252023,2017,24102.0
2020-10-03,Estados Unidos,New York,246417,8398748,2018,29340.0
2020-10-04,Brasil,Sao Paulo,295425,12252023,2017,24112.0
2020-10-04,Estados Unidos,New York,246883,8398748,2018,29395.0
2020-10-05,Brasil,Sao Paulo,296593,12252023,2017,24208.0
2020-10-05,Estados Unidos,New York,247452,8398748,2018,29463.0
2020-10-06,Brasil,Sao Paulo,297583,12252023,2017,24288.0
2020-10-06,Estados Unidos,New York,248000,8398748,2018,29528.0
2020-10-07,Brasil,Sao Paulo,298405,12252023,2017,24356.0
2020-10-07,Estados Unidos,New York,248696,8398748,2018,29611.0
2020-10-08,Brasil,Sao Paulo,299207,12252023,2017,24421.0
2020-10-08,Estados Unidos,New York,249320,8398748,2018,29685.0
2020-10-09,Brasil,Sao Paulo,300487,12252023,2017,24526.0
2020-10-09,Estados Unidos,New York,249825,8398748,2018,29746.0
2020-10-10,Brasil,Sao Paulo,300905,12252023,2017,24560.0
2020-10-10,Estados Unidos,New York,250364,8398748,2018,29810.0
2020-10-11,Brasil,Sao Paulo,301021,12252023,2017,24569.0
2020-10-11,Estados Unidos,New York,250757,8398748,2018,29856.0
2020-10-12,Brasil,Sao Paulo,301209,12252023,2017,24584.0
2020-10-12,Estados Unidos,New York,251302,8398748,2018,29921.0
2020-10-13,Brasil,Sao Paulo,302223,12252023,2017,24667.0
2020-10-13,Estados Unidos,New York,251766,8398748,2018,29977.0
2020-10-14,Brasil,Sao Paulo,303298,12252023,2017,24755.0
2020-10-14,Estados Unidos,New York,252274,8398748,2018,30037.0
2020-10-15,Brasil,Sao Paulo,304364,12252023,2017,24842.0
2020-10-15,Estados Unidos,New York,252934,8398748,2018,30116.0
2020-10-16,Brasil,Sao Paulo,305379,12252023,2017,24925.0
2020-10-16,Estados Unidos,New York,253740,8398748,2018,30212.0
2020-10-17,Brasil,Sao Paulo,305379,12252023,2017,24925.0
2020-10-17,Estados Unidos,New York,254352,8398748,2018,30285.0
2020-10-18,Brasil,Sao Paulo,305540,12252023,2017,24938.0
2020-10-18,Estados Unidos,New York,254771,8398748,2018,30334.0
2020-10-19,Brasil,Sao Paulo,306428,12252023,2017,25010.0
2020-10-19,Estados Unidos,New York,255207,8398748,2018,30386.0
2020-10-20,Brasil,Sao Paulo,307230,12252023,2017,25076.0
2020-10-20,Estados Unidos,New York,256046,8398748,2018,30486.0
2020-10-21,Brasil,Sao Paulo,308077,12252023,2017,25145.0
2020-10-21,Estados Unidos,New York,256576,8398748,2018,30549.0
2020-10-22,Brasil,Sao Paulo,309507,12252023,2017,25262.0
2020-10-22,Estados Unidos,New York,257147,8398748,2018,30617.0
2020-10-23,Brasil,Sao Paulo,310693,12252023,2017,25359.0
2020-10-23,Estados Unidos,New York,257902,8398748,2018,30707.0
2020-10-24,Brasil,Sao Paulo,311116,12252023,2017,25393.0
2020-10-24,Estados Unidos,New York,258555,8398748,2018,30785.0
2020-10-25,Brasil,Sao Paulo,311301,12252023,2017,25408.0
2020-10-25,Estados Unidos,New York,258979,8398748,2018,30835.0
2020-10-26,Brasil,Sao Paulo,312632,12252023,2017,25517.0
2020-10-26,Estados Unidos,New York,259710,8398748,2018,30922.0
2020-10-27,Brasil,Sao Paulo,312632,12252023,2017,25517.0
2020-10-27,Estados Unidos,New York,259710,8398748,2018,30922.0
2020-10-28,Brasil,Sao Paulo,312632,12252023,2017,25517.0
2020-10-28,Estados Unidos,New York,261607,8398748,2018,31148.0
2020-10-29,Brasil,Sao Paulo,316265,12252023,2017,25813.0
2020-10-29,Estados Unidos,New York,262510,8398748,2018,31256.0
2020-10-30,Brasil,Sao Paulo,316970,12252023,2017,25871.0
2020-10-30,Estados Unidos,New York,263237,8398748,2018,31342.0
2020-10-31,Brasil,Sao Paulo,317215,12252023,2017,25891.0
2020-10-31,Estados Unidos,New York,264155,8398748,2018,31452.0
2020-11-01,Brasil,Sao Paulo,317346,12252023,2017,25902.0
2020-11-01,Estados Unidos,New York,264796,8398748,2018,31528.0
2020-11-02,Brasil,Sao Paulo,317346,12252023,2017,25902.0
2020-11-02,Estados Unidos,New York,264796,8398748,2018,31528.0
2020-11-03,Brasil,Sao Paulo,317533,12252023,2017,25917.0
2020-11-03,Estados Unidos,New York,265598,8398748,2018,31624.0
2020-11-04,Brasil,Sao Paulo,318533,12252023,2017,25998.0
2020-11-04,Estados Unidos,New York,266393,8398748,2018,31718.0
2020-11-05,Brasil,Sao Paulo,318533,12252023,2017,25998.0
2020-11-05,Estados Unidos,New York,267460,8398748,2018,31845.0
2020-11-06,Brasil,Sao Paulo,318533,12252023,2017,25998.0
2020-11-06,Estados Unidos,New York,267460,8398748,2018,31845.0
2020-11-07,Brasil,Sao Paulo,318533,12252023,2017,25998.0
2020-11-07,Estados Unidos,New York,269828,8398748,2018,32127.0
2020-11-08,Brasil,Sao Paulo,318533,12252023,2017,25998.0
2020-11-08,Estados Unidos,New York,271219,8398748,2018,32293.0
2020-11-09,Brasil,Sao Paulo,318533,12252023,2017,25998.0
2020-11-09,Estados Unidos,New York,272375,8398748,2018,32430.0
2020-11-10,Brasil,Sao Paulo,318533,12252023,2017,25998.0
2020-11-10,Estados Unidos,New York,273583,8398748,2018,32574.0
2020-11-11,Brasil,Sao Paulo,318533,12252023,2017,25998.0
2020-11-11,Estados Unidos,New York,276976,8398748,2018,32978.0
2020-11-12,Brasil,Sao Paulo,327185,12252023,2017,26705.0
2020-11-12,Estados Unidos,New York,276976,8398748,2018,32978.0
2020-11-13,Brasil,Sao Paulo,328953,12252023,2017,26849.0
2020-11-13,Estados Unidos,New York,278802,8398748,2018,33196.0
2020-11-14,Brasil,Sao Paulo,330266,12252023,2017,26956.0
2020-11-14,Estados Unidos,New York,282056,8398748,2018,33583.0
2020-11-15,Brasil,Sao Paulo,330753,12252023,2017,26996.0
2020-11-15,Estados Unidos,New York,283341,8398748,2018,33736.0
2020-11-16,Brasil,Sao Paulo,330753,12252023,2017,26996.0
2020-11-16,Estados Unidos,New York,283341,8398748,2018,33736.0
2020-11-17,Brasil,Sao Paulo,334733,12252023,2017,27321.0
2020-11-17,Estados Unidos,New York,285275,8398748,2018,33966.0
2020-11-18,Brasil,Sao Paulo,336703,12252023,2017,27481.0
2020-11-18,Estados Unidos,New York,287022,8398748,2018,34174.0
2020-11-19,Brasil,Sao Paulo,336703,12252023,2017,27481.0
2020-11-19,Estados Unidos,New York,288869,8398748,2018,34394.0
2020-11-20,Brasil,Sao Paulo,338989,12252023,2017,27668.0
2020-11-20,Estados Unidos,New York,290890,8398748,2018,34635.0
2020-11-21,Brasil,Sao Paulo,340537,12252023,2017,27794.0
2020-11-21,Estados Unidos,New York,294765,8398748,2018,35096.0
2020-11-22,Brasil,Sao Paulo,341035,12252023,2017,27835.0
2020-11-22,Estados Unidos,New York,294765,8398748,2018,35096.0
2020-11-23,Brasil,Sao Paulo,341340,12252023,2017,27860.0
2020-11-23,Estados Unidos,New York,296547,8398748,2018,35308.0
2020-11-24,Brasil,Sao Paulo,342822,12252023,2017,27981.0
2020-11-24,Estados Unidos,New York,300191,8398748,2018,35742.0
2020-11-25,Brasil,Sao Paulo,346655,12252023,2017,28294.0
2020-11-25,Estados Unidos,New York,302522,8398748,2018,36020.0
2020-11-26,Brasil,Sao Paulo,346655,12252023,2017,28294.0
2020-11-26,Estados Unidos,New York,302522,8398748,2018,36020.0
2020-11-27,Brasil,Sao Paulo,349033,12252023,2017,28488.0
2020-11-27,Estados Unidos,New York,307188,8398748,2018,36575.0
2020-11-28,Brasil,Sao Paulo,349622,12252023,2017,28536.0
2020-11-28,Estados Unidos,New York,307188,8398748,2018,36575.0
2020-11-29,Brasil,Sao Paulo,349912,12252023,2017,28560.0
2020-11-29,Estados Unidos,New York,311979,8398748,2018,37146.0
2020-11-30,Brasil,Sao Paulo,349912,12252023,2017,28560.0
2020-11-30,Estados Unidos,New York,311979,8398748,2018,37146.0
2020-12-01,Brasil,Sao Paulo,352144,12252023,2017,28742.0
2020-12-01,Estados Unidos,New York,314548,8398748,2018,37452.0
2020-12-02,Brasil,Sao Paulo,356278,12252023,2017,29079.0
2020-12-02,Estados Unidos,New York,317746,8398748,2018,37833.0
2020-12-03,Brasil,Sao Paulo,358390,12252023,2017,29251.0
2020-12-03,Estados Unidos,New York,321053,8398748,2018,38226.0
2020-12-04,Brasil,Sao Paulo,360539,12252023,2017,29427.0
2020-12-04,Estados Unidos,New York,327879,8398748,2018,39039.0
2020-12-05,Brasil,Sao Paulo,360539,12252023,2017,29427.0
2020-12-05,Estados Unidos,New York,331006,8398748,2018,39411.0
2020-12-06,Brasil,Sao Paulo,361450,12252023,2017,29501.0
2020-12-06,Estados Unidos,New York,333771,8398748,2018,39741.0
2020-12-07,Brasil,Sao Paulo,363495,12252023,2017,29668.0
2020-12-07,Estados Unidos,New York,333771,8398748,2018,39741.0
2020-12-08,Brasil,Sao Paulo,365670,12252023,2017,29846.0
2020-12-08,Estados Unidos,New York,340974,8398748,2018,40598.0
2020-12-09,Brasil,Sao Paulo,367666,12252023,2017,30009.0
2020-12-09,Estados Unidos,New York,340974,8398748,2018,40598.0
2020-12-10,Brasil,Sao Paulo,367666,12252023,2017,30009.0
2020-12-10,Estados Unidos,New York,347691,8398748,2018,41398.0
2020-12-11,Brasil,Sao Paulo,371468,12252023,2017,30319.0
2020-12-11,Estados Unidos,New York,351674,8398748,2018,41872.0
2020-12-12,Brasil,Sao Paulo,371468,12252023,2017,30319.0
2020-12-12,Estados Unidos,New York,351674,8398748,2018,41872.0
2020-12-13,Brasil,Sao Paulo,371669,12252023,2017,30335.0
2020-12-13,Estados Unidos,New York,358081,8398748,2018,42635.0
2020-12-14,Brasil,Sao Paulo,371959,12252023,2017,30359.0
2020-12-14,Estados Unidos,New York,358081,8398748,2018,42635.0
2020-12-15,Brasil,Sao Paulo,372875,12252023,2017,30434.0
2020-12-15,Estados Unidos,New York,362227,8398748,2018,43129.0
2020-12-16,Brasil,Sao Paulo,372875,12252023,2017,30434.0
2020-12-16,Estados Unidos,New York,369385,8398748,2018,43981.0
2020-12-17,Brasil,Sao Paulo,377507,12252023,2017,30812.0
2020-12-17,Estados Unidos,New York,369385,8398748,2018,43981.0
2020-12-18,Brasil,Sao Paulo,379532,12252023,2017,30977.0
2020-12-18,Estados Unidos,New York,373882,8398748,2018,44516.0
2020-12-19,Brasil,Sao Paulo,382030,12252023,2017,31181.0
2020-12-19,Estados Unidos,New York,380473,8398748,2018,45301.0
2020-12-20,Brasil,Sao Paulo,382030,12252023,2017,31181.0
2020-12-20,Estados Unidos,New York,383811,8398748,2018,45699.0
2020-12-21,Brasil,Sao Paulo,382760,12252023,2017,31241.0
2020-12-21,Estados Unidos,New York,387267,8398748,2018,46110.0
2020-12-22,Brasil,Sao Paulo,382760,12252023,2017,31241.0
2020-12-22,Estados Unidos,New York,391640,8398748,2018,46631.0
2020-12-23,Brasil,Sao Paulo,389822,12252023,2017,31817.0
2020-12-23,Estados Unidos,New York,396302,8398748,2018,47186.0
2020-12-24,Brasil,Sao Paulo,389822,12252023,2017,31817.0
2020-12-24,Estados Unidos,New York,400473,8398748,2018,47682.0
2020-12-25,Brasil,Sao Paulo,390834,12252023,2017,31900.0
2020-12-25,Estados Unidos,New York,404422,8398748,2018,48153.0
2020-12-26,Brasil,Sao Paulo,391257,12252023,2017,31934.0
2020-12-26,Estados Unidos,New York,407264,8398748,2018,48491.0
2020-12-27,Brasil,Sao Paulo,392401,12252023,2017,32027.0
2020-12-27,Estados Unidos,New York,410787,8398748,2018,48911.0
2020-12-28,Brasil,Sao Paulo,392401,12252023,2017,32027.0
2020-12-28,Estados Unidos,New York,410787,8398748,2018,48911.0
2020-12-29,Brasil,Sao Paulo,399061,12252023,2017,32571.0
2020-12-29,Estados Unidos,New York,426018,8398748,2018,50724.0
2020-12-30,Brasil,Sao Paulo,401718,12252023,2017,32788.0
2020-12-30,Estados Unidos,New York,430597,8398748,2018,51269.0
2020-12-31,Brasil,Sao Paulo,401718,12252023,2017,32788.0
2020-12-31,Estados Unidos,New York,436426,8398748,2018,51963.0
2021-01-01,Brasil,Sao Paulo,403388,12252023,2017,32924.0
2021-01-01,Estados Unidos,New York,442426,8398748,2018,52678.0
2021-01-02,Brasil,Sao Paulo,403388,12252023,2017,32924.0
2021-01-02,Estados Unidos,New York,446630,8398748,2018,53178.0
2021-01-03,Brasil,Sao Paulo,404576,12252023,2017,33021.0
2021-01-03,Estados Unidos,New York,450389,8398748,2018,53626.0
2021-01-04,Brasil,Sao Paulo,407577,12252023,2017,33266.0
2021-01-04,Estados Unidos,New York,455726,8398748,2018,54261.0
2021-01-05,Brasil,Sao Paulo,410765,12252023,2017,33526.0
2021-01-05,Estados Unidos,New York,460969,8398748,2018,54885.0
2021-01-06,Brasil,Sao Paulo,413892,12252023,2017,33782.0
2021-01-06,Estados Unidos,New York,467064,8398748,2018,55611.0
2021-01-07,Brasil,Sao Paulo,417221,12252023,2017,34053.0
2021-01-07,Estados Unidos,New York,474074,8398748,2018,56446.0
2021-01-08,Brasil,Sao Paulo,417221,12252023,2017,34053.0
2021-01-08,Estados Unidos,New York,481014,8398748,2018,57272.0
2021-01-09,Brasil,Sao Paulo,420939,12252023,2017,34357.0
2021-01-09,Estados Unidos,New York,487285,8398748,2018,58019.0
2021-01-10,Brasil,Sao Paulo,421614,12252023,2017,34412.0
2021-01-10,Estados Unidos,New York,493038,8398748,2018,58704.0
2021-01-11,Brasil,Sao Paulo,421614,12252023,2017,34412.0
2021-01-11,Estados Unidos,New York,498613,8398748,2018,59368.0
2021-01-12,Brasil,Sao Paulo,427832,12252023,2017,34919.0
2021-01-12,Estados Unidos,New York,504561,8398748,2018,60076.0
2021-01-13,Brasil,Sao Paulo,430702,12252023,2017,35154.0
2021-01-13,Estados Unidos,New York,510442,8398748,2018,60776.0
2021-01-14,Brasil,Sao Paulo,434168,12252023,2017,35436.0
2021-01-14,Estados Unidos,New York,517692,8398748,2018,61639.0
2021-01-15,Brasil,Sao Paulo,437229,12252023,2017,35686.0
2021-01-15,Estados Unidos,New York,523958,8398748,2018,62385.0
2021-01-16,Brasil,Sao Paulo,438369,12252023,2017,35779.0
2021-01-16,Estados Unidos,New York,529561,8398748,2018,63052.0
2021-01-17,Brasil,Sao Paulo,439011,12252023,2017,35832.0
2021-01-17,Estados Unidos,New York,536009,8398748,2018,63820.0
2021-01-18,Brasil,Sao Paulo,442477,12252023,2017,36115.0
2021-01-18,Estados Unidos,New York,541566,8398748,2018,64482.0
2021-01-19,Brasil,Sao Paulo,445876,12252023,2017,36392.0
2021-01-19,Estados Unidos,New York,545908,8398748,2018,64999.0
2021-01-20,Brasil,Sao Paulo,448744,12252023,2017,36626.0
2021-01-20,Estados Unidos,New York,551126,8398748,2018,65620.0
2021-01-21,Brasil,Sao Paulo,450460,12252023,2017,36766.0
2021-01-21,Estados Unidos,New York,557966,8398748,2018,66434.0
2021-01-22,Brasil,Sao Paulo,453461,12252023,2017,37011.0
2021-01-22,Estados Unidos,New York,563940,8398748,2018,67146.0
2021-01-23,Brasil,Sao Paulo,454355,12252023,2017,37084.0
2021-01-23,Estados Unidos,New York,569356,8398748,2018,67791.0
2021-01-24,Brasil,Sao Paulo,454900,12252023,2017,37129.0
2021-01-24,Estados Unidos,New York,575018,8398748,2018,68465.0
2021-01-25,Brasil,Sao Paulo,456067,12252023,2017,37224.0
2021-01-25,Estados Unidos,New York,575018,8398748,2018,68465.0
2021-01-26,Brasil,Sao Paulo,461172,12252023,2017,37640.0
2021-01-26,Estados Unidos,New York,584353,8398748,2018,69576.0
2021-01-27,Brasil,Sao Paulo,462905,12252023,2017,37782.0
2021-01-27,Estados Unidos,New York,590838,8398748,2018,70348.0
2021-01-28,Brasil,Sao Paulo,466172,12252023,2017,38049.0
2021-01-28,Estados Unidos,New York,596988,8398748,2018,71081.0
2021-01-29,Brasil,Sao Paulo,468893,12252023,2017,38271.0
2021-01-29,Estados Unidos,New York,603101,8398748,2018,71808.0
2021-01-30,Brasil,Sao Paulo,469657,12252023,2017,38333.0
2021-01-30,Estados Unidos,New York,603101,8398748,2018,71808.0
2021-01-31,Brasil,Sao Paulo,470125,12252023,2017,38371.0
2021-01-31,Estados Unidos,New York,613148,8398748,2018,73005.0
2021-02-01,Brasil,Sao Paulo,473263,12252023,2017,38627.0
2021-02-01,Estados Unidos,New York,617073,8398748,2018,73472.0
2021-02-02,Brasil,Sao Paulo,476299,12252023,2017,38875.0
2021-02-02,Estados Unidos,New York,620880,8398748,2018,73925.0
2021-02-03,Brasil,Sao Paulo,479512,12252023,2017,39137.0
2021-02-03,Estados Unidos,New York,623374,8398748,2018,74222.0
2021-02-04,Brasil,Sao Paulo,481934,12252023,2017,39335.0
2021-02-04,Estados Unidos,New York,626373,8398748,2018,74579.0
2021-02-05,Brasil,Sao Paulo,484353,12252023,2017,39532.0
2021-02-05,Estados Unidos,New York,631956,8398748,2018,75244.0
2021-02-06,Brasil,Sao Paulo,485155,12252023,2017,39598.0
2021-02-06,Estados Unidos,New York,637131,8398748,2018,75860.0
2021-02-07,Brasil,Sao Paulo,485709,12252023,2017,39643.0
2021-02-07,Estados Unidos,New York,642199,8398748,2018,76464.0
2021-02-08,Brasil,Sao Paulo,488446,12252023,2017,39867.0
2021-02-08,Estados Unidos,New York,646811,8398748,2018,77013.0
2021-02-09,Brasil,Sao Paulo,491256,12252023,2017,40096.0
2021-02-09,Estados Unidos,New York,649590,8398748,2018,77344.0
2021-02-10,Brasil,Sao Paulo,493409,12252023,2017,40272.0
2021-02-10,Estados Unidos,New York,654710,8398748,2018,77953.0
2021-02-11,Brasil,Sao Paulo,495938,12252023,2017,40478.0
2021-02-11,Estados Unidos,New York,659202,8398748,2018,78488.0
2021-02-12,Brasil,Sao Paulo,498141,12252023,2017,40658.0
2021-02-12,Estados Unidos,New York,663775,8398748,2018,79033.0
2021-02-13,Brasil,Sao Paulo,498726,12252023,2017,40706.0
2021-02-13,Estados Unidos,New York,667907,8398748,2018,79525.0
2021-02-14,Brasil,Sao Paulo,499278,12252023,2017,40751.0
2021-02-14,Estados Unidos,New York,671532,8398748,2018,79956.0
2021-02-15,Brasil,Sao Paulo,501625,12252023,2017,40942.0
2021-02-15,Estados Unidos,New York,675188,8398748,2018,80392.0
2021-02-16,Brasil,Sao Paulo,504310,12252023,2017,41161.0
2021-02-16,Estados Unidos,New York,678098,8398748,2018,80738.0
2021-02-17,Brasil,Sao Paulo,506805,12252023,2017,41365.0
2021-02-17,Estados Unidos,New York,684414,8398748,2018,81490.0
2021-02-18,Brasil,Sao Paulo,508944,12252023,2017,41540.0
2021-02-18,Estados Unidos,New York,689150,8398748,2018,82054.0
2021-02-19,Brasil,Sao Paulo,511095,12252023,2017,41715.0
2021-02-19,Estados Unidos,New York,693845,8398748,2018,82613.0
2021-02-20,Brasil,Sao Paulo,511924,12252023,2017,41783.0
2021-02-20,Estados Unidos,New York,696854,8398748,2018,82971.0
2021-02-21,Brasil,Sao Paulo,512631,12252023,2017,41841.0
2021-02-21,Estados Unidos,New York,700358,8398748,2018,83388.0
2021-02-22,Brasil,Sao Paulo,514913,12252023,2017,42027.0
2021-02-22,Estados Unidos,New York,703166,8398748,2018,83723.0
2021-02-23,Brasil,Sao Paulo,517362,12252023,2017,42227.0
2021-02-23,Estados Unidos,New York,707478,8398748,2018,84236.0
2021-02-24,Brasil,Sao Paulo,519954,12252023,2017,42438.0
2021-02-24,Estados Unidos,New York,711936,8398748,2018,84767.0
2021-02-25,Brasil,Sao Paulo,522087,12252023,2017,42612.0
2021-02-25,Estados Unidos,New York,716220,8398748,2018,85277.0
2021-02-26,Brasil,Sao Paulo,524001,12252023,2017,42769.0
2021-02-26,Estados Unidos,New York,720497,8398748,2018,85786.0
2021-02-27,Brasil,Sao Paulo,524858,12252023,2017,42838.0
2021-02-27,Estados Unidos,New York,724702,8398748,2018,86287.0
2021-02-28,Brasil,Sao Paulo,525595,12252023,2017,42899.0
2021-02-28,Estados Unidos,New York,728404,8398748,2018,86287.0
2021-03-01,Brasil,Sao Paulo,527515,12252023,2017,43055.0
2021-03-01,Estados Unidos,New York,732126,8398748,2018,87171.0
2021-03-02,Brasil,Sao Paulo,530183,12252023,2017,43273.0
2021-03-02,Estados Unidos,New York,735307,8398748,2018,87550.0
2021-03-03,Brasil,Sao Paulo,530755,12252023,2017,43320.0
2021-03-03,Estados Unidos,New York,739216,8398748,2018,88015.0
2021-03-04,Brasil,Sao Paulo,535617,12252023,2017,43717.0
2021-03-04,Estados Unidos,New York,743278,8398748,2018,88499.0
2021-03-05,Brasil,Sao Paulo,538333,12252023,2017,43938.0
2021-03-05,Estados Unidos,New York,747847,8398748,2018,89043.0
2021-03-06,Brasil,Sao Paulo,539683,12252023,2017,44048.0
2021-03-06,Estados Unidos,New York,752222,8398748,2018,89564.0
2021-03-07,Brasil,Sao Paulo,540750,12252023,2017,44136.0
2021-03-07,Estados Unidos,New York,755103,8398748,2018,89907.0
2021-03-08,Brasil,Sao Paulo,544063,12252023,2017,44406.0
2021-03-08,Estados Unidos,New York,759026,8398748,2018,90374.0
2021-03-09,Brasil,Sao Paulo,547384,12252023,2017,44677.0
2021-03-09,Estados Unidos,New York,762049,8398748,2018,90734.0
2021-03-10,Brasil,Sao Paulo,550654,12252023,2017,44944.0
2021-03-10,Estados Unidos,New York,766014,8398748,2018,91206.0
2021-03-11,Brasil,Sao Paulo,553751,12252023,2017,45197.0
2021-03-11,Estados Unidos,New York,771618,8398748,2018,91873.0
2021-03-12,Brasil,Sao Paulo,556869,12252023,2017,45451.0
2021-03-12,Estados Unidos,New York,773151,8398748,2018,92056.0
2021-03-13,Brasil,Sao Paulo,558514,12252023,2017,45585.0
2021-03-13,Estados Unidos,New York,777010,8398748,2018,92515.0
2021-03-14,Brasil,Sao Paulo,559817,12252023,2017,45692.0
2021-03-14,Estados Unidos,New York,781329,8398748,2018,93029.0
2021-03-15,Brasil,Sao Paulo,559817,12252023,2017,45692.0
2021-03-15,Estados Unidos,New York,784900,8398748,2018,93454.0
2021-03-16,Brasil,Sao Paulo,559817,12252023,2017,45692.0
2021-03-16,Estados Unidos,New York,787901,8398748,2018,93812.0
2021-03-17,Brasil,Sao Paulo,571358,12252023,2017,46634.0
2021-03-17,Estados Unidos,New York,787901,8398748,2018,93812.0
2021-03-18,Brasil,Sao Paulo,575331,12252023,2017,46958.0
2021-03-18,Estados Unidos,New York,791064,8398748,2018,94188.0
2021-03-19,Brasil,Sao Paulo,579380,12252023,2017,47289.0
2021-03-19,Estados Unidos,New York,793877,8398748,2018,94523.0
2021-03-20,Brasil,Sao Paulo,581013,12252023,2017,47422.0
2021-03-20,Estados Unidos,New York,793877,8398748,2018,94523.0
2021-03-21,Brasil,Sao Paulo,582245,12252023,2017,47522.0
2021-03-21,Estados Unidos,New York,793947,8398748,2018,94532.0
2021-03-22,Brasil,Sao Paulo,586394,12252023,2017,47861.0
2021-03-22,Estados Unidos,New York,793877,8398748,2018,94523.0
2021-03-23,Brasil,Sao Paulo,590885,12252023,2017,48228.0
2021-03-23,Estados Unidos,New York,818046,8398748,2018,97401.0
2021-03-24,Brasil,Sao Paulo,595099,12252023,2017,48571.0
2021-03-24,Estados Unidos,New York,822548,8398748,2018,97937.0
2021-03-25,Brasil,Sao Paulo,599340,12252023,2017,48918.0
2021-03-25,Estados Unidos,New York,826494,8398748,2018,98407.0
2021-03-26,Brasil,Sao Paulo,603049,12252023,2017,49220.0
2021-03-26,Estados Unidos,New York,830896,8398748,2018,98931.0
2021-03-27,Brasil,Sao Paulo,605059,12252023,2017,49384.0
2021-03-27,Estados Unidos,New York,835608,8398748,2018,99492.0
2021-03-28,Brasil,Sao Paulo,606301,12252023,2017,49486.0
2021-03-28,Estados Unidos,New York,836227,8398748,2018,99566.0
2021-03-29,Brasil,Sao Paulo,611049,12252023,2017,49873.0
2021-03-29,Estados Unidos,New York,843207,8398748,2018,100397.0
2021-03-30,Brasil,Sao Paulo,619397,12252023,2017,50555.0
2021-03-30,Estados Unidos,New York,846792,8398748,2018,100824.0
2021-03-31,Brasil,Sao Paulo,628043,12252023,2017,51260.0
2021-03-31,Estados Unidos,New York,851401,8398748,2018,101372.0
2021-04-01,Brasil,Sao Paulo,631786,12252023,2017,51566.0
2021-04-01,Estados Unidos,New York,855448,8398748,2018,101854.0
2021-04-02,Brasil,Sao Paulo,633097,12252023,2017,51673.0
2021-04-02,Estados Unidos,New York,859066,8398748,2018,102285.0
2021-04-03,Brasil,Sao Paulo,634456,12252023,2017,51784.0
2021-04-03,Estados Unidos,New York,862922,8398748,2018,102744.0
2021-04-04,Brasil,Sao Paulo,635582,12252023,2017,51876.0
2021-04-04,Estados Unidos,New York,880275,8398748,2018,104810.0
2021-04-05,Brasil,Sao Paulo,647,12252023,2017,52.833999999999996
2021-04-05,Estados Unidos,New York,869,8398748,2018,103.506
2021-04-06,Brasil,Sao Paulo,647,12252023,2017,52.843999999999994
2021-04-06,Estados Unidos,New York,872,8398748,2018,103.848
2021-04-07,Brasil,Sao Paulo,652,12252023,2017,53.225
2021-04-07,Estados Unidos,New York,876,8398748,2018,104.34700000000001
2021-04-08,Brasil,Sao Paulo,656,12252023,2017,53.583999999999996
2021-04-08,Estados Unidos,New York,880,8398748,2018,104.825
2021-04-09,Brasil,Sao Paulo,660,12252023,2017,53.88399999999999
2021-04-09,Estados Unidos,New York,883,8398748,2018,105.244
2021-04-10,Brasil,Sao Paulo,661,12252023,2017,54.022
2021-04-10,Estados Unidos,New York,887,8398748,2018,105.615
2021-04-11,Brasil,Sao Paulo,663,12252023,2017,54.131
2021-04-11,Estados Unidos,New York,889,8398748,2018,105.958
2021-04-12,Brasil,Sao Paulo,667,12252023,2017,54.448
2021-04-12,Estados Unidos,New York,892,8398748,2018,106.303
2021-04-13,Brasil,Sao Paulo,671,12252023,2017,54.78
2021-04-13,Estados Unidos,New York,894,8398748,2018,106.559
2021-04-14,Brasil,Sao Paulo,675,12252023,2017,55.12
2021-04-14,Estados Unidos,New York,897,8398748,2018,106.90299999999999
2021-04-15,Brasil,Sao Paulo,679,12252023,2017,55.467
2021-04-15,Estados Unidos,New York,901,8398748,2018,107.288
2021-04-16,Brasil,Sao Paulo,683,12252023,2017,55.771
2021-04-16,Estados Unidos,New York,903,8398748,2018,107.574
2021-04-17,Brasil,Sao Paulo,684,12252023,2017,55.847
2021-04-17,Estados Unidos,New York,906,8398748,2018,107.887
2021-04-18,Brasil,Sao Paulo,685,12252023,2017,55.93899999999999
2021-04-18,Estados Unidos,New York,908,8398748,2018,108.219
2021-04-19,Brasil,Sao Paulo,689,12252023,2017,56.263999999999996
2021-04-19,Estados Unidos,New York,911,8398748,2018,108.509
2021-04-20,Brasil,Sao Paulo,693,12252023,2017,56.583
2021-04-20,Estados Unidos,New York,913,8398748,2018,108.741
2021-04-21,Brasil,Sao Paulo,695,12252023,2017,56.76
2021-04-21,Estados Unidos,New York,915,8398748,2018,109.031
2021-04-22,Brasil,Sao Paulo,699,12252023,2017,57.089
2021-04-22,Estados Unidos,New York,917,8398748,2018,109.27799999999999
2021-04-23,Brasil,Sao Paulo,702,12252023,2017,57.368
2021-04-23,Estados Unidos,New York,919,8398748,2018,109.49799999999999
2021-04-24,Brasil,Sao Paulo,702,12252023,2017,57.368
2021-04-24,Estados Unidos,New York,921,8398748,2018,109.72399999999999
2021-04-25,Brasil,Sao Paulo,704,12252023,2017,57.541000000000004
2021-04-25,Estados Unidos,New York,922,8398748,2018,109.88
2021-04-26,Brasil,Sao Paulo,708,12252023,2017,57.838
2021-04-26,Estados Unidos,New York,924,8398748,2018,110.094
2021-04-27,Brasil,Sao Paulo,712,12252023,2017,58.156000000000006
2021-04-27,Estados Unidos,New York,925,8398748,2018,110.236
2021-04-28,Brasil,Sao Paulo,715,12252023,2017,58.409
2021-04-28,Estados Unidos,New York,927,8398748,2018,110.406
2021-04-29,Brasil,Sao Paulo,718,12252023,2017,58.657
2021-04-29,Estados Unidos,New York,928,8398748,2018,110.594
2021-04-30,Brasil,Sao Paulo,721,12252023,2017,58.876999999999995
2021-04-30,Estados Unidos,New York,930,8398748,2018,110.79700000000001
2021-05-01,Brasil,Sao Paulo,725,12252023,2017,59.195
2021-05-01,Estados Unidos,New York,931,8398748,2018,110.949
2021-05-02,Brasil,Sao Paulo,722,12252023,2017,58.996
2021-05-02,Estados Unidos,New York,932,8398748,2018,111.085
2021-05-03,Brasil,Sao Paulo,725,12252023,2017,59.218999999999994
2021-05-03,Estados Unidos,New York,933,8398748,2018,111.18799999999999
2021-05-04,Brasil,Sao Paulo,728,12252023,2017,59.431000000000004
2021-05-04,Estados Unidos,New York,934,8398748,2018,111.31200000000001
2021-05-05,Brasil,Sao Paulo,730,12252023,2,59.626999999999995
2021-05-05,Estados Unidos,New York,935,8398748,2,111.444
2021-05-06,Brasil,Sao Paulo,733,12252023,2017,59.832
2021-05-06,Estados Unidos,New York,936,8398748,2018,111.55
2021-05-07,Brasil,Sao Paulo,733,12252023,2017,59.832
2021-05-07,Estados Unidos,New York,938,8398748,2018,111.697
2021-05-08,Brasil,Sao Paulo,736,12252023,2017,60.1
2021-05-08,Estados Unidos,New York,939,8398748,2018,111.809
2021-05-09,Brasil,Sao Paulo,736,12252023,2017,60.144
2021-05-09,Estados Unidos,New York,939,8398748,2018,111.898
2021-05-10,Brasil,Sao Paulo,739,12252023,2017,60.38399999999999
2021-05-10,Estados Unidos,New York,940,8398748,2018,111.956
2021-05-11,Brasil,Sao Paulo,742,12252023,2017,60.613
2021-05-11,Estados Unidos,New York,941,8398748,2018,112.06
2021-05-12,Brasil,Sao Paulo,745,12252023,2017,60.817
2021-05-12,Estados Unidos,New York,941,8398748,2018,112.15899999999999
2021-05-13,Brasil,Sao Paulo,748,12252023,2017,61.082
2021-05-13,Estados Unidos,New York,942,8398748,2018,112.257
2021-05-14,Brasil,Sao Paulo,751,12252023,2017,61.305
2021-05-14,Estados Unidos,New York,943,8398748,2018,112.30799999999999
2021-05-15,Brasil,Sao Paulo,752,12252023,2017,61.431000000000004
2021-05-15,Estados Unidos,New York,944,8398748,2018,112.41799999999999
