Reported_date,City,total_confirmed_cases,Population,Census_year,cases_per_million,lat,lon,temp_mean,humidity_mean,temp_min,temp_max,1_7_day_avg_temp,8_14_day_avg_temp,1_7_day_avg_humidity,8_14_day_avg_humidity,percent_change_in_temp,percent_change_in_humidity
2020-05-20,Sao Paulo,69859,12106920,2017,5770.0,-23.550520000000002,-46.633309000000004,19.32,73.38,14.78,26.11,17.56,17.21,74.71,69.12,-2.03,-8.09
2020-05-20,New York,354370,8398748,2018,42193.0,40.712775,-74.005973,13.64,47.46,8.89,20.0,16.29,10.14,54.03,52.8,-60.65,-2.33
2020-05-21,Sao Paulo,73739,12106920,2017,6091.0,-23.550520000000002,-46.633309000000004,19.5,70.17,12.71,26.2,17.58,17.12,76.42,69.21,-2.69,-10.42
2020-05-21,New York,356458,8398748,2018,42442.0,40.712775,-74.005973,12.87,60.62,6.0,20.56,16.63,10.25,55.62,49.52,-62.24,-12.32
2020-05-22,Sao Paulo,76871,12106920,2017,6349.0,-23.550520000000002,-46.633309000000004,20.75,59.33,14.44,29.0,17.7,17.71,75.9,67.58,0.06,-12.31
2020-05-22,New York,358154,8398748,2018,42644.0,40.712775,-74.005973,16.64,74.44,10.0,25.56,16.57,10.43,57.22,48.85,-58.87,-17.13
2020-05-23,Sao Paulo,76871,12106920,2017,6349.0,-23.550520000000002,-46.633309000000004,20.5,72.0,15.56,27.78,18.41,17.79,72.19,68.52,-3.49,-5.36
2020-05-23,New York,359926,8398748,2018,42855.0,40.712775,-74.005973,17.19,91.86,13.89,21.0,16.03,11.73,58.67,51.07,-36.66,-14.88
2020-05-24,Sao Paulo,82161,12106920,2017,6786.0,-23.550520000000002,-46.633309000000004,13.83,70.96,10.94,21.0,18.81,17.91,72.04,68.93,-5.03,-4.51
2020-05-24,New York,361515,8398748,2018,43044.0,40.712775,-74.005973,14.67,65.12,10.56,21.11,15.36,14.12,63.65,50.85,-8.78,-25.17
2020-05-25,Sao Paulo,83625,12106920,2017,6907.0,-23.550520000000002,-46.633309000000004,14.62,61.79,9.88,25.0,18.4,17.85,71.5,69.82,-3.08,-2.41
2020-05-25,New York,362764,8398748,2018,43193.0,40.712775,-74.005973,16.24,75.71,12.78,24.44,15.17,15.06,64.59,52.86,-0.73,-22.19
2020-05-26,Sao Paulo,806017,12106920,2017,66575.0,-23.550520000000002,-46.633309000000004,14.63,53.42,9.0,22.22,18.1,17.66,69.11,72.58,-2.49,4.78
2020-05-26,New York,363836,8398748,2018,43320.0,40.712775,-74.005973,18.04,81.88,12.78,26.11,15.3,15.5,66.6,53.11,1.29,-25.4
2020-05-27,Sao Paulo,89483,12106920,2017,7391.0,-23.550520000000002,-46.633309000000004,14.42,56.88,6.47,22.22,17.59,17.56,65.86,74.71,-0.17,11.85
2020-05-27,New York,364965,8398748,2018,43455.0,40.712775,-74.005973,18.79,80.5,13.89,27.22,15.61,16.29,71.01,54.03,4.17,-31.43
2020-05-28,Sao Paulo,95865,12106920,2017,7918.0,-23.550520000000002,-46.633309000000004,13.83,69.83,6.0,21.11,16.89,17.58,63.51,76.42,3.92,16.89
2020-05-28,New York,366733,8398748,2018,43665.0,40.712775,-74.005973,19.75,86.54,15.0,26.11,16.35,16.63,75.73,55.62,1.68,-36.16
2020-05-29,Sao Paulo,101556,12106920,2017,8388.0,-23.550520000000002,-46.633309000000004,15.59,71.5,7.16,25.56,16.08,17.7,63.46,75.9,9.15,16.39
2020-05-29,New York,368284,8398748,2018,43850.0,40.712775,-74.005973,22.15,82.29,16.67,30.0,17.33,16.57,79.44,57.22,-4.59,-38.83
2020-05-30,Sao Paulo,107142,12106920,2017,8850.0,-23.550520000000002,-46.633309000000004,17.19,67.08,7.0,25.69,15.35,18.41,65.2,72.19,16.62,9.68
2020-05-30,New York,369660,8398748,2018,44014.0,40.712775,-74.005973,22.93,65.38,17.22,29.0,18.12,16.03,80.56,58.67,-13.04,-37.31
2020-05-31,Sao Paulo,109698,12106920,2017,9061.0,-23.550520000000002,-46.633309000000004,17.46,55.71,8.0,27.22,14.87,18.81,64.49,72.04,20.95,10.48
2020-05-31,New York,370770,8398748,2018,44146.0,40.712775,-74.005973,19.1,42.17,12.78,27.0,18.94,15.36,76.77,63.65,-23.31,-20.61
2020-06-01,Sao Paulo,111296,12106920,2017,9193.0,-23.550520000000002,-46.633309000000004,18.27,55.79,8.0,26.0,15.39,18.4,62.32,71.5,16.36,12.84
2020-06-01,New York,371711,8398748,2018,44258.0,40.712775,-74.005973,16.04,40.38,8.89,23.0,19.57,15.17,73.5,64.59,-29.0,-13.79
2020-06-02,Sao Paulo,118295,12106920,2017,9771.0,-23.550520000000002,-46.633309000000004,16.71,84.38,12.8,21.67,15.91,18.1,61.46,69.11,12.1,11.07
2020-06-02,New York,373040,8398748,2018,44416.0,40.712775,-74.005973,18.56,47.25,12.0,24.0,19.54,15.3,68.45,66.6,-27.71,-2.78
2020-06-03,Sao Paulo,123483,12106920,2017,10199.0,-23.550520000000002,-46.633309000000004,17.37,81.46,13.78,23.0,16.21,17.59,65.88,65.86,7.85,-0.03
2020-06-03,New York,374085,8398748,2018,44541.0,40.712775,-74.005973,20.53,70.73,15.0,28.0,19.62,15.61,63.5,71.01,-25.69,10.58
2020-06-04,Sao Paulo,129200,12106920,2017,10672.0,-23.550520000000002,-46.633309000000004,18.24,81.42,15.81,22.22,16.63,16.89,69.39,63.51,1.54,-9.26
2020-06-04,New York,375133,8398748,2018,44665.0,40.712775,-74.005973,23.69,70.21,17.0,32.22,19.87,16.35,62.11,75.73,-21.53,17.98
2020-06-05,Sao Paulo,129200,12106920,2017,10672.0,-23.550520000000002,-46.633309000000004,19.08,85.71,16.66,24.44,17.26,16.08,71.05,63.46,-7.34,-11.96
2020-06-05,New York,376208,8398748,2018,44793.0,40.712775,-74.005973,22.86,79.64,18.0,28.0,20.43,17.33,59.77,79.44,-17.89,24.76
2020-06-06,Sao Paulo,140549,12106920,2017,11609.0,-23.550520000000002,-46.633309000000004,20.31,75.21,16.79,25.0,17.76,15.35,73.08,65.2,-15.7,-12.09
2020-06-06,New York,377316,8398748,2018,44925.0,40.712775,-74.005973,24.5,80.4,18.89,32.22,20.53,18.12,59.39,80.56,-13.3,26.28
2020-06-07,Sao Paulo,74796,12252023,2017,6105.0,-23.550520000000002,-46.633309000000004,20.22,77.76,16.72,25.0,18.21,14.87,74.24,64.49,-22.46,-15.12
2020-06-07,New York,378097,8398748,2018,45018.0,40.712775,-74.005973,22.34,42.96,16.67,28.33,20.75,18.94,61.54,76.77,-9.56,19.84
2020-06-08,Sao Paulo,74796,12252023,2017,6105.0,-23.550520000000002,-46.633309000000004,20.57,76.33,12.75,27.0,18.6,15.39,77.39,62.32,-20.86,-24.18
2020-06-08,New York,378799,8398748,2018,45102.0,40.712775,-74.005973,21.09,42.75,13.33,28.0,21.22,19.57,61.65,73.5,-8.43,16.12
2020-06-09,Sao Paulo,74796,12252023,2017,6105.0,-23.550520000000002,-46.633309000000004,20.99,78.21,15.78,28.89,18.93,15.91,80.32,61.46,-18.98,-30.69
2020-06-09,New York,379482,8398748,2018,45183.0,40.712775,-74.005973,23.99,52.79,16.0,33.33,21.94,19.54,61.99,68.45,-12.28,9.44
2020-06-10,Sao Paulo,80457,12252023,2017,6567.0,-23.550520000000002,-46.633309000000004,21.71,73.04,16.67,28.0,19.54,16.21,79.44,65.88,-20.54,-20.58
2020-06-10,New York,380156,8398748,2018,45263.0,40.712775,-74.005973,25.38,62.21,19.44,31.67,22.71,19.62,62.78,63.5,-15.75,1.13
2020-06-11,Sao Paulo,83076,12252023,2017,6781.0,-23.550520000000002,-46.633309000000004,23.15,61.46,17.78,31.0,20.16,16.63,78.24,69.39,-21.23,-12.75
2020-06-11,New York,380892,8398748,2018,45351.0,40.712775,-74.005973,23.78,81.63,19.44,29.44,23.41,19.87,61.57,62.11,-17.82,0.87
2020-06-12,Sao Paulo,85622,12252023,2017,6988.0,-23.550520000000002,-46.633309000000004,22.04,63.04,14.77,29.03,20.86,17.26,75.39,71.05,-20.86,-6.11
2020-06-12,New York,381714,8398748,2018,45449.0,40.712775,-74.005973,24.78,63.62,18.89,31.11,23.42,20.43,63.2,59.77,-14.64,-5.74
2020-06-13,Sao Paulo,89025,12252023,2017,7266.0,-23.550520000000002,-46.633309000000004,21.74,64.0,14.0,28.81,21.28,17.76,72.15,73.08,-19.82,1.27
2020-06-13,New York,382630,8398748,2018,45558.0,40.712775,-74.005973,21.16,44.25,15.0,28.33,23.69,20.53,60.91,59.39,-15.39,-2.56
2020-06-14,Sao Paulo,91198,12252023,2017,7444.0,-23.550520000000002,-46.633309000000004,16.99,84.25,13.33,23.0,21.49,18.21,70.55,74.24,-18.01,4.97
2020-06-14,New York,383324,8398748,2018,45641.0,40.712775,-74.005973,17.75,47.21,11.0,25.0,23.22,20.75,55.74,61.54,-11.9,9.42
2020-06-15,Sao Paulo,93448,12252023,2017,7627.0,-23.550520000000002,-46.633309000000004,16.95,78.33,13.67,23.33,21.03,18.6,71.48,77.39,-13.06,7.64
2020-06-15,New York,383944,8398748,2018,45714.0,40.712775,-74.005973,19.01,59.46,13.0,25.0,22.56,21.22,56.35,61.65,-6.31,8.6
2020-06-16,Sao Paulo,97676,12252023,2017,7972.0,-23.550520000000002,-46.633309000000004,17.89,75.21,14.1,24.44,20.51,18.93,71.76,80.32,-8.35,10.66
2020-06-16,New York,384575,8398748,2018,45790.0,40.712775,-74.005973,19.57,59.79,13.89,26.11,22.26,21.94,58.74,61.99,-1.46,5.24
2020-06-17,Sao Paulo,98132,12252023,2017,8009.0,-23.550520000000002,-46.633309000000004,18.67,69.58,14.57,24.0,20.07,19.54,71.33,79.44,-2.71,10.21
2020-06-17,New York,385142,8398748,2018,45857.0,40.712775,-74.005973,20.13,65.17,14.44,27.0,21.63,22.71,59.74,62.78,4.76,4.84
2020-06-18,Sao Paulo,98530,12252023,2017,8042.0,-23.550520000000002,-46.633309000000004,18.42,63.04,10.0,25.0,19.63,20.16,70.84,78.24,2.63,9.46
2020-06-18,New York,385760,8398748,2018,45931.0,40.712775,-74.005973,20.51,82.33,16.67,27.22,20.88,23.41,60.16,61.57,10.81,2.29
2020-06-19,Sao Paulo,105407,12252023,2017,8603.0,-23.550520000000002,-46.633309000000004,19.71,58.33,12.0,30.0,18.96,20.86,71.06,75.39,9.11,5.74
2020-06-19,New York,387272,8398748,2018,46111.0,40.712775,-74.005973,22.07,78.96,17.22,29.44,20.42,23.42,60.26,63.2,12.81,4.65
2020-06-20,Sao Paulo,105591,12252023,2017,8618.0,-23.550520000000002,-46.633309000000004,20.51,61.62,12.13,28.0,18.62,21.28,70.39,72.15,12.5,2.44
2020-06-20,New York,387936,8398748,2018,46190.0,40.712775,-74.005973,24.01,71.67,17.78,31.11,20.03,23.69,62.45,60.91,15.45,-2.53
2020-06-21,Sao Paulo,106540,12252023,2017,8696.0,-23.550520000000002,-46.633309000000004,20.97,60.88,12.95,31.11,18.45,21.49,70.05,70.55,14.15,0.71
2020-06-21,New York,388488,8398748,2018,46255.0,40.712775,-74.005973,24.48,71.12,18.33,31.67,20.44,23.22,66.37,55.74,11.97,-19.07
2020-06-22,Sao Paulo,107731,12252023,2017,8793.0,-23.550520000000002,-46.633309000000004,20.6,55.92,12.0,27.26,19.02,21.03,66.71,71.48,9.56,6.67
2020-06-22,New York,389085,8398748,2018,46327.0,40.712775,-74.005973,26.32,68.12,20.0,35.0,21.4,22.56,69.79,56.35,5.14,-23.85
2020-06-23,Sao Paulo,110241,12252023,2017,8998.0,-23.550520000000002,-46.633309000000004,19.77,52.17,12.0,26.0,19.54,20.51,63.51,71.76,4.73,11.5
2020-06-23,New York,389085,8398748,2018,46327.0,40.712775,-74.005973,26.12,69.38,20.56,31.67,22.44,22.26,71.02,58.74,-0.81,-20.91
2020-06-24,Sao Paulo,113261,12252023,2017,9244.0,-23.550520000000002,-46.633309000000004,19.17,50.46,10.85,27.78,19.81,20.07,60.22,71.33,1.3,15.58
2020-06-24,New York,213348,8398748,2018,25402.0,40.712775,-74.005973,26.12,66.0,22.0,31.11,23.38,21.63,72.39,59.74,-8.09,-21.18
2020-06-25,Sao Paulo,117311,12252023,2017,9575.0,-23.550520000000002,-46.633309000000004,20.55,59.79,11.0,27.47,19.88,19.63,57.49,70.84,-1.27,18.85
2020-06-25,New York,214070,8398748,2018,25488.0,40.712775,-74.005973,25.58,49.88,20.0,31.67,24.23,20.88,72.51,60.16,-16.04,-20.53
2020-06-26,Sao Paulo,121163,12252023,2017,9889.0,-23.550520000000002,-46.633309000000004,18.49,76.42,15.0,24.0,20.18,18.96,57.02,71.06,-6.43,19.76
2020-06-26,New York,214434,8398748,2018,25532.0,40.712775,-74.005973,25.04,60.33,18.89,32.0,24.96,20.42,67.88,60.26,-22.23,-12.65
2020-06-27,Sao Paulo,124105,12252023,2017,10129.0,-23.550520000000002,-46.633309000000004,15.15,87.97,12.18,20.56,20.01,18.62,59.61,70.39,-7.47,15.31
2020-06-27,New York,214750,8398748,2018,25569.0,40.712775,-74.005973,24.64,65.67,20.0,30.0,25.38,20.03,65.21,62.45,-26.71,-4.42
2020-06-28,Sao Paulo,124105,12252023,2017,10129.0,-23.550520000000002,-46.633309000000004,14.02,85.69,11.67,19.0,19.24,18.45,63.37,70.05,-4.28,9.54
2020-06-28,New York,214750,8398748,2018,25569.0,40.712775,-74.005973,26.19,75.76,21.0,33.89,25.47,20.44,64.36,66.37,-24.61,3.03
2020-06-29,Sao Paulo,125012,12252023,2017,10203.0,-23.550520000000002,-46.633309000000004,15.73,79.71,12.0,21.67,18.25,19.02,66.92,66.71,4.05,-0.31
2020-06-29,New York,214750,8398748,2018,25569.0,40.712775,-74.005973,25.4,68.12,20.0,32.22,25.72,21.4,65.02,69.79,-20.19,6.83
2020-06-30,Sao Paulo,127119,12252023,2017,10375.0,-23.550520000000002,-46.633309000000004,18.34,68.67,13.0,28.89,17.55,19.54,70.32,63.51,10.18,-10.72
2020-06-30,New York,215179,8398748,2018,25620.0,40.712775,-74.005973,22.82,72.83,18.33,26.67,25.58,22.44,65.02,71.02,-13.99,8.45
2020-07-01,Sao Paulo,129328,12252023,2017,10556.0,-23.550520000000002,-46.633309000000004,19.25,57.79,12.0,26.11,17.35,19.81,72.67,60.22,12.42,-20.67
2020-07-01,New York,215902,8398748,2018,25706.0,40.712775,-74.005973,22.59,77.92,18.89,28.0,25.11,23.38,65.51,72.39,-7.4,9.5
2020-07-02,Sao Paulo,134984,12252023,2017,11017.0,-23.550520000000002,-46.633309000000004,13.79,68.54,6.71,20.56,17.36,19.88,73.72,57.49,12.68,-28.23
2020-07-02,New York,216362,8398748,2018,25761.0,40.712775,-74.005973,25.68,66.79,18.89,35.0,24.61,24.23,67.22,72.51,-1.57,7.3
2020-07-03,Sao Paulo,137762,12252023,2017,11244.0,-23.550520000000002,-46.633309000000004,13.65,74.17,8.0,20.56,16.4,20.18,74.97,57.02,18.73,-31.48
2020-07-03,New York,216730,8398748,2018,25805.0,40.712775,-74.005973,28.53,56.46,22.78,35.0,24.62,24.96,69.63,67.88,1.36,-2.58
2020-07-04,Sao Paulo,139871,12252023,2017,11416.0,-23.550520000000002,-46.633309000000004,16.13,66.12,9.77,24.44,15.7,20.01,74.65,59.61,21.54,-25.23
2020-07-04,New York,216969,8398748,2018,25833.0,40.712775,-74.005973,23.95,77.33,19.44,32.22,25.12,25.38,69.08,65.21,1.02,-5.93
2020-07-05,Sao Paulo,140231,12252023,2017,11446.0,-23.550520000000002,-46.633309000000004,18.09,73.33,11.64,28.0,15.84,19.24,71.53,63.37,17.67,-12.88
2020-07-05,New York,217216,8398748,2018,25863.0,40.712775,-74.005973,26.41,69.88,21.11,35.0,25.02,25.47,70.74,64.36,1.77,-9.91
2020-07-06,Sao Paulo,142502,12252023,2017,11631.0,-23.550520000000002,-46.633309000000004,20.3,63.67,13.0,27.0,16.43,18.25,69.76,66.92,9.97,-4.24
2020-07-06,New York,217488,8398748,2018,25895.0,40.712775,-74.005973,27.23,65.12,21.0,36.11,25.05,25.72,69.9,65.02,2.6,-7.51
2020-07-07,Sao Paulo,144573,12252023,2017,11800.0,-23.550520000000002,-46.633309000000004,20.54,64.46,14.23,28.0,17.08,17.55,67.47,70.32,2.68,4.05
2020-07-07,New York,217777,8398748,2018,25930.0,40.712775,-74.005973,24.08,79.75,21.11,28.89,25.32,25.58,69.48,65.02,1.02,-6.86
2020-07-08,Sao Paulo,146739,12252023,2017,11977.0,-23.550520000000002,-46.633309000000004,21.86,43.08,15.0,27.78,17.39,17.35,66.87,72.67,-0.23,7.98
2020-07-08,New York,218052,8398748,2018,25962.0,40.712775,-74.005973,25.81,80.0,22.78,31.0,25.5,25.11,70.46,65.51,-1.55,-7.56
2020-07-09,Sao Paulo,149431,12252023,2017,12196.0,-23.550520000000002,-46.633309000000004,19.43,60.88,13.0,27.22,17.77,17.36,64.77,73.72,-2.36,12.14
2020-07-09,New York,218404,8398748,2018,26004.0,40.712775,-74.005973,26.52,76.83,21.67,33.33,25.96,24.61,70.76,67.22,-5.49,-5.27
2020-07-10,Sao Paulo,151365,12252023,2017,12354.0,-23.550520000000002,-46.633309000000004,15.43,74.33,8.0,22.78,18.57,16.4,63.67,74.97,-13.23,15.07
2020-07-10,New York,218710,8398748,2018,26041.0,40.712775,-74.005973,24.25,89.7,22.22,28.0,26.08,24.62,72.2,69.63,-5.93,-3.69
2020-07-11,Sao Paulo,152806,12252023,2017,12472.0,-23.550520000000002,-46.633309000000004,19.44,68.17,13.0,27.19,18.83,15.7,63.7,74.65,-19.94,14.67
2020-07-11,New York,219051,8398748,2018,26081.0,40.712775,-74.005973,25.17,84.72,21.67,31.67,25.46,25.12,76.94,69.08,-1.35,-11.38
2020-07-12,Sao Paulo,154013,12252023,2017,12570.0,-23.550520000000002,-46.633309000000004,20.73,60.75,13.0,30.0,19.3,15.84,63.99,71.53,-21.84,10.54
2020-07-12,New York,219301,8398748,2018,26111.0,40.712775,-74.005973,26.59,65.08,21.11,33.33,25.64,25.02,78.0,70.74,-2.48,-10.26
2020-07-13,Sao Paulo,158802,12252023,2017,12961.0,-23.550520000000002,-46.633309000000004,21.27,60.67,14.0,28.0,19.68,16.43,62.19,69.76,-19.78,10.85
2020-07-13,New York,219616,8398748,2018,26149.0,40.712775,-74.005973,26.85,61.83,20.56,32.78,25.66,25.05,77.31,69.9,-2.44,-10.6
2020-07-14,Sao Paulo,160326,12252023,2017,13086.0,-23.550520000000002,-46.633309000000004,17.71,79.17,13.86,23.89,19.81,17.08,61.76,67.47,-15.98,8.46
2020-07-14,New York,219982,8398748,2018,26192.0,40.712775,-74.005973,26.15,54.29,20.0,31.67,25.61,25.32,76.84,69.48,-1.15,-10.59
2020-07-15,Sao Paulo,162244,12252023,2017,13242.0,-23.550520000000002,-46.633309000000004,14.6,81.58,11.99,20.0,19.41,17.39,63.86,66.87,-11.62,4.5
2020-07-15,New York,220367,8398748,2018,26238.0,40.712775,-74.005973,24.63,66.92,20.0,29.44,25.91,25.5,73.21,70.46,-1.61,-3.9
2020-07-16,Sao Paulo,163624,12252023,2017,13355.0,-23.550520000000002,-46.633309000000004,15.51,78.46,11.95,21.11,18.37,17.77,69.36,64.77,-3.38,-7.09
2020-07-16,New York,220734,8398748,2018,26282.0,40.712775,-74.005973,22.99,67.83,20.56,26.67,25.74,25.96,71.34,70.76,0.85,-0.82
2020-07-17,Sao Paulo,165094,12252023,2017,13475.0,-23.550520000000002,-46.633309000000004,17.31,76.42,12.19,25.0,17.81,18.57,71.88,63.67,4.09,-12.89
2020-07-17,New York,221121,8398748,2018,26328.0,40.712775,-74.005973,23.42,74.96,20.0,31.67,25.23,26.08,70.05,72.2,3.26,2.98
2020-07-18,Sao Paulo,166073,12252023,2017,13555.0,-23.550520000000002,-46.633309000000004,18.78,71.67,13.75,24.44,18.08,18.83,72.17,63.7,3.98,-13.3
2020-07-18,New York,221419,8398748,2018,26363.0,40.712775,-74.005973,27.52,66.58,21.0,35.0,25.11,25.46,67.95,76.94,1.37,11.68
2020-07-19,Sao Paulo,166348,12252023,2017,13577.0,-23.550520000000002,-46.633309000000004,18.63,68.83,12.65,24.44,17.99,19.3,72.67,63.99,6.79,-13.56
2020-07-19,New York,221703,8398748,2018,26397.0,40.712775,-74.005973,29.01,65.5,22.78,37.22,25.45,25.64,65.36,78.0,0.74,16.21
2020-07-20,Sao Paulo,167801,12252023,2017,13696.0,-23.550520000000002,-46.633309000000004,18.57,62.29,11.0,25.62,17.69,19.68,73.83,62.19,10.11,-18.72
2020-07-20,New York,222094,8398748,2018,26444.0,40.712775,-74.005973,30.42,65.38,25.56,36.11,25.8,25.66,65.42,77.31,-0.55,15.38
2020-07-21,Sao Paulo,171119,12252023,2017,13967.0,-23.550520000000002,-46.633309000000004,19.47,59.17,10.0,28.0,17.3,19.81,74.06,61.76,12.67,-19.92
2020-07-21,New York,222444,8398748,2018,26485.0,40.712775,-74.005973,29.63,52.04,23.89,35.56,26.31,25.61,65.92,76.84,-2.73,14.21
2020-07-22,Sao Paulo,173710,12252023,2017,14178.0,-23.550520000000002,-46.633309000000004,19.83,60.79,10.65,27.22,17.55,19.41,71.2,63.86,9.58,-11.49
2020-07-22,New York,222832,8398748,2018,26532.0,40.712775,-74.005973,28.21,73.73,22.0,35.56,26.8,25.91,65.6,73.21,-3.43,10.39
2020-07-23,Sao Paulo,176190,12252023,2017,14380.0,-23.550520000000002,-46.633309000000004,19.8,57.46,11.0,27.0,18.3,18.37,68.23,69.36,0.38,1.63
2020-07-23,New York,223192,8398748,2018,26574.0,40.712775,-74.005973,25.79,83.23,22.0,33.33,27.31,25.74,66.57,71.34,-6.1,6.69
2020-07-24,Sao Paulo,179115,12252023,2017,14619.0,-23.550520000000002,-46.633309000000004,19.78,57.79,11.96,27.22,18.91,17.81,65.23,71.88,-6.18,9.25
2020-07-24,New York,223532,8398748,2018,26615.0,40.712775,-74.005973,25.28,82.58,22.0,30.0,27.71,25.23,68.77,70.05,-9.83,1.83
2020-07-25,Sao Paulo,179777,12252023,2017,14673.0,-23.550520000000002,-46.633309000000004,20.78,50.42,11.0,32.22,19.27,18.08,62.57,72.17,-6.58,13.3
2020-07-25,New York,223761,8398748,2018,26642.0,40.712775,-74.005973,26.5,74.83,21.0,34.44,27.98,25.11,69.86,67.95,-11.43,-2.81
2020-07-26,Sao Paulo,182027,12252023,2017,14857.0,-23.550520000000002,-46.633309000000004,17.22,75.04,14.3,22.0,19.55,17.99,59.54,72.67,-8.67,18.07
2020-07-26,New York,224051,8398748,2018,26677.0,40.712775,-74.005973,28.97,65.21,23.89,35.56,27.83,25.45,71.04,65.36,-9.35,-8.69
2020-07-27,Sao Paulo,182027,12252023,2017,14857.0,-23.550520000000002,-46.633309000000004,19.53,67.71,13.84,28.0,19.35,17.69,60.42,73.83,-9.38,18.16
2020-07-27,New York,224249,8398748,2018,26700.0,40.712775,-74.005973,29.99,52.71,23.0,36.67,27.83,25.8,71.0,65.42,-7.87,-8.53
2020-07-28,Sao Paulo,188827,12252023,2017,15412.0,-23.550520000000002,-46.633309000000004,21.74,56.79,13.0,30.56,19.49,17.3,61.2,74.06,-12.66,17.36
2020-07-28,New York,224551,8398748,2018,26736.0,40.712775,-74.005973,30.42,61.88,25.56,35.56,27.77,26.31,69.19,65.92,-5.55,-4.96
2020-07-29,Sao Paulo,193684,12252023,2017,15808.0,-23.550520000000002,-46.633309000000004,16.45,76.84,13.08,23.89,19.81,17.55,60.86,71.2,-12.88,14.52
2020-07-29,New York,224863,8398748,2018,26773.0,40.712775,-74.005973,28.59,61.21,23.0,34.44,27.88,26.8,70.6,65.6,-4.03,-7.62
2020-07-30,Sao Paulo,197560,12252023,2017,16125.0,-23.550520000000002,-46.633309000000004,14.39,83.38,11.76,18.33,19.33,18.3,63.15,68.23,-5.63,7.45
2020-07-30,New York,225148,8398748,2018,26807.0,40.712775,-74.005973,28.83,57.46,22.78,35.0,27.93,27.31,68.81,66.57,-2.27,-3.36
2020-07-31,Sao Paulo,199674,12252023,2017,16297.0,-23.550520000000002,-46.633309000000004,15.86,77.0,12.53,21.67,18.56,18.91,66.85,65.23,1.85,-2.48
2020-07-31,New York,225460,8398748,2018,26844.0,40.712775,-74.005973,24.91,78.11,21.0,31.67,28.37,27.71,65.13,68.77,-2.38,5.29
2020-08-01,Sao Paulo,200444,12252023,2017,16360.0,-23.550520000000002,-46.633309000000004,16.76,73.21,12.65,23.0,18.0,19.27,69.6,62.57,6.59,-11.24
2020-08-01,New York,225723,8398748,2018,26876.0,40.712775,-74.005973,26.23,68.96,21.0,33.33,28.32,27.98,64.49,69.86,-1.22,7.69
2020-08-02,Sao Paulo,200705,12252023,2017,16381.0,-23.550520000000002,-46.633309000000004,16.77,72.67,11.0,24.0,17.42,19.55,72.85,59.54,10.9,-22.35
2020-08-02,New York,225964,8398748,2018,26904.0,40.712775,-74.005973,27.31,73.83,24.44,33.89,28.28,27.83,63.65,71.04,-1.62,10.4
2020-08-03,Sao Paulo,203279,12252023,2017,16591.0,-23.550520000000002,-46.633309000000004,16.49,70.12,10.11,23.0,17.36,19.35,72.51,60.42,10.28,-20.01
2020-08-03,New York,226280,8398748,2018,26942.0,40.712775,-74.005973,28.72,62.79,24.44,33.33,28.04,27.83,64.88,71.0,-0.75,8.62
2020-08-04,Sao Paulo,206102,12252023,2017,16822.0,-23.550520000000002,-46.633309000000004,16.04,69.67,9.71,24.0,16.92,19.49,72.86,61.2,13.19,-19.05
2020-08-04,New York,226581,8398748,2018,26978.0,40.712775,-74.005973,24.85,80.97,21.0,30.56,27.86,27.77,66.32,69.19,-0.32,4.15
2020-08-05,Sao Paulo,209559,12252023,2017,17104.0,-23.550520000000002,-46.633309000000004,16.27,70.67,10.0,24.0,16.11,19.81,74.7,60.86,18.68,-22.74
2020-08-05,New York,226914,8398748,2018,27018.0,40.712775,-74.005973,26.46,66.67,21.0,32.78,27.06,27.88,69.05,70.6,2.94,2.2
2020-08-06,Sao Paulo,211469,12252023,2017,17260.0,-23.550520000000002,-46.633309000000004,16.42,70.0,10.81,24.44,16.08,19.33,73.82,63.15,16.81,-16.9
2020-08-06,New York,227258,8398748,2018,27059.0,40.712775,-74.005973,24.69,60.29,20.0,29.44,26.76,27.93,69.83,68.81,4.19,-1.48
2020-08-07,Sao Paulo,213507,12252023,2017,17426.0,-23.550520000000002,-46.633309000000004,17.05,64.08,9.0,25.56,16.37,18.56,71.91,66.85,11.8,-7.57
2020-08-07,New York,227584,8398748,2018,27097.0,40.712775,-74.005973,23.52,68.88,19.44,27.78,26.17,28.37,70.23,65.13,7.75,-7.83
2020-08-08,Sao Paulo,214094,12252023,2017,17474.0,-23.550520000000002,-46.633309000000004,17.39,64.83,9.0,26.0,16.54,18.0,70.06,69.6,8.11,-0.66
2020-08-08,New York,227832,8398748,2018,27127.0,40.712775,-74.005973,23.79,79.4,20.0,30.0,25.97,28.32,68.91,64.49,8.3,-6.85
2020-08-09,Sao Paulo,214329,12252023,2017,17493.0,-23.550520000000002,-46.633309000000004,18.14,64.38,11.0,26.67,16.63,17.42,68.86,72.85,4.54,5.48
2020-08-09,New York,228069,8398748,2018,27155.0,40.712775,-74.005973,25.42,77.17,20.56,32.22,25.62,28.28,70.4,63.65,9.41,-10.6
2020-08-10,Sao Paulo,217244,12252023,2017,17731.0,-23.550520000000002,-46.633309000000004,19.42,58.17,11.6,27.0,16.83,17.36,67.68,72.51,3.05,6.66
2020-08-10,New York,228343,8398748,2018,27188.0,40.712775,-74.005973,28.03,72.75,22.78,35.0,25.35,28.04,70.88,64.88,9.59,-9.25
2020-08-11,Sao Paulo,224140,12252023,2017,18294.0,-23.550520000000002,-46.633309000000004,20.36,50.08,11.0,27.43,17.25,16.92,65.97,72.86,-1.95,9.46
2020-08-11,New York,228729,8398748,2018,27234.0,40.712775,-74.005973,27.83,73.08,23.8,32.22,25.25,27.86,72.3,66.32,9.37,-9.02
2020-08-12,Sao Paulo,231203,12252023,2017,18871.0,-23.550520000000002,-46.633309000000004,19.71,60.96,12.0,28.33,17.86,16.11,63.17,74.7,-10.86,15.44
2020-08-12,New York,229167,8398748,2018,27286.0,40.712775,-74.005973,27.52,76.85,23.89,33.89,25.68,27.06,71.18,69.05,5.1,-3.08
2020-08-13,Sao Paulo,233987,12252023,2017,19098.0,-23.550520000000002,-46.633309000000004,20.61,62.08,13.0,30.0,18.36,16.08,61.79,73.82,-14.18,16.3
2020-08-13,New York,229534,8398748,2018,27330.0,40.712775,-74.005973,25.47,81.73,22.0,29.0,25.83,26.76,72.63,69.83,3.48,-4.01
2020-08-14,Sao Paulo,235519,12252023,2017,19223.0,-23.550520000000002,-46.633309000000004,22.28,59.5,15.77,29.04,18.95,16.37,60.65,71.91,-15.76,15.66
2020-08-14,New York,229916,8398748,2018,27375.0,40.712775,-74.005973,26.02,68.42,21.67,32.0,25.94,26.17,75.69,70.23,0.88,-7.77
2020-08-15,Sao Paulo,235866,12252023,2017,19251.0,-23.550520000000002,-46.633309000000004,20.9,67.46,16.21,27.1,19.7,16.54,60.0,70.06,-19.11,14.36
2020-08-15,New York,230223,8398748,2018,27412.0,40.712775,-74.005973,25.1,56.71,21.0,30.0,26.3,25.97,75.63,68.91,-1.27,-9.75
2020-08-16,Sao Paulo,236163,12252023,2017,19275.0,-23.550520000000002,-46.633309000000004,18.36,79.38,15.12,22.78,20.2,16.63,60.38,68.86,-21.47,12.31
2020-08-16,New York,230458,8398748,2018,27440.0,40.712775,-74.005973,21.26,78.88,18.89,25.0,26.48,25.62,72.39,70.4,-3.36,-2.83
2020-08-17,Sao Paulo,237934,12252023,2017,19420.0,-23.550520000000002,-46.633309000000004,18.19,76.92,15.6,23.0,20.23,16.83,62.52,67.68,-20.2,7.62
2020-08-17,New York,230742,8398748,2018,27473.0,40.712775,-74.005973,21.91,70.58,16.67,29.44,25.89,25.35,72.63,70.88,-2.13,-2.47
2020-08-18,Sao Paulo,240115,12252023,2017,19598.0,-23.550520000000002,-46.633309000000004,17.32,82.42,15.0,23.0,20.06,17.25,65.2,65.97,-16.29,1.17
2020-08-18,New York,231015,8398748,2018,27506.0,40.712775,-74.005973,23.05,72.69,17.0,30.0,25.02,25.25,72.32,72.3,0.91,-0.03
2020-08-19,Sao Paulo,241764,12252023,2017,19733.0,-23.550520000000002,-46.633309000000004,18.32,83.04,15.0,27.31,19.62,17.86,69.82,63.17,-9.85,-10.53
2020-08-19,New York,231288,8398748,2018,27538.0,40.712775,-74.005973,22.46,72.4,18.89,27.22,24.33,25.68,72.27,71.18,5.26,-1.53
2020-08-20,Sao Paulo,242589,12252023,2017,19800.0,-23.550520000000002,-46.633309000000004,15.54,81.6,12.0,21.11,19.43,18.36,72.97,61.79,-5.83,-18.09
2020-08-20,New York,231574,8398748,2018,27572.0,40.712775,-74.005973,22.38,57.62,16.0,29.0,23.61,25.83,71.63,72.63,8.59,1.38
2020-08-21,Sao Paulo,246492,12252023,2017,20118.0,-23.550520000000002,-46.633309000000004,10.92,86.08,7.78,15.56,18.7,18.95,75.76,60.65,1.32,-24.91
2020-08-21,New York,231841,8398748,2018,27604.0,40.712775,-74.005973,24.09,65.88,17.78,31.11,23.17,25.94,68.19,75.69,10.68,9.91
2020-08-22,Sao Paulo,247403,12252023,2017,20193.0,-23.550520000000002,-46.633309000000004,10.44,85.44,7.78,17.0,17.08,19.7,79.56,60.0,13.3,-32.6
2020-08-22,New York,232120,8398748,2018,27637.0,40.712775,-74.005973,26.52,72.79,22.0,33.33,22.89,26.3,67.82,75.63,12.97,10.33
2020-08-23,Sao Paulo,247730,12252023,2017,20220.0,-23.550520000000002,-46.633309000000004,13.01,73.5,6.0,21.11,15.58,20.2,82.13,60.38,22.87,-36.02
2020-08-23,New York,232334,8398748,2018,27663.0,40.712775,-74.005973,26.12,74.21,21.11,32.0,23.1,26.48,70.12,72.39,12.76,3.14
2020-08-24,Sao Paulo,250171,12252023,2017,20419.0,-23.550520000000002,-46.633309000000004,13.95,71.17,8.0,22.22,14.82,20.23,81.29,62.52,26.74,-30.02
2020-08-24,New York,232565,8398748,2018,27690.0,40.712775,-74.005973,27.37,71.71,22.22,34.0,23.79,25.89,69.45,72.63,8.11,4.38
2020-08-25,Sao Paulo,252063,12252023,2017,20573.0,-23.550520000000002,-46.633309000000004,13.85,70.67,8.0,21.0,14.21,20.06,80.46,65.2,29.16,-23.4
2020-08-25,New York,232825,8398748,2018,27721.0,40.712775,-74.005973,27.79,65.38,22.22,33.33,24.57,25.02,69.61,72.32,1.8,3.75
2020-08-26,Sao Paulo,254146,12252023,2017,20743.0,-23.550520000000002,-46.633309000000004,14.39,66.54,6.0,23.0,13.72,19.62,78.79,69.82,30.07,-12.85
2020-08-26,New York,233140,8398748,2018,27759.0,40.712775,-74.005973,23.51,51.0,18.33,27.78,25.25,24.33,68.57,72.27,-3.78,5.12
2020-08-27,Sao Paulo,256511,12252023,2017,20936.0,-23.550520000000002,-46.633309000000004,17.37,67.67,9.0,27.0,13.16,19.43,76.43,72.97,32.27,-4.74
2020-08-27,New York,233410,8398748,2018,27791.0,40.712775,-74.005973,25.66,60.12,20.56,34.44,25.4,23.61,65.51,71.63,-7.58,8.54
2020-08-28,Sao Paulo,257528,12252023,2017,21019.0,-23.550520000000002,-46.633309000000004,19.85,67.83,13.0,29.44,13.42,18.7,74.44,75.76,28.24,1.74
2020-08-28,New York,233688,8398748,2018,27824.0,40.712775,-74.005973,25.57,72.04,20.0,32.22,25.87,23.17,65.87,68.19,-11.65,3.4
2020-08-29,Sao Paulo,257778,12252023,2017,21040.0,-23.550520000000002,-46.633309000000004,21.59,58.25,13.0,30.0,14.69,17.08,71.83,79.56,13.99,9.72
2020-08-29,New York,233969,8398748,2018,27858.0,40.712775,-74.005973,24.21,85.79,21.67,29.44,26.08,22.89,66.75,67.82,-13.94,1.58
2020-08-30,Sao Paulo,257949,12252023,2017,21054.0,-23.550520000000002,-46.633309000000004,22.72,54.21,13.0,31.11,16.29,15.58,67.95,82.13,-4.56,17.27
2020-08-30,New York,234237,8398748,2018,27890.0,40.712775,-74.005973,23.62,58.29,18.0,28.0,25.75,23.1,68.61,70.12,-11.47,2.15
2020-08-31,Sao Paulo,260991,12252023,2017,21302.0,-23.550520000000002,-46.633309000000004,19.17,74.5,15.74,25.0,17.67,14.82,65.19,81.29,-19.23,19.81
2020-08-31,New York,234237,8398748,2018,27890.0,40.712775,-74.005973,21.32,55.62,15.56,25.56,25.39,23.79,66.33,69.45,-6.73,4.49
2020-09-01,Sao Paulo,262570,12252023,2017,21431.0,-23.550520000000002,-46.633309000000004,19.33,73.92,16.57,24.0,18.42,14.21,65.67,80.46,-29.63,18.38
2020-09-01,New York,309259,8398748,2018,36822.0,40.712775,-74.005973,22.28,75.04,18.89,27.0,24.53,24.57,64.03,69.61,0.16,8.02
2020-09-02,Sao Paulo,265066,12252023,2017,21634.0,-23.550520000000002,-46.633309000000004,19.57,70.25,15.0,26.0,19.2,13.72,66.13,78.79,-39.94,16.07
2020-09-02,New York,309259,8398748,2018,36822.0,40.712775,-74.005973,23.15,84.22,20.0,28.33,23.74,25.25,65.41,68.57,5.98,4.61
2020-09-03,Sao Paulo,266232,12252023,2017,21730.0,-23.550520000000002,-46.633309000000004,21.93,59.33,15.54,30.0,19.94,13.16,66.66,76.43,-51.52,12.78
2020-09-03,New York,310176,8398748,2018,36931.0,40.712775,-74.005973,25.88,68.96,22.22,32.22,23.69,25.4,70.16,65.51,6.73,-7.1
2020-09-04,Sao Paulo,266236,12252023,2017,21730.0,-23.550520000000002,-46.633309000000004,21.94,55.12,14.0,32.0,20.59,13.42,65.47,74.44,-53.43,12.05
2020-09-04,New York,310176,8398748,2018,36931.0,40.712775,-74.005973,24.78,75.85,19.44,31.67,23.72,25.87,71.42,65.87,8.31,-8.43
2020-09-05,Sao Paulo,267767,12252023,2017,21855.0,-23.550520000000002,-46.633309000000004,20.9,64.54,15.71,31.11,20.89,14.69,63.65,71.83,-42.21,11.39
2020-09-05,New York,310176,8398748,2018,36931.0,40.712775,-74.005973,23.1,46.83,17.0,28.0,23.61,26.08,71.97,66.75,9.47,-7.82
2020-09-06,Sao Paulo,267926,12252023,2017,21868.0,-23.550520000000002,-46.633309000000004,22.15,58.12,14.0,31.11,20.79,16.29,64.55,67.95,-27.62,5.0
2020-09-06,New York,310176,8398748,2018,36931.0,40.712775,-74.005973,22.88,60.67,17.0,30.0,23.45,25.75,66.4,68.61,8.93,3.22
2020-09-07,Sao Paulo,268347,12252023,2017,21902.0,-23.550520000000002,-46.633309000000004,21.09,67.29,15.94,30.0,20.71,17.67,65.11,65.19,-17.2,0.12
2020-09-07,New York,310176,8398748,2018,36931.0,40.712775,-74.005973,23.0,66.79,18.0,27.78,23.34,25.39,66.74,66.33,8.07,-0.62
2020-09-08,Sao Paulo,270000,12252023,2017,22037.0,-23.550520000000002,-46.633309000000004,20.19,73.04,15.54,30.0,20.99,18.42,64.08,65.67,-13.95,2.42
2020-09-08,New York,236647,8398748,2018,28176.0,40.712775,-74.005973,23.53,72.04,18.0,30.0,23.58,24.53,68.34,64.03,3.87,-6.73
2020-09-09,Sao Paulo,271505,12252023,2017,22160.0,-23.550520000000002,-46.633309000000004,20.73,74.04,15.66,29.44,21.11,19.2,63.96,66.13,-9.95,3.28
2020-09-09,New York,236983,8398748,2018,28216.0,40.712775,-74.005973,23.21,82.46,19.0,28.89,23.76,23.74,67.91,65.41,-0.08,-3.82
2020-09-10,Sao Paulo,272857,12252023,2017,22270.0,-23.550520000000002,-46.633309000000004,24.02,58.33,16.26,33.89,21.28,19.94,64.5,66.66,-6.72,3.24
2020-09-10,New York,237252,8398748,2018,28248.0,40.712775,-74.005973,24.53,87.37,22.78,29.44,23.77,23.69,67.66,70.16,-0.34,3.56
2020-09-11,Sao Paulo,274173,12252023,2017,22378.0,-23.550520000000002,-46.633309000000004,23.31,59.67,16.48,33.33,21.57,20.59,64.35,65.47,-4.76,1.71
2020-09-11,New York,237802,8398748,2018,28314.0,40.712775,-74.005973,23.29,77.71,20.56,26.11,23.58,23.72,70.29,71.42,0.59,1.58
2020-09-12,Sao Paulo,274467,12252023,2017,22402.0,-23.550520000000002,-46.633309000000004,26.51,42.33,18.81,34.44,21.77,20.89,65.0,63.65,-4.21,-2.12
2020-09-12,New York,237802,8398748,2018,28314.0,40.712775,-74.005973,19.25,64.58,15.0,23.33,23.36,23.61,70.55,71.97,1.06,1.97
2020-09-13,Sao Paulo,274740,12252023,2017,22424.0,-23.550520000000002,-46.633309000000004,25.41,46.12,16.0,33.89,22.57,20.79,61.83,64.55,-8.56,4.21
2020-09-13,New York,238067,8398748,2018,28346.0,40.712775,-74.005973,20.13,73.62,15.56,25.0,22.81,23.45,73.09,66.4,2.73,-10.08
2020-09-14,Sao Paulo,276241,12252023,2017,22547.0,-23.550520000000002,-46.633309000000004,24.54,38.29,16.0,34.44,23.04,20.71,60.12,65.11,-11.25,7.66
2020-09-14,New York,238373,8398748,2018,28382.0,40.712775,-74.005973,22.39,64.58,19.44,25.0,22.42,23.34,74.94,66.74,3.94,-12.29
2020-09-15,Sao Paulo,277683,12252023,2017,22664.0,-23.550520000000002,-46.633309000000004,17.33,78.08,13.89,22.12,23.53,20.99,55.97,64.08,-12.1,12.66
2020-09-15,New York,238625,8398748,2018,28412.0,40.712775,-74.005973,15.96,51.62,10.56,22.0,22.33,23.58,74.62,68.34,5.3,-9.19
2020-09-16,Sao Paulo,279193,12252023,2017,22788.0,-23.550520000000002,-46.633309000000004,20.96,65.88,14.7,31.67,23.12,21.11,56.69,63.96,-9.52,11.37
2020-09-16,New York,238958,8398748,2018,28452.0,40.712775,-74.005973,17.62,64.92,12.0,23.33,21.25,23.76,71.71,67.91,10.56,-5.6
2020-09-17,Sao Paulo,279193,12252023,2017,22788.0,-23.550520000000002,-46.633309000000004,21.87,67.58,17.0,32.0,23.15,21.28,55.53,64.5,-8.79,13.91
2020-09-17,New York,239306,8398748,2018,28493.0,40.712775,-74.005973,20.32,74.33,15.0,25.0,20.45,23.77,69.2,67.66,13.97,-2.28
2020-09-18,Sao Paulo,282217,12252023,2017,23034.0,-23.550520000000002,-46.633309000000004,21.24,65.58,16.1,28.24,22.85,21.57,56.85,64.35,-5.93,11.66
2020-09-18,New York,239798,8398748,2018,28552.0,40.712775,-74.005973,19.52,68.08,15.56,22.78,19.85,23.58,67.34,70.29,15.82,4.2
2020-09-19,Sao Paulo,282498,12252023,2017,23057.0,-23.550520000000002,-46.633309000000004,23.91,55.5,17.0,32.0,22.55,21.77,57.69,65.0,-3.58,11.25
2020-09-19,New York,240196,8398748,2018,28599.0,40.712775,-74.005973,14.24,37.38,8.33,19.44,19.31,23.36,65.96,70.55,17.34,6.51
2020-09-20,Sao Paulo,282726,12252023,2017,23076.0,-23.550520000000002,-46.633309000000004,18.39,75.88,14.78,24.0,22.18,22.57,59.58,61.83,1.73,3.64
2020-09-20,New York,240456,8398748,2018,28630.0,40.712775,-74.005973,13.66,37.88,8.0,18.33,18.6,22.81,62.08,73.09,18.46,15.06
2020-09-21,Sao Paulo,284252,12252023,2017,23200.0,-23.550520000000002,-46.633309000000004,15.65,83.62,13.33,20.0,21.18,23.04,63.83,60.12,8.07,-6.17
2020-09-21,New York,240807,8398748,2018,28672.0,40.712775,-74.005973,13.89,44.62,7.0,19.44,17.67,22.42,56.97,74.94,21.19,23.98
2020-09-22,Sao Paulo,285475,12252023,2017,23300.0,-23.550520000000002,-46.633309000000004,14.5,84.12,12.78,18.33,19.91,23.53,70.3,55.97,15.38,-25.6
2020-09-22,New York,241087,8398748,2018,28705.0,40.712775,-74.005973,15.59,45.83,8.0,23.33,16.46,22.33,54.12,74.62,26.29,27.47
2020-09-23,Sao Paulo,286862,12252023,2017,23413.0,-23.550520000000002,-46.633309000000004,16.85,78.12,13.33,23.33,19.5,23.12,71.17,56.69,15.66,-25.54
2020-09-23,New York,241511,8398748,2018,28756.0,40.712775,-74.005973,19.84,48.08,13.0,28.0,16.41,21.25,53.29,71.71,22.78,25.69
2020-09-24,Sao Paulo,288081,12252023,2017,23513.0,-23.550520000000002,-46.633309000000004,19.09,72.25,15.0,27.0,18.92,23.15,72.91,55.53,18.27,-31.3
2020-09-24,New York,241882,8398748,2018,28800.0,40.712775,-74.005973,20.7,60.17,14.0,25.56,16.72,20.45,50.89,69.2,18.24,26.46
2020-09-25,Sao Paulo,289185,12252023,2017,23603.0,-23.550520000000002,-46.633309000000004,20.22,66.0,12.0,30.0,18.52,22.85,73.58,56.85,18.95,-29.43
2020-09-25,New York,242311,8398748,2018,28851.0,40.712775,-74.005973,20.44,72.79,14.0,27.78,16.78,19.85,48.86,67.34,15.47,27.44
2020-09-26,Sao Paulo,289308,12252023,2017,23613.0,-23.550520000000002,-46.633309000000004,22.91,54.5,14.0,33.0,18.37,22.55,73.64,57.69,18.54,-27.65
2020-09-26,New York,242693,8398748,2018,28896.0,40.712775,-74.005973,20.32,77.54,16.11,24.44,16.91,19.31,49.54,65.96,12.43,24.89
2020-09-27,Sao Paulo,289466,12252023,2017,23626.0,-23.550520000000002,-46.633309000000004,26.32,42.38,16.0,35.0,18.23,22.18,73.5,59.58,17.81,-23.36
2020-09-27,New York,243072,8398748,2018,28941.0,40.712775,-74.005973,21.77,82.0,18.33,27.22,17.78,18.6,55.27,62.08,4.41,10.97
2020-09-28,Sao Paulo,290839,12252023,2017,23738.0,-23.550520000000002,-46.633309000000004,23.99,55.88,19.0,32.0,19.36,21.18,68.71,63.83,8.59,-7.65
2020-09-28,New York,243595,8398748,2018,29004.0,40.712775,-74.005973,22.36,85.42,20.0,27.22,18.94,17.67,61.58,56.97,-7.19,-8.09
2020-09-29,Sao Paulo,292067,12252023,2017,23838.0,-23.550520000000002,-46.633309000000004,21.03,76.67,17.51,26.73,20.55,19.91,64.75,70.3,-3.21,7.89
2020-09-29,New York,244041,8398748,2018,29057.0,40.712775,-74.005973,21.28,85.08,18.33,23.33,20.15,16.46,67.4,54.12,-22.42,-24.54
2020-09-30,Sao Paulo,293210,12252023,2017,23932.0,-23.550520000000002,-46.633309000000004,24.8,63.0,18.02,37.22,21.49,19.5,63.69,71.17,-10.21,10.51
2020-09-30,New York,244574,8398748,2018,29120.0,40.712775,-74.005973,19.8,77.69,15.0,22.24,20.96,16.41,73.01,53.29,-27.73,-37.01
2020-10-01,Sao Paulo,294135,12252023,2017,24007.0,-23.550520000000002,-46.633309000000004,26.5,57.83,19.0,37.22,22.62,18.92,61.53,72.91,-19.56,15.61
2020-10-01,New York,245173,8398748,2018,29192.0,40.712775,-74.005973,18.52,62.58,14.0,23.33,20.95,16.72,77.24,50.89,-25.3,-51.78
2020-10-02,Sao Paulo,295234,12252023,2017,24097.0,-23.550520000000002,-46.633309000000004,30.24,35.71,21.55,37.22,23.68,18.52,59.47,73.58,-27.86,19.18
2020-10-02,New York,245885,8398748,2018,29276.0,40.712775,-74.005973,16.42,63.0,12.22,20.0,20.64,16.78,77.59,48.86,-23.0,-58.8
2020-10-03,Sao Paulo,295301,12252023,2017,24102.0,-23.550520000000002,-46.633309000000004,23.55,71.84,18.75,31.69,25.11,18.37,55.14,73.64,-36.69,25.12
2020-10-03,New York,246417,8398748,2018,29340.0,40.712775,-74.005973,15.43,54.25,10.0,20.56,20.07,16.91,76.19,49.54,-18.69,-53.79
2020-10-04,Sao Paulo,295425,12252023,2017,24112.0,-23.550520000000002,-46.633309000000004,19.98,88.88,17.73,24.0,25.2,18.23,57.62,73.5,-38.23,21.61
2020-10-04,New York,246883,8398748,2018,29395.0,40.712775,-74.005973,15.29,59.54,8.0,20.0,19.37,17.78,72.86,55.27,-8.94,-31.83
2020-10-05,Sao Paulo,296593,12252023,2017,24208.0,-23.550520000000002,-46.633309000000004,23.17,74.0,17.58,36.0,24.3,19.36,64.26,68.71,-25.52,6.48
2020-10-05,New York,247452,8398748,2018,29463.0,40.712775,-74.005973,16.24,63.92,10.56,21.11,18.44,18.94,69.65,61.58,2.64,-13.1
2020-10-06,Sao Paulo,297583,12252023,2017,24288.0,-23.550520000000002,-46.633309000000004,25.23,66.75,19.0,36.11,24.18,20.55,66.85,64.75,-17.66,-3.24
2020-10-06,New York,248000,8398748,2018,29528.0,40.712775,-74.005973,17.06,68.71,12.0,22.0,17.57,20.15,66.58,67.4,12.8,1.22
2020-10-07,Sao Paulo,298405,12252023,2017,24356.0,-23.550520000000002,-46.633309000000004,24.88,66.08,17.78,37.22,24.78,21.49,65.43,63.69,-15.31,-2.73
2020-10-07,New York,248696,8398748,2018,29611.0,40.712775,-74.005973,18.63,65.33,13.89,25.0,16.97,20.96,64.24,73.01,19.04,12.01
2020-10-08,Sao Paulo,299207,12252023,2017,24421.0,-23.550520000000002,-46.633309000000004,22.81,74.0,16.8,28.89,24.79,22.62,65.87,61.53,-9.59,-7.05
2020-10-08,New York,249320,8398748,2018,29685.0,40.712775,-74.005973,15.99,48.83,11.0,21.11,16.8,20.95,62.48,77.24,19.81,19.11
2020-10-09,Sao Paulo,300487,12252023,2017,24526.0,-23.550520000000002,-46.633309000000004,19.51,87.48,16.71,23.33,24.27,23.68,68.18,59.47,-2.49,-14.65
2020-10-09,New York,249825,8398748,2018,29746.0,40.712775,-74.005973,15.16,51.29,9.0,22.22,16.44,20.64,60.51,77.59,20.35,22.01
2020-10-10,Sao Paulo,300905,12252023,2017,24560.0,-23.550520000000002,-46.633309000000004,18.38,73.5,13.97,26.11,22.73,25.11,75.58,55.14,9.48,-37.07
2020-10-10,New York,250364,8398748,2018,29810.0,40.712775,-74.005973,17.86,66.46,12.78,22.78,16.26,20.07,58.84,76.19,18.98,22.77
2020-10-11,Sao Paulo,301021,12252023,2017,24569.0,-23.550520000000002,-46.633309000000004,16.97,67.46,10.0,26.11,21.99,25.2,75.81,57.62,12.74,-31.57
2020-10-11,New York,250757,8398748,2018,29856.0,40.712775,-74.005973,18.48,73.12,16.0,21.67,16.6,19.37,60.58,72.86,14.3,16.85
2020-10-12,Sao Paulo,301209,12252023,2017,24584.0,-23.550520000000002,-46.633309000000004,18.8,68.75,11.6,28.0,21.56,24.3,72.75,64.26,11.28,-13.21
2020-10-12,New York,251302,8398748,2018,29921.0,40.712775,-74.005973,12.36,84.74,8.89,17.78,17.06,18.44,62.52,69.65,7.48,10.24
2020-10-13,Sao Paulo,302223,12252023,2017,24667.0,-23.550520000000002,-46.633309000000004,22.16,58.67,14.0,32.0,20.94,24.18,72.0,66.85,13.4,-7.7
2020-10-13,New York,251766,8398748,2018,29977.0,40.712775,-74.005973,13.42,90.94,11.0,17.24,16.51,17.57,65.5,66.58,6.03,1.62
2020-10-14,Sao Paulo,303298,12252023,2017,24755.0,-23.550520000000002,-46.633309000000004,23.01,60.12,16.0,33.0,20.5,24.78,70.85,65.43,17.27,-8.28
2020-10-14,New York,252274,8398748,2018,30037.0,40.712775,-74.005973,15.27,63.67,8.89,22.0,15.99,16.97,68.67,64.24,5.77,-6.9
2020-10-15,Sao Paulo,304364,12252023,2017,24842.0,-23.550520000000002,-46.633309000000004,18.46,82.84,15.56,21.11,20.23,24.79,70.0,65.87,18.39,-6.27
2020-10-15,New York,252934,8398748,2018,30116.0,40.712775,-74.005973,17.58,64.29,11.0,25.0,15.51,16.8,68.44,62.48,7.68,-9.54
2020-10-16,Sao Paulo,305379,12252023,2017,24925.0,-23.550520000000002,-46.633309000000004,15.81,86.25,14.25,18.84,19.61,24.27,71.26,68.18,19.2,-4.52
2020-10-16,New York,253740,8398748,2018,30212.0,40.712775,-74.005973,14.8,87.86,10.0,19.0,15.73,16.44,70.64,60.51,4.32,-16.74
2020-10-17,Sao Paulo,305379,12252023,2017,24925.0,-23.550520000000002,-46.633309000000004,16.12,80.46,13.73,20.78,19.08,22.73,71.08,75.58,16.06,5.95
2020-10-17,New York,254352,8398748,2018,30285.0,40.712775,-74.005973,11.27,65.38,6.11,17.0,15.68,16.26,75.87,58.84,3.57,-28.94
2020-10-18,Sao Paulo,305540,12252023,2017,24938.0,-23.550520000000002,-46.633309000000004,18.68,73.04,14.69,26.67,18.76,21.99,72.08,75.81,14.69,4.92
2020-10-18,New York,254771,8398748,2018,30334.0,40.712775,-74.005973,12.62,59.83,3.0,18.0,14.74,16.6,75.71,60.58,11.2,-24.98
2020-10-19,Sao Paulo,306428,12252023,2017,25010.0,-23.550520000000002,-46.633309000000004,20.48,75.89,17.0,28.0,19.01,21.56,72.88,72.75,11.83,-0.18
2020-10-19,New York,255207,8398748,2018,30386.0,40.712775,-74.005973,14.87,71.58,10.0,19.44,13.9,17.06,73.82,62.52,18.52,-18.07
2020-10-20,Sao Paulo,307230,12252023,2017,25076.0,-23.550520000000002,-46.633309000000004,21.22,76.58,17.0,28.0,19.25,20.94,73.9,72.0,8.07,-2.64
2020-10-20,New York,256046,8398748,2018,30486.0,40.712775,-74.005973,17.01,84.52,12.78,23.0,14.26,16.51,71.94,65.5,13.63,-9.83
2020-10-21,Sao Paulo,308077,12252023,2017,25145.0,-23.550520000000002,-46.633309000000004,20.42,76.96,17.0,26.11,19.11,20.5,76.45,70.85,6.78,-7.9
2020-10-21,New York,256576,8398748,2018,30549.0,40.712775,-74.005973,17.7,91.64,15.46,22.22,14.77,15.99,71.02,68.67,7.63,-3.42
2020-10-22,Sao Paulo,309507,12252023,2017,25262.0,-23.550520000000002,-46.633309000000004,20.04,73.68,16.41,26.67,18.74,20.23,78.86,70.0,7.37,-12.66
2020-10-22,New York,257147,8398748,2018,30617.0,40.712775,-74.005973,18.53,92.12,16.11,21.11,15.12,15.51,75.01,68.44,2.51,-9.6
2020-10-23,Sao Paulo,310693,12252023,2017,25359.0,-23.550520000000002,-46.633309000000004,20.4,65.33,15.42,28.0,18.97,19.61,77.55,71.26,3.26,-8.83
2020-10-23,New York,257902,8398748,2018,30707.0,40.712775,-74.005973,18.05,90.04,16.11,21.67,15.26,15.73,78.99,70.64,2.99,-11.82
2020-10-24,Sao Paulo,311116,12252023,2017,25393.0,-23.550520000000002,-46.633309000000004,20.9,68.54,16.91,26.11,19.62,19.08,74.56,71.08,-2.83,-4.9
2020-10-24,New York,258555,8398748,2018,30785.0,40.712775,-74.005973,17.71,83.04,13.89,22.0,15.72,15.68,79.3,75.87,-0.26,-4.52
2020-10-25,Sao Paulo,311301,12252023,2017,25408.0,-23.550520000000002,-46.633309000000004,20.88,75.33,17.21,27.78,20.31,18.76,72.86,72.08,-8.26,-1.08
2020-10-25,New York,258979,8398748,2018,30835.0,40.712775,-74.005973,9.81,58.21,5.56,16.15,16.64,14.74,81.82,75.71,-12.89,-8.07
2020-10-26,Sao Paulo,312632,12252023,2017,25517.0,-23.550520000000002,-46.633309000000004,20.2,71.29,16.17,27.22,20.62,19.01,73.19,72.88,-8.47,-0.43
2020-10-26,New York,259710,8398748,2018,30922.0,40.712775,-74.005973,12.07,89.41,8.0,15.66,16.24,13.9,81.59,73.82,-16.83,-10.53
2020-10-27,Sao Paulo,312632,12252023,2017,25517.0,-23.550520000000002,-46.633309000000004,22.81,66.08,16.99,31.0,20.58,19.25,72.53,73.9,-6.91,1.85
2020-10-27,New York,259710,8398748,2018,30922.0,40.712775,-74.005973,13.86,82.71,10.56,16.11,15.84,14.26,84.14,71.94,-11.08,-16.96
2020-10-28,Sao Paulo,312632,12252023,2017,25517.0,-23.550520000000002,-46.633309000000004,24.79,50.58,16.0,33.0,20.81,19.11,71.03,76.45,-8.9,7.09
2020-10-28,New York,261607,8398748,2018,31148.0,40.712775,-74.005973,12.32,82.53,9.44,15.0,15.39,14.77,83.88,71.02,-4.2,-18.11
2020-10-29,Sao Paulo,316265,12252023,2017,25813.0,-23.550520000000002,-46.633309000000004,23.19,57.23,16.64,33.0,21.43,18.74,67.26,78.86,-14.35,14.71
2020-10-29,New York,262510,8398748,2018,31256.0,40.712775,-74.005973,11.23,87.19,8.33,15.0,14.62,15.12,82.58,75.01,3.31,-10.09
2020-10-30,Sao Paulo,316970,12252023,2017,25871.0,-23.550520000000002,-46.633309000000004,18.0,85.94,13.33,23.33,21.88,18.97,64.91,77.55,-15.34,16.3
2020-10-30,New York,263237,8398748,2018,31342.0,40.712775,-74.005973,6.12,88.88,2.22,10.0,13.58,15.26,81.88,78.99,11.01,-3.66
2020-10-31,Sao Paulo,317215,12252023,2017,25891.0,-23.550520000000002,-46.633309000000004,16.55,80.64,13.33,21.11,21.54,19.62,67.86,74.56,-9.79,8.99
2020-10-31,New York,264155,8398748,2018,31452.0,40.712775,-74.005973,4.07,71.04,-1.11,8.33,11.87,15.72,81.71,79.3,24.49,-3.04
2020-11-01,Sao Paulo,317346,12252023,2017,25902.0,-23.550520000000002,-46.633309000000004,15.25,79.36,12.7,22.22,20.92,20.31,69.58,72.86,-3.0,4.5
2020-11-01,New York,264796,8398748,2018,31528.0,40.712775,-74.005973,9.26,70.42,3.0,14.0,9.93,16.64,80.0,81.82,40.32,2.22
2020-11-02,Sao Paulo,317346,12252023,2017,25902.0,-23.550520000000002,-46.633309000000004,15.15,70.96,11.27,22.22,20.11,20.62,70.16,73.19,2.47,4.14
2020-11-02,New York,264796,8398748,2018,31528.0,40.712775,-74.005973,6.42,51.21,2.78,13.0,9.85,16.24,81.74,81.59,39.35,-0.18
2020-11-03,Sao Paulo,317533,12252023,2017,25917.0,-23.550520000000002,-46.633309000000004,16.04,66.96,10.19,24.0,19.39,20.58,70.11,72.53,5.78,3.34
2020-11-03,New York,265598,8398748,2018,31624.0,40.712775,-74.005973,7.56,49.75,2.78,13.0,9.04,15.84,76.28,84.14,42.93,9.34
2020-11-04,Sao Paulo,318533,12252023,2017,25998.0,-23.550520000000002,-46.633309000000004,16.88,70.58,10.87,24.0,18.42,20.81,70.24,71.03,11.48,1.11
2020-11-04,New York,266393,8398748,2018,31718.0,40.712775,-74.005973,10.15,58.04,2.0,18.33,8.14,15.39,71.57,83.88,47.11,14.68
2020-11-05,Sao Paulo,318533,12252023,2017,25998.0,-23.550520000000002,-46.633309000000004,16.32,76.71,13.52,22.78,17.29,21.43,73.1,67.26,19.32,-8.68
2020-11-05,New York,267460,8398748,2018,31845.0,40.712775,-74.005973,13.9,72.21,7.0,21.11,7.83,14.62,68.08,82.58,46.44,17.56
2020-11-06,Sao Paulo,318533,12252023,2017,25998.0,-23.550520000000002,-46.633309000000004,17.28,68.38,11.65,24.0,16.31,21.88,75.88,64.91,25.46,-16.9
2020-11-06,New York,267460,8398748,2018,31845.0,40.712775,-74.005973,15.49,69.17,8.89,23.0,8.21,13.58,65.94,81.88,39.54,19.47
2020-11-07,Sao Paulo,318533,12252023,2017,25998.0,-23.550520000000002,-46.633309000000004,18.6,65.21,11.99,28.0,16.21,21.54,73.37,67.86,24.74,-8.12
2020-11-07,New York,269828,8398748,2018,32127.0,40.712775,-74.005973,16.92,54.25,8.0,25.0,9.55,11.87,63.12,81.71,19.55,22.75
2020-11-08,Sao Paulo,318533,12252023,2017,25998.0,-23.550520000000002,-46.633309000000004,20.02,63.96,13.0,30.0,16.5,20.92,71.17,69.58,21.13,-2.29
2020-11-08,New York,271219,8398748,2018,32293.0,40.712775,-74.005973,17.08,54.71,8.0,24.44,11.39,9.93,60.72,80.0,-14.7,24.1
2020-11-09,Sao Paulo,318533,12252023,2017,25998.0,-23.550520000000002,-46.633309000000004,20.62,71.25,15.0,30.0,17.18,20.11,68.97,70.16,14.57,1.7
2020-11-09,New York,272375,8398748,2018,32430.0,40.712775,-74.005973,16.11,61.92,7.0,26.0,12.5,9.85,58.48,81.74,-26.9,28.46
2020-11-10,Sao Paulo,318533,12252023,2017,25998.0,-23.550520000000002,-46.633309000000004,21.7,76.83,17.95,28.0,17.97,19.39,69.01,70.11,7.32,1.57
2020-11-10,New York,273583,8398748,2018,32574.0,40.712775,-74.005973,17.49,71.75,10.0,24.44,13.89,9.04,60.01,76.28,-53.65,21.33
2020-11-11,Sao Paulo,318533,12252023,2017,25998.0,-23.550520000000002,-46.633309000000004,21.64,77.07,18.0,29.44,18.77,18.42,70.42,70.24,-1.9,-0.26
2020-11-11,New York,276976,8398748,2018,32978.0,40.712775,-74.005973,18.38,86.67,14.86,22.78,15.31,8.14,63.15,71.57,-88.08,11.76
2020-11-12,Sao Paulo,327185,12252023,2017,26705.0,-23.550520000000002,-46.633309000000004,21.19,78.2,17.0,28.0,19.45,17.29,71.34,73.1,-12.49,2.41
2020-11-12,New York,276976,8398748,2018,32978.0,40.712775,-74.005973,15.8,91.46,7.78,20.0,16.48,7.83,67.24,68.08,-110.47,1.23
2020-11-13,Sao Paulo,328953,12252023,2017,26849.0,-23.550520000000002,-46.633309000000004,21.75,79.19,17.46,29.0,20.15,16.31,71.56,75.88,-23.54,5.69
2020-11-13,New York,278802,8398748,2018,33196.0,40.712775,-74.005973,9.13,85.23,7.0,11.87,16.75,8.21,69.99,65.94,-104.02,-6.14
2020-11-14,Sao Paulo,330266,12252023,2017,26956.0,-23.550520000000002,-46.633309000000004,22.61,72.62,18.06,30.0,20.79,16.21,73.1,73.37,-28.25,0.37
2020-11-14,New York,282056,8398748,2018,33583.0,40.712775,-74.005973,8.93,60.71,4.44,12.22,15.84,9.55,72.28,63.12,-65.86,-14.51
2020-11-15,Sao Paulo,330753,12252023,2017,26996.0,-23.550520000000002,-46.633309000000004,24.96,64.75,18.78,32.22,21.36,16.5,74.16,71.17,-29.45,-4.2
2020-11-15,New York,283341,8398748,2018,33736.0,40.712775,-74.005973,9.43,64.88,2.0,17.0,14.7,11.39,73.21,60.72,-29.06,-20.57
2020-11-16,Sao Paulo,330753,12252023,2017,26996.0,-23.550520000000002,-46.633309000000004,24.85,64.83,20.0,29.0,22.07,17.18,74.27,68.97,-28.46,-7.68
2020-11-16,New York,283341,8398748,2018,33736.0,40.712775,-74.005973,11.32,50.5,7.78,18.0,13.61,12.5,74.66,58.48,-8.88,-27.67
2020-11-17,Sao Paulo,334733,12252023,2017,27321.0,-23.550520000000002,-46.633309000000004,21.97,76.92,17.78,27.0,22.67,17.97,73.36,69.01,-26.15,-6.3
2020-11-17,New York,285275,8398748,2018,33966.0,40.712775,-74.005973,7.33,52.54,2.78,11.11,12.93,13.89,73.03,60.01,6.91,-21.7
2020-11-18,Sao Paulo,336703,12252023,2017,27481.0,-23.550520000000002,-46.633309000000004,17.46,83.43,15.0,21.11,22.71,18.77,73.37,70.42,-20.99,-4.19
2020-11-18,New York,287022,8398748,2018,34174.0,40.712775,-74.005973,1.84,46.75,-0.56,6.67,11.47,15.31,70.28,63.15,25.08,-11.29
2020-11-19,Sao Paulo,336703,12252023,2017,27481.0,-23.550520000000002,-46.633309000000004,17.67,85.35,13.33,21.67,22.11,19.45,74.28,71.34,-13.68,-4.12
2020-11-19,New York,288869,8398748,2018,34394.0,40.712775,-74.005973,2.47,53.08,-3.0,9.44,9.11,16.48,64.58,67.24,44.72,3.96
2020-11-20,Sao Paulo,338989,12252023,2017,27668.0,-23.550520000000002,-46.633309000000004,17.18,72.54,12.76,23.0,21.61,20.15,75.3,71.56,-7.25,-5.23
2020-11-20,New York,290890,8398748,2018,34635.0,40.712775,-74.005973,9.75,55.58,3.89,18.0,7.21,16.75,59.1,69.99,56.96,15.56
2020-11-21,Sao Paulo,340537,12252023,2017,27794.0,-23.550520000000002,-46.633309000000004,18.66,68.17,13.0,25.72,20.96,20.79,74.35,73.1,-0.82,-1.71
2020-11-21,New York,294765,8398748,2018,35096.0,40.712775,-74.005973,13.47,52.38,7.0,19.0,7.3,15.84,54.86,72.28,53.91,24.1
2020-11-22,Sao Paulo,341035,12252023,2017,27835.0,-23.550520000000002,-46.633309000000004,19.55,69.83,13.35,27.22,20.39,21.36,73.71,74.16,4.54,0.61
2020-11-22,New York,294765,8398748,2018,35096.0,40.712775,-74.005973,9.31,62.29,5.56,14.44,7.94,14.7,53.67,73.21,45.99,26.69
2020-11-23,Sao Paulo,341340,12252023,2017,27860.0,-23.550520000000002,-46.633309000000004,20.39,68.71,14.62,28.33,19.62,22.07,74.44,74.27,11.1,-0.23
2020-11-23,New York,296547,8398748,2018,35308.0,40.712775,-74.005973,11.95,77.58,5.56,15.56,7.93,13.61,53.3,74.66,41.73,28.61
2020-11-24,Sao Paulo,342822,12252023,2017,27981.0,-23.550520000000002,-46.633309000000004,21.52,68.04,15.45,28.14,18.98,22.67,74.99,73.36,16.28,-2.22
2020-11-24,New York,300191,8398748,2018,35742.0,40.712775,-74.005973,6.61,53.21,3.0,10.0,8.02,12.93,57.17,73.03,37.97,21.72
2020-11-25,Sao Paulo,346655,12252023,2017,28294.0,-23.550520000000002,-46.633309000000004,23.48,60.71,15.25,31.55,18.92,22.71,73.72,73.37,16.69,-0.48
2020-11-25,New York,302522,8398748,2018,36020.0,40.712775,-74.005973,8.69,59.29,3.89,13.04,7.91,11.47,57.27,70.28,31.04,18.51
2020-11-26,Sao Paulo,346655,12252023,2017,28294.0,-23.550520000000002,-46.633309000000004,24.66,58.12,17.34,33.0,19.78,22.11,70.48,74.28,10.54,5.12
2020-11-26,New York,302522,8398748,2018,36020.0,40.712775,-74.005973,14.04,77.73,8.33,19.0,8.89,9.11,59.06,64.58,2.41,8.55
2020-11-27,Sao Paulo,349033,12252023,2017,28488.0,-23.550520000000002,-46.633309000000004,24.1,62.54,16.0,32.45,20.78,21.61,66.59,75.3,3.84,11.57
2020-11-27,New York,307188,8398748,2018,36575.0,40.712775,-74.005973,12.86,70.96,7.0,17.0,10.55,7.21,62.58,59.1,-46.32,-5.89
2020-11-28,Sao Paulo,349622,12252023,2017,28536.0,-23.550520000000002,-46.633309000000004,23.43,65.38,16.27,31.94,21.77,20.96,65.16,74.35,-3.86,12.36
2020-11-28,New York,307188,8398748,2018,36575.0,40.712775,-74.005973,10.7,59.54,6.0,14.0,10.99,7.3,64.78,54.86,-50.55,-18.08
2020-11-29,Sao Paulo,349912,12252023,2017,28560.0,-23.550520000000002,-46.633309000000004,24.46,62.0,17.61,31.23,22.45,20.39,64.76,73.71,-10.1,12.14
2020-11-29,New York,311979,8398748,2018,37146.0,40.712775,-74.005973,8.02,52.29,2.0,13.33,10.59,7.94,65.8,53.67,-33.38,-22.6
2020-11-30,Sao Paulo,349912,12252023,2017,28560.0,-23.550520000000002,-46.633309000000004,24.87,68.79,18.29,32.29,23.15,19.62,63.64,74.44,-17.99,14.51
2020-11-30,New York,311979,8398748,2018,37146.0,40.712775,-74.005973,12.63,77.89,6.0,18.0,10.41,7.93,64.37,53.3,-31.27,-20.77
2020-12-01,Sao Paulo,352144,12252023,2017,28742.0,-23.550520000000002,-46.633309000000004,23.09,76.42,16.82,28.0,23.79,18.98,63.65,74.99,-25.34,15.12
2020-12-01,New York,314548,8398748,2018,37452.0,40.712775,-74.005973,11.66,78.79,5.56,18.0,10.51,8.02,64.42,57.17,-31.05,-12.68
2020-12-02,Sao Paulo,356278,12252023,2017,29079.0,-23.550520000000002,-46.633309000000004,22.75,74.5,18.58,29.06,24.01,18.92,64.85,73.72,-26.9,12.03
2020-12-02,New York,317746,8398748,2018,37833.0,40.712775,-74.005973,4.16,63.0,0.56,7.47,11.23,7.91,68.07,57.27,-41.97,-18.86
2020-12-03,Sao Paulo,358390,12252023,2017,29251.0,-23.550520000000002,-46.633309000000004,24.82,67.04,18.04,32.0,23.91,19.78,66.82,70.48,-20.88,5.19
2020-12-03,New York,321053,8398748,2018,38226.0,40.712775,-74.005973,4.68,56.38,-1.0,10.0,10.58,8.89,68.6,59.06,-19.01,-16.15
2020-12-04,Sao Paulo,360539,12252023,2017,29427.0,-23.550520000000002,-46.633309000000004,23.98,67.71,18.64,31.0,23.93,20.78,68.1,66.59,-15.16,-2.27
2020-12-04,New York,327879,8398748,2018,39039.0,40.712775,-74.005973,8.2,61.04,4.44,11.11,9.24,10.55,65.55,62.58,12.42,-4.75
2020-12-05,Sao Paulo,360539,12252023,2017,29427.0,-23.550520000000002,-46.633309000000004,21.97,76.71,17.96,26.67,23.91,21.77,68.83,65.16,-9.83,-5.63
2020-12-05,New York,331006,8398748,2018,39411.0,40.712775,-74.005973,6.67,85.07,3.89,9.0,8.58,10.99,64.13,64.78,21.93,1.0
2020-12-06,Sao Paulo,361450,12252023,2017,29501.0,-23.550520000000002,-46.633309000000004,20.69,79.69,16.85,25.67,23.71,22.45,70.45,64.76,-5.61,-8.79
2020-12-06,New York,333771,8398748,2018,39741.0,40.712775,-74.005973,3.38,54.62,1.11,6.47,8.0,10.59,67.78,65.8,24.46,-3.01
2020-12-07,Sao Paulo,363495,12252023,2017,29668.0,-23.550520000000002,-46.633309000000004,21.37,80.62,18.13,27.33,23.17,23.15,72.98,63.64,-0.09,-14.68
2020-12-07,New York,333771,8398748,2018,39741.0,40.712775,-74.005973,1.38,55.75,-3.0,6.0,7.34,10.41,68.11,64.37,29.49,-5.81
2020-12-08,Sao Paulo,365670,12252023,2017,29846.0,-23.550520000000002,-46.633309000000004,22.22,82.46,18.0,27.78,22.67,23.79,74.67,63.65,4.71,-17.31
2020-12-08,New York,340974,8398748,2018,40598.0,40.712775,-74.005973,0.56,59.21,-1.67,4.12,5.73,10.51,64.95,64.42,45.48,-0.82
2020-12-09,Sao Paulo,367666,12252023,2017,30009.0,-23.550520000000002,-46.633309000000004,21.9,74.25,15.88,28.0,22.54,24.01,75.53,64.85,6.12,-16.47
2020-12-09,New York,340974,8398748,2018,40598.0,40.712775,-74.005973,0.89,66.0,-3.0,4.0,4.15,11.23,62.15,68.07,63.05,8.7
2020-12-10,Sao Paulo,367666,12252023,2017,30009.0,-23.550520000000002,-46.633309000000004,22.0,68.92,15.74,28.33,22.42,23.91,75.5,66.82,6.23,-12.99
2020-12-10,New York,347691,8398748,2018,41398.0,40.712775,-74.005973,4.84,68.17,0.56,10.0,3.68,10.58,62.58,68.6,65.22,8.78
2020-12-11,Sao Paulo,371468,12252023,2017,30319.0,-23.550520000000002,-46.633309000000004,22.5,71.48,16.38,28.89,22.02,23.93,75.77,68.1,7.98,-11.26
2020-12-11,New York,351674,8398748,2018,41872.0,40.712775,-74.005973,6.95,63.75,-1.0,14.0,3.7,9.24,64.27,65.55,59.96,1.95
2020-12-12,Sao Paulo,371468,12252023,2017,30319.0,-23.550520000000002,-46.633309000000004,23.64,69.25,18.21,29.0,21.81,23.91,76.3,68.83,8.78,-10.85
2020-12-12,New York,351674,8398748,2018,41872.0,40.712775,-74.005973,8.97,81.88,3.0,13.33,3.52,8.58,64.65,64.13,58.97,-0.81
2020-12-13,Sao Paulo,371669,12252023,2017,30335.0,-23.550520000000002,-46.633309000000004,24.16,72.5,18.88,33.0,22.05,23.71,75.24,70.45,7.0,-6.8
2020-12-13,New York,358081,8398748,2018,42635.0,40.712775,-74.005973,11.73,72.67,6.11,17.0,3.85,8.0,64.2,67.78,51.88,5.28
2020-12-14,Sao Paulo,371959,12252023,2017,30359.0,-23.550520000000002,-46.633309000000004,25.27,66.96,19.0,35.0,22.54,23.17,74.21,72.98,2.72,-1.69
2020-12-14,New York,358081,8398748,2018,42635.0,40.712775,-74.005973,5.48,73.28,1.67,11.67,5.05,7.34,66.78,68.11,31.2,1.95
2020-12-15,Sao Paulo,372875,12252023,2017,30434.0,-23.550520000000002,-46.633309000000004,24.63,68.42,19.46,31.0,23.1,22.67,72.26,74.67,-1.9,3.23
2020-12-15,New York,362227,8398748,2018,43129.0,40.712775,-74.005973,2.16,52.96,-1.11,5.28,5.63,5.73,69.28,64.95,1.75,-6.67
2020-12-16,Sao Paulo,372875,12252023,2017,30434.0,-23.550520000000002,-46.633309000000004,23.67,76.04,17.46,31.76,23.44,22.54,70.25,75.53,-3.99,6.99
2020-12-16,New York,369385,8398748,2018,43981.0,40.712775,-74.005973,-1.55,57.92,-4.44,2.78,5.86,4.15,68.39,62.15,-41.2,-10.04
2020-12-17,Sao Paulo,377507,12252023,2017,30812.0,-23.550520000000002,-46.633309000000004,24.09,71.85,18.56,31.0,23.7,22.42,70.51,75.5,-5.71,6.61
2020-12-17,New York,369385,8398748,2018,43981.0,40.712775,-74.005973,-2.14,88.66,-5.0,3.44,5.51,3.68,67.23,62.58,-49.73,-7.43
2020-12-18,Sao Paulo,379532,12252023,2017,30977.0,-23.550520000000002,-46.633309000000004,23.64,73.04,18.84,31.0,23.99,22.02,70.93,75.77,-8.95,6.39
2020-12-18,New York,373882,8398748,2018,44516.0,40.712775,-74.005973,-2.57,70.12,-7.78,1.11,4.51,3.7,70.16,64.27,-21.89,-9.16
2020-12-19,Sao Paulo,382030,12252023,2017,31181.0,-23.550520000000002,-46.633309000000004,25.08,67.96,18.06,32.31,24.16,21.81,71.15,76.3,-10.77,6.75
2020-12-19,New York,380473,8398748,2018,45301.0,40.712775,-74.005973,-3.57,66.04,-10.0,1.0,3.15,3.52,71.07,64.65,10.51,-9.93
2020-12-20,Sao Paulo,382030,12252023,2017,31181.0,-23.550520000000002,-46.633309000000004,25.04,72.88,18.73,35.0,24.36,22.05,70.97,75.24,-10.48,5.68
2020-12-20,New York,383811,8398748,2018,45699.0,40.712775,-74.005973,0.05,69.92,-5.0,5.63,1.36,3.85,68.81,64.2,64.68,-7.18
2020-12-21,Sao Paulo,382760,12252023,2017,31241.0,-23.550520000000002,-46.633309000000004,24.77,75.21,19.49,32.11,24.49,22.54,71.02,74.21,-8.65,4.3
2020-12-21,New York,387267,8398748,2018,46110.0,40.712775,-74.005973,3.54,80.92,-0.56,9.0,-0.31,5.05,68.41,66.78,106.14,-2.44
2020-12-22,Sao Paulo,382760,12252023,2017,31241.0,-23.550520000000002,-46.633309000000004,21.25,83.38,16.82,25.0,24.42,23.1,72.2,72.26,-5.71,0.08
2020-12-22,New York,391640,8398748,2018,46631.0,40.712775,-74.005973,4.46,73.25,1.11,8.0,-0.58,5.63,69.51,69.28,110.3,-0.33
2020-12-23,Sao Paulo,389822,12252023,2017,31817.0,-23.550520000000002,-46.633309000000004,20.21,74.42,15.66,26.11,23.93,23.44,74.34,70.25,-2.09,-5.82
2020-12-23,New York,396302,8398748,2018,47186.0,40.712775,-74.005973,4.43,50.25,-1.11,8.0,-0.25,5.86,72.4,68.39,104.27,-5.86
2020-12-24,Sao Paulo,389822,12252023,2017,31817.0,-23.550520000000002,-46.633309000000004,20.27,73.71,15.38,26.11,23.44,23.7,74.11,70.51,1.1,-5.11
2020-12-24,New York,400473,8398748,2018,47682.0,40.712775,-74.005973,9.03,75.67,1.67,15.0,0.6,5.51,71.31,67.23,89.11,-6.07
2020-12-25,Sao Paulo,390834,12252023,2017,31900.0,-23.550520000000002,-46.633309000000004,19.42,75.0,15.0,26.0,22.89,23.99,74.37,70.93,4.59,-4.85
2020-12-25,New York,404422,8398748,2018,48153.0,40.712775,-74.005973,12.67,89.44,1.67,17.22,2.2,4.51,69.45,70.16,51.22,1.01
2020-12-26,Sao Paulo,391257,12252023,2017,31934.0,-23.550520000000002,-46.633309000000004,20.11,75.79,14.11,27.44,22.29,24.16,74.65,71.15,7.74,-4.92
2020-12-26,New York,407264,8398748,2018,48491.0,40.712775,-74.005973,-1.66,62.83,-5.56,3.0,4.37,3.15,72.21,71.07,-38.73,-1.6
2020-12-27,Sao Paulo,392401,12252023,2017,32027.0,-23.550520000000002,-46.633309000000004,21.47,82.08,17.42,29.0,21.58,24.36,75.77,70.97,11.41,-6.76
2020-12-27,New York,410787,8398748,2018,48911.0,40.712775,-74.005973,-1.44,60.5,-5.56,4.0,4.65,1.36,71.75,68.81,-241.91,-4.27
2020-12-28,Sao Paulo,392401,12252023,2017,32027.0,-23.550520000000002,-46.633309000000004,22.28,74.2,17.0,29.0,21.07,24.49,77.08,71.02,13.96,-8.53
2020-12-28,New York,410787,8398748,2018,48911.0,40.712775,-74.005973,4.48,66.04,-2.22,11.0,4.43,-0.31,70.41,68.41,1529.03,-2.92
2020-12-29,Sao Paulo,399061,12252023,2017,32571.0,-23.550520000000002,-46.633309000000004,23.58,76.12,17.62,30.0,20.72,24.42,76.94,72.2,15.15,-6.57
2020-12-29,New York,426018,8398748,2018,50724.0,40.712775,-74.005973,4.03,47.92,0.0,9.0,4.57,-0.58,68.28,69.51,887.93,1.77
2020-12-30,Sao Paulo,401718,12252023,2017,32788.0,-23.550520000000002,-46.633309000000004,24.6,67.29,17.89,34.0,21.05,23.93,75.9,74.34,12.04,-2.1
2020-12-30,New York,430597,8398748,2018,51269.0,40.712775,-74.005973,0.46,52.08,-4.0,6.11,4.51,-0.25,64.66,72.4,1904.0,10.69
2020-12-31,Sao Paulo,401718,12252023,2017,32788.0,-23.550520000000002,-46.633309000000004,25.03,69.62,18.96,35.0,21.68,23.44,74.88,74.11,7.51,-1.04
2020-12-31,New York,436426,8398748,2018,51963.0,40.712775,-74.005973,6.22,73.75,2.78,10.0,3.94,0.6,64.93,71.31,-556.67,8.95
2021-01-01,Sao Paulo,403388,12252023,2017,32924.0,-23.550520000000002,-46.633309000000004,22.54,82.88,18.76,29.44,22.36,22.89,74.3,74.37,2.32,0.09
2021-01-01,New York,442426,8398748,2018,52678.0,40.712775,-74.005973,2.32,63.12,-2.22,5.56,3.54,2.2,64.65,69.45,-60.91,6.91
2021-01-02,Sao Paulo,403388,12252023,2017,32924.0,-23.550520000000002,-46.633309000000004,21.0,81.5,18.08,26.12,22.8,22.29,75.43,74.65,-2.29,-1.04
2021-01-02,New York,446630,8398748,2018,53178.0,40.712775,-74.005973,5.13,82.89,1.67,12.0,2.06,4.37,60.89,72.21,52.86,15.68
2021-01-03,Sao Paulo,404576,12252023,2017,33021.0,-23.550520000000002,-46.633309000000004,20.95,74.0,16.4,26.11,22.93,21.58,76.24,75.77,-6.26,-0.62
2021-01-03,New York,450389,8398748,2018,53626.0,40.712775,-74.005973,2.58,78.44,-0.56,6.56,3.03,4.65,63.76,71.75,34.84,11.14
2021-01-04,Sao Paulo,407577,12252023,2017,33266.0,-23.550520000000002,-46.633309000000004,22.2,68.83,15.91,29.0,22.85,21.07,75.09,77.08,-8.45,2.58
2021-01-04,New York,455726,8398748,2018,54261.0,40.712775,-74.005973,3.12,82.76,0.56,7.22,3.6,4.43,66.32,70.41,18.74,5.81
2021-01-05,Sao Paulo,410765,12252023,2017,33526.0,-23.550520000000002,-46.633309000000004,24.13,66.92,16.99,30.64,22.84,20.72,74.32,76.94,-10.23,3.41
2021-01-05,New York,460969,8398748,2018,54885.0,40.712775,-74.005973,3.55,73.04,1.67,5.56,3.41,4.57,68.71,68.28,25.38,-0.63
2021-01-06,Sao Paulo,413892,12252023,2017,33782.0,-23.550520000000002,-46.633309000000004,26.2,65.08,19.42,33.0,22.92,21.05,73.01,75.9,-8.88,3.81
2021-01-06,New York,467064,8398748,2018,55611.0,40.712775,-74.005973,3.07,65.96,-0.56,6.11,3.34,4.51,72.3,64.66,25.94,-11.82
2021-01-07,Sao Paulo,417221,12252023,2017,34053.0,-23.550520000000002,-46.633309000000004,25.55,68.83,19.08,35.0,23.15,21.68,72.69,74.88,-6.78,2.92
2021-01-07,New York,474074,8398748,2018,56446.0,40.712775,-74.005973,2.03,57.33,-1.67,6.11,3.71,3.94,74.28,64.93,5.84,-14.4
2021-01-08,Sao Paulo,417221,12252023,2017,34053.0,-23.550520000000002,-46.633309000000004,23.87,73.58,18.91,32.0,23.22,22.36,72.58,74.3,-3.85,2.31
2021-01-08,New York,481014,8398748,2018,57272.0,40.712775,-74.005973,0.2,64.38,-3.89,4.0,3.11,3.54,71.93,64.65,12.15,-11.26
2021-01-09,Sao Paulo,420939,12252023,2017,34357.0,-23.550520000000002,-46.633309000000004,23.58,80.27,18.73,30.0,23.41,22.8,71.25,75.43,-2.68,5.54
2021-01-09,New York,487285,8398748,2018,58019.0,40.712775,-74.005973,-0.53,57.38,-5.0,3.33,2.81,2.06,72.11,60.89,-36.41,-18.43
2021-01-10,Sao Paulo,421614,12252023,2017,34412.0,-23.550520000000002,-46.633309000000004,23.65,79.88,18.66,30.56,23.78,22.93,71.07,76.24,-3.71,6.78
2021-01-10,New York,493038,8398748,2018,58704.0,40.712775,-74.005973,1.39,51.79,-3.33,6.11,2.0,3.03,68.47,63.76,33.99,-7.39
2021-01-11,Sao Paulo,421614,12252023,2017,34412.0,-23.550520000000002,-46.633309000000004,24.53,77.46,19.48,30.65,24.17,22.85,71.91,75.09,-5.78,4.23
2021-01-11,New York,498613,8398748,2018,59368.0,40.712775,-74.005973,0.34,61.71,-4.0,4.75,1.83,3.6,64.66,66.32,49.17,2.5
2021-01-12,Sao Paulo,427832,12252023,2017,34919.0,-23.550520000000002,-46.633309000000004,24.92,79.29,20.55,31.93,24.5,22.84,73.15,74.32,-7.27,1.57
2021-01-12,New York,504561,8398748,2018,60076.0,40.712775,-74.005973,2.36,63.29,-3.0,8.0,1.44,3.41,61.66,68.71,57.77,10.26
2021-01-13,Sao Paulo,430702,12252023,2017,35154.0,-23.550520000000002,-46.633309000000004,24.24,77.2,20.37,29.63,24.61,22.92,74.91,73.01,-7.37,-2.6
2021-01-13,New York,510442,8398748,2018,60776.0,40.712775,-74.005973,3.0,61.62,-1.11,6.67,1.27,3.34,60.26,72.3,61.98,16.65
2021-01-14,Sao Paulo,434168,12252023,2017,35436.0,-23.550520000000002,-46.633309000000004,23.65,76.79,19.11,29.6,24.33,23.15,76.64,72.69,-5.1,-5.43
2021-01-14,New York,517692,8398748,2018,61639.0,40.712775,-74.005973,4.76,63.33,0.0,11.0,1.26,3.71,59.64,74.28,66.04,19.71
2021-01-15,Sao Paulo,437229,12252023,2017,35686.0,-23.550520000000002,-46.633309000000004,22.27,84.08,17.62,29.0,24.06,23.22,77.78,72.58,-3.62,-7.16
2021-01-15,New York,523958,8398748,2018,62385.0,40.712775,-74.005973,4.72,77.12,0.0,8.48,1.65,3.11,60.5,71.93,46.95,15.89
2021-01-16,Sao Paulo,438369,12252023,2017,35779.0,-23.550520000000002,-46.633309000000004,23.32,73.75,17.16,31.67,23.83,23.41,79.28,71.25,-1.79,-11.27
2021-01-16,New York,529561,8398748,2018,63052.0,40.712775,-74.005973,6.64,84.42,3.89,9.0,2.29,2.81,62.32,72.11,18.51,13.58
2021-01-17,Sao Paulo,439011,12252023,2017,35832.0,-23.550520000000002,-46.633309000000004,25.7,60.79,18.66,33.0,23.8,23.78,78.35,71.07,-0.08,-10.24
2021-01-17,New York,536009,8398748,2018,63820.0,40.712775,-74.005973,3.97,60.62,0.56,7.22,3.32,2.0,66.18,68.47,-66.0,3.34
2021-01-18,Sao Paulo,442477,12252023,2017,36115.0,-23.550520000000002,-46.633309000000004,25.54,66.17,18.84,32.78,24.09,24.17,75.62,71.91,0.33,-5.16
2021-01-18,New York,541566,8398748,2018,64482.0,40.712775,-74.005973,5.03,58.21,0.0,8.0,3.68,1.83,67.44,64.66,-101.09,-4.3
2021-01-19,Sao Paulo,445876,12252023,2017,36392.0,-23.550520000000002,-46.633309000000004,23.74,77.4,19.47,30.0,24.23,24.5,74.01,73.15,1.1,-1.18
2021-01-19,New York,545908,8398748,2018,64999.0,40.712775,-74.005973,3.18,59.5,0.0,6.11,4.35,1.44,66.94,61.66,-202.08,-8.56
2021-01-20,Sao Paulo,448744,12252023,2017,36626.0,-23.550520000000002,-46.633309000000004,23.5,75.33,17.94,31.11,24.07,24.61,73.74,74.91,2.19,1.56
2021-01-20,New York,551126,8398748,2018,65620.0,40.712775,-74.005973,2.21,57.96,-1.11,6.0,4.47,1.27,66.4,60.26,-251.97,-10.19
2021-01-21,Sao Paulo,450460,12252023,2017,36766.0,-23.550520000000002,-46.633309000000004,23.49,74.88,17.02,31.11,23.96,24.33,73.47,76.64,1.52,4.14
2021-01-21,New York,557966,8398748,2018,66434.0,40.712775,-74.005973,0.03,55.0,-6.0,6.67,4.36,1.26,65.88,59.64,-246.03,-10.46
2021-01-22,Sao Paulo,453461,12252023,2017,37011.0,-23.550520000000002,-46.633309000000004,23.8,73.0,17.0,30.0,23.94,24.06,73.2,77.78,0.5,5.89
2021-01-22,New York,563940,8398748,2018,67146.0,40.712775,-74.005973,3.99,54.17,-1.0,7.22,3.68,1.65,64.69,60.5,-123.03,-6.93
2021-01-23,Sao Paulo,454355,12252023,2017,37084.0,-23.550520000000002,-46.633309000000004,23.85,72.42,17.07,31.0,24.16,23.83,71.62,79.28,-1.38,9.66
2021-01-23,New York,569356,8398748,2018,67791.0,40.712775,-74.005973,0.17,44.25,-3.33,5.81,3.58,2.29,61.41,62.32,-56.33,1.46
2021-01-24,Sao Paulo,454900,12252023,2017,37129.0,-23.550520000000002,-46.633309000000004,23.04,76.92,16.5,30.0,24.23,23.8,71.43,78.35,-1.81,8.83
2021-01-24,New York,575018,8398748,2018,68465.0,40.712775,-74.005973,-3.07,43.88,-6.11,1.11,2.65,3.32,55.67,66.18,20.18,15.88
2021-01-25,Sao Paulo,456067,12252023,2017,37224.0,-23.550520000000002,-46.633309000000004,24.08,69.75,17.19,31.11,23.85,24.09,73.73,75.62,1.0,2.5
2021-01-25,New York,575018,8398748,2018,68465.0,40.712775,-74.005973,-1.26,49.04,-6.11,5.0,1.65,3.68,53.28,67.44,55.16,21.0
2021-01-26,Sao Paulo,461172,12252023,2017,37640.0,-23.550520000000002,-46.633309000000004,23.99,72.46,18.53,31.67,23.64,24.23,74.24,74.01,2.43,-0.31
2021-01-26,New York,584353,8398748,2018,69576.0,40.712775,-74.005973,0.63,63.72,-1.11,2.45,0.75,4.35,51.97,66.94,82.76,22.36
2021-01-27,Sao Paulo,462905,12252023,2017,37782.0,-23.550520000000002,-46.633309000000004,26.43,60.67,18.07,35.56,23.68,24.07,73.54,73.74,1.62,0.27
2021-01-27,New York,590838,8398748,2018,70348.0,40.712775,-74.005973,1.47,80.65,-1.0,3.33,0.39,4.47,52.57,66.4,91.28,20.83
2021-01-28,Sao Paulo,466172,12252023,2017,38049.0,-23.550520000000002,-46.633309000000004,26.28,63.75,18.44,36.0,24.1,23.96,71.44,73.47,-0.58,2.76
2021-01-28,New York,596988,8398748,2018,71081.0,40.712775,-74.005973,-0.8,54.5,-4.0,2.26,0.28,4.36,55.82,65.88,93.58,15.27
2021-01-29,Sao Paulo,468893,12252023,2017,38271.0,-23.550520000000002,-46.633309000000004,26.88,59.04,18.18,32.22,24.5,23.94,69.85,73.2,-2.34,4.58
2021-01-29,New York,603101,8398748,2018,71808.0,40.712775,-74.005973,-6.02,45.96,-10.56,-2.78,0.16,3.68,55.74,64.69,95.65,13.84
2021-01-30,Sao Paulo,469657,12252023,2017,38333.0,-23.550520000000002,-46.633309000000004,27.43,58.79,19.0,34.0,24.94,24.16,67.86,71.62,-3.23,5.25
2021-01-30,New York,603101,8398748,2018,71808.0,40.712775,-74.005973,-5.49,51.33,-10.0,1.11,-1.27,3.58,54.57,61.41,135.47,11.14
2021-01-31,Sao Paulo,470125,12252023,2017,38371.0,-23.550520000000002,-46.633309000000004,27.16,61.88,18.92,33.0,25.45,24.23,65.91,71.43,-5.04,7.73
2021-01-31,New York,613148,8398748,2018,73005.0,40.712775,-74.005973,-4.61,58.5,-8.33,0.32,-2.08,2.65,55.58,55.67,178.49,0.16
2021-02-01,Sao Paulo,473263,12252023,2017,38627.0,-23.550520000000002,-46.633309000000004,25.11,65.21,19.08,32.0,26.04,23.85,63.76,73.73,-9.18,13.52
2021-02-01,New York,617073,8398748,2018,73472.0,40.712775,-74.005973,-2.66,89.17,-6.11,1.0,-2.3,1.65,57.67,53.28,239.39,-8.24
2021-02-02,Sao Paulo,476299,12252023,2017,38875.0,-23.550520000000002,-46.633309000000004,24.64,74.88,17.43,33.0,26.18,23.64,63.11,74.24,-10.74,14.99
2021-02-02,New York,620880,8398748,2018,73925.0,40.712775,-74.005973,-0.06,87.5,-2.22,2.0,-2.5,0.75,63.4,51.97,433.33,-21.99
2021-02-03,Sao Paulo,479512,12252023,2017,39137.0,-23.550520000000002,-46.633309000000004,24.76,70.92,17.4,33.0,26.28,23.68,63.46,73.54,-10.98,13.71
2021-02-03,New York,623374,8398748,2018,74222.0,40.712775,-74.005973,0.11,77.8,-2.78,3.33,-2.6,0.39,66.8,52.57,766.67,-27.07
2021-02-04,Sao Paulo,481934,12252023,2017,39335.0,-23.550520000000002,-46.633309000000004,26.7,71.25,18.61,34.0,26.04,24.1,64.92,71.44,-8.05,9.13
2021-02-04,New York,626373,8398748,2018,74579.0,40.712775,-74.005973,1.36,56.0,-2.22,8.0,-2.79,0.28,66.39,55.82,1096.43,-18.94
2021-02-05,Sao Paulo,484353,12252023,2017,39532.0,-23.550520000000002,-46.633309000000004,23.51,74.68,19.0,30.56,26.1,24.5,66.0,69.85,-6.53,5.51
2021-02-05,New York,631956,8398748,2018,75244.0,40.712775,-74.005973,3.48,66.75,-1.67,9.0,-2.48,0.16,66.61,55.74,1650.0,-19.5
2021-02-06,Sao Paulo,485155,12252023,2017,39598.0,-23.550520000000002,-46.633309000000004,21.67,71.0,15.66,28.89,25.62,24.94,68.23,67.86,-2.73,-0.55
2021-02-06,New York,637131,8398748,2018,75860.0,40.712775,-74.005973,3.4,49.38,-4.44,7.0,-1.12,-1.27,69.58,54.57,11.81,-27.51
2021-02-07,Sao Paulo,485709,12252023,2017,39643.0,-23.550520000000002,-46.633309000000004,20.55,71.67,15.66,26.0,24.79,25.45,69.97,65.91,2.59,-6.16
2021-02-07,New York,642199,8398748,2018,76464.0,40.712775,-74.005973,0.61,75.43,-2.22,6.0,0.15,-2.08,69.3,55.58,107.21,-24.69
2021-02-08,Sao Paulo,488446,12252023,2017,39867.0,-23.550520000000002,-46.633309000000004,20.87,67.54,14.25,28.33,23.85,26.04,71.37,63.76,8.41,-11.94
2021-02-08,New York,646811,8398748,2018,77013.0,40.712775,-74.005973,-4.33,64.46,-10.56,1.52,0.89,-2.3,71.72,57.67,138.7,-24.36
2021-02-09,Sao Paulo,491256,12252023,2017,40096.0,-23.550520000000002,-46.633309000000004,20.69,68.71,14.43,28.0,23.24,26.18,71.71,63.11,11.23,-13.63
2021-02-09,New York,649590,8398748,2018,77344.0,40.712775,-74.005973,-1.95,74.61,-8.0,2.22,0.65,-2.5,68.19,63.4,126.0,-7.56
2021-02-10,Sao Paulo,493409,12252023,2017,40272.0,-23.550520000000002,-46.633309000000004,21.49,72.46,14.79,28.89,22.68,26.28,70.82,63.46,13.7,-11.6
2021-02-10,New York,654710,8398748,2018,77953.0,40.712775,-74.005973,-1.91,65.83,-7.78,2.0,0.38,-2.6,66.35,66.8,114.62,0.67
2021-02-11,Sao Paulo,495938,12252023,2017,40478.0,-23.550520000000002,-46.633309000000004,21.43,80.88,15.46,29.0,22.21,26.04,71.04,64.92,14.71,-9.43
2021-02-11,New York,659202,8398748,2018,78488.0,40.712775,-74.005973,-1.68,72.71,-4.44,1.0,0.09,-2.79,64.64,66.39,103.23,2.64
2021-02-12,Sao Paulo,498141,12252023,2017,40658.0,-23.550520000000002,-46.633309000000004,21.44,78.21,16.78,28.0,21.46,26.1,72.42,66.0,17.78,-9.73
2021-02-12,New York,663775,8398748,2018,79033.0,40.712775,-74.005973,-3.39,49.58,-8.89,0.0,-0.34,-2.48,67.02,66.61,86.29,-0.62
2021-02-13,Sao Paulo,498726,12252023,2017,40706.0,-23.550520000000002,-46.633309000000004,21.32,86.71,18.43,28.89,21.16,25.62,72.92,68.23,17.41,-6.87
2021-02-13,New York,667907,8398748,2018,79525.0,40.712775,-74.005973,-2.66,48.12,-6.0,-1.0,-1.32,-1.12,64.57,69.58,-17.86,7.2
2021-02-14,Sao Paulo,499278,12252023,2017,40751.0,-23.550520000000002,-46.633309000000004,22.95,76.75,16.81,31.11,21.11,24.79,75.17,69.97,14.84,-7.43
2021-02-14,New York,671532,8398748,2018,79956.0,40.712775,-74.005973,-0.87,72.88,-4.44,3.33,-2.19,0.15,64.39,69.3,1560.0,7.09
2021-02-15,Sao Paulo,501625,12252023,2017,40942.0,-23.550520000000002,-46.633309000000004,24.68,68.25,16.89,32.22,21.46,23.85,75.89,71.37,10.02,-6.33
2021-02-15,New York,675188,8398748,2018,80392.0,40.712775,-74.005973,0.64,70.76,-1.67,2.78,-2.4,0.89,64.03,71.72,369.66,10.72
2021-02-16,Sao Paulo,504310,12252023,2017,41161.0,-23.550520000000002,-46.633309000000004,23.85,67.79,15.87,32.22,22.0,23.24,76.0,71.71,5.34,-5.98
2021-02-16,New York,678098,8398748,2018,80738.0,40.712775,-74.005973,3.61,87.5,-1.0,12.0,-1.69,0.65,64.93,68.19,360.0,4.78
2021-02-17,Sao Paulo,506805,12252023,2017,41365.0,-23.550520000000002,-46.633309000000004,23.08,75.5,16.47,30.0,22.45,22.68,75.86,70.82,1.01,-7.12
2021-02-17,New York,684414,8398748,2018,81490.0,40.712775,-74.005973,-1.1,46.33,-6.67,5.56,-0.89,0.38,66.77,66.35,334.21,-0.63
2021-02-18,Sao Paulo,508944,12252023,2017,41540.0,-23.550520000000002,-46.633309000000004,22.77,75.04,16.62,31.67,22.68,22.21,76.3,71.04,-2.12,-7.4
2021-02-18,New York,689150,8398748,2018,82054.0,40.712775,-74.005973,-2.61,71.16,-5.0,0.0,-0.78,0.09,63.98,64.64,966.67,1.02
2021-02-19,Sao Paulo,511095,12252023,2017,41715.0,-23.550520000000002,-46.633309000000004,23.5,74.71,16.42,31.11,22.87,21.46,75.46,72.42,-6.57,-4.2
2021-02-19,New York,693845,8398748,2018,82613.0,40.712775,-74.005973,-1.53,89.57,-3.89,1.11,-0.91,-0.34,63.76,67.02,-167.65,4.86
2021-02-20,Sao Paulo,511924,12252023,2017,41783.0,-23.550520000000002,-46.633309000000004,23.29,73.12,16.11,30.0,23.16,21.16,74.96,72.92,-9.45,-2.8
2021-02-20,New York,696854,8398748,2018,82971.0,40.712775,-74.005973,-0.32,69.26,-4.44,2.0,-0.65,-1.32,69.47,64.57,50.76,-7.59
2021-02-21,Sao Paulo,512631,12252023,2017,41841.0,-23.550520000000002,-46.633309000000004,23.08,72.75,16.92,29.44,23.45,21.11,73.02,75.17,-11.08,2.86
2021-02-21,New York,700358,8398748,2018,83388.0,40.712775,-74.005973,-1.58,55.17,-7.22,3.0,-0.31,-2.19,72.49,64.39,85.84,-12.58
2021-02-22,Sao Paulo,514913,12252023,2017,42027.0,-23.550520000000002,-46.633309000000004,23.21,70.62,17.34,28.0,23.46,21.46,72.45,75.89,-9.32,4.53
2021-02-22,New York,703166,8398748,2018,83723.0,40.712775,-74.005973,0.57,75.03,-3.89,4.08,-0.41,-2.4,69.96,64.03,82.92,-9.26
2021-02-23,Sao Paulo,517362,12252023,2017,42227.0,-23.550520000000002,-46.633309000000004,24.4,62.29,14.77,33.33,23.25,22.0,72.79,76.0,-5.68,4.22
2021-02-23,New York,707478,8398748,2018,84236.0,40.712775,-74.005973,3.01,79.29,0.0,8.0,-0.42,-1.69,70.57,64.93,75.15,-8.69
2021-02-24,Sao Paulo,519954,12252023,2017,42438.0,-23.550520000000002,-46.633309000000004,24.37,64.62,16.27,31.4,23.33,22.45,72.0,75.86,-3.92,5.09
2021-02-24,New York,711936,8398748,2018,84767.0,40.712775,-74.005973,6.46,55.33,0.0,13.0,-0.51,-0.89,69.4,66.77,42.7,-3.94
2021-02-25,Sao Paulo,522087,12252023,2017,42612.0,-23.550520000000002,-46.633309000000004,21.78,80.44,16.81,27.78,23.52,22.68,70.45,76.3,-3.7,7.67
2021-02-25,New York,716220,8398748,2018,85277.0,40.712775,-74.005973,7.22,47.38,3.33,11.0,0.57,-0.78,70.69,63.98,173.08,-10.49
2021-02-26,Sao Paulo,524001,12252023,2017,42769.0,-23.550520000000002,-46.633309000000004,20.93,82.48,17.03,26.68,23.38,22.87,71.22,75.46,-2.23,5.62
2021-02-26,New York,720497,8398748,2018,85786.0,40.712775,-74.005973,3.85,42.96,-1.11,8.0,1.98,-0.91,67.29,63.76,317.58,-5.54
2021-02-27,Sao Paulo,524858,12252023,2017,42838.0,-23.550520000000002,-46.633309000000004,21.39,82.16,16.96,28.89,23.01,23.16,72.33,74.96,0.65,3.51
2021-02-27,New York,724702,8398748,2018,86287.0,40.712775,-74.005973,5.77,81.87,2.78,11.0,2.74,-0.65,60.63,69.47,521.54,12.72
2021-02-28,Sao Paulo,525595,12252023,2017,42899.0,-23.550520000000002,-46.633309000000004,22.25,80.46,16.77,30.0,22.74,23.45,73.62,73.02,3.03,-0.82
2021-02-28,New York,728404,8398748,2018,86287.0,40.712775,-74.005973,5.27,76.46,1.67,8.33,3.61,-0.31,62.43,72.49,1264.52,13.88
2021-03-01,Sao Paulo,527515,12252023,2017,43055.0,-23.550520000000002,-46.633309000000004,23.2,74.54,16.88,30.56,22.62,23.46,74.72,72.45,3.58,-3.13
2021-03-01,New York,732126,8398748,2018,87171.0,40.712775,-74.005973,5.75,87.35,3.33,9.0,4.59,-0.41,65.47,69.96,1219.51,6.42
2021-03-02,Sao Paulo,530183,12252023,2017,43273.0,-23.550520000000002,-46.633309000000004,23.71,73.83,17.06,31.11,22.62,23.25,75.28,72.79,2.71,-3.42
2021-03-02,New York,735307,8398748,2018,87550.0,40.712775,-74.005973,-1.08,37.0,-6.67,6.67,5.33,-0.42,67.23,70.57,1369.05,4.73
2021-03-03,Sao Paulo,530755,12252023,2017,43320.0,-23.550520000000002,-46.633309000000004,24.76,63.88,19.12,32.22,22.52,23.33,76.93,72.0,3.47,-6.85
2021-03-03,New York,739216,8398748,2018,88015.0,40.712775,-74.005973,3.25,43.46,-3.33,11.0,4.75,-0.51,61.19,69.4,1031.37,11.83
2021-03-04,Sao Paulo,535617,12252023,2017,43717.0,-23.550520000000002,-46.633309000000004,24.22,69.58,18.23,32.78,22.57,23.52,76.83,70.45,4.04,-9.06
2021-03-04,New York,743278,8398748,2018,88499.0,40.712775,-74.005973,5.12,47.96,0.56,9.0,4.29,0.57,59.5,70.69,-652.63,15.83
2021-03-05,Sao Paulo,538333,12252023,2017,43938.0,-23.550520000000002,-46.633309000000004,23.04,75.42,18.83,32.22,22.92,23.38,75.28,71.22,1.97,-5.7
2021-03-05,New York,747847,8398748,2018,89043.0,40.712775,-74.005973,-1.19,37.75,-6.11,3.33,3.99,1.98,59.58,67.29,-101.52,11.46
2021-03-06,Sao Paulo,539683,12252023,2017,44048.0,-23.550520000000002,-46.633309000000004,21.49,87.25,18.78,27.0,23.22,23.01,74.27,72.33,-0.91,-2.68
2021-03-06,New York,752222,8398748,2018,89564.0,40.712775,-74.005973,0.58,41.88,-2.0,2.78,3.27,2.74,58.84,60.63,-19.34,2.95
2021-03-07,Sao Paulo,540750,12252023,2017,44136.0,-23.550520000000002,-46.633309000000004,21.27,85.37,17.49,27.78,23.24,22.74,74.99,73.62,-2.2,-1.86
2021-03-07,New York,755103,8398748,2018,89907.0,40.712775,-74.005973,0.34,45.5,-3.33,6.0,2.53,3.61,53.12,62.43,29.92,14.91
2021-03-08,Sao Paulo,544063,12252023,2017,44406.0,-23.550520000000002,-46.633309000000004,22.31,76.79,15.96,28.89,23.1,22.62,75.7,74.72,-2.12,-1.31
2021-03-08,New York,759026,8398748,2018,90374.0,40.712775,-74.005973,0.89,40.75,-4.44,8.0,1.82,4.59,48.7,65.47,60.35,25.61
2021-03-09,Sao Paulo,547384,12252023,2017,44677.0,-23.550520000000002,-46.633309000000004,22.67,69.17,14.99,30.56,22.97,22.62,76.02,75.28,-1.55,-0.98
2021-03-09,New York,762049,8398748,2018,90734.0,40.712775,-74.005973,8.45,37.83,1.67,19.0,1.13,5.33,42.04,67.23,78.8,37.47
2021-03-10,Sao Paulo,550654,12252023,2017,44944.0,-23.550520000000002,-46.633309000000004,21.78,67.75,14.62,29.0,22.82,22.52,75.35,76.93,-1.33,2.05
2021-03-10,New York,766014,8398748,2018,91206.0,40.712775,-74.005973,7.91,52.5,1.0,14.0,2.49,4.75,42.16,61.19,47.58,31.1
2021-03-11,Sao Paulo,553751,12252023,2017,45197.0,-23.550520000000002,-46.633309000000004,22.92,72.12,16.05,30.0,22.4,22.57,75.9,76.83,0.75,1.21
2021-03-11,New York,771618,8398748,2018,91873.0,40.712775,-74.005973,10.96,69.5,5.56,23.0,3.16,4.29,43.45,59.5,26.34,26.97
2021-03-12,Sao Paulo,556869,12252023,2017,45451.0,-23.550520000000002,-46.633309000000004,23.58,74.64,16.85,31.0,22.21,22.92,76.27,75.28,3.1,-1.32
2021-03-12,New York,773151,8398748,2018,92056.0,40.712775,-74.005973,15.85,40.42,8.37,21.0,3.99,3.99,46.53,59.58,0.0,21.9
2021-03-13,Sao Paulo,558514,12252023,2017,45585.0,-23.550520000000002,-46.633309000000004,23.68,74.08,17.51,30.92,22.29,23.22,76.16,74.27,4.01,-2.54
2021-03-13,New York,777010,8398748,2018,92515.0,40.712775,-74.005973,7.51,29.21,0.0,17.0,6.43,3.27,46.91,58.84,-96.64,20.28
2021-03-14,Sao Paulo,559817,12252023,2017,45692.0,-23.550520000000002,-46.633309000000004,24.05,71.25,17.05,31.05,22.6,23.24,74.27,74.99,2.75,0.96
2021-03-14,New York,781329,8398748,2018,93029.0,40.712775,-74.005973,7.32,31.75,2.78,13.0,7.42,2.53,45.1,53.12,-193.28,15.1
2021-03-15,Sao Paulo,559817,12252023,2017,45692.0,-23.550520000000002,-46.633309000000004,23.85,70.04,16.43,31.0,23.0,23.1,72.26,75.7,0.43,4.54
2021-03-15,New York,784900,8398748,2018,93454.0,40.712775,-74.005973,-0.29,28.38,-5.56,5.0,8.41,1.82,43.14,48.7,-362.09,11.42
2021-03-16,Sao Paulo,559817,12252023,2017,45692.0,-23.550520000000002,-46.633309000000004,23.61,72.12,16.8,31.11,23.22,22.97,71.29,76.02,-1.09,6.22
2021-03-16,New York,787901,8398748,2018,93812.0,40.712775,-74.005973,0.27,39.29,-3.0,3.33,8.24,1.13,41.37,42.04,-629.2,1.59
2021-03-17,Sao Paulo,571358,12252023,2017,46634.0,-23.550520000000002,-46.633309000000004,24.73,66.21,16.35,32.22,23.35,22.82,71.71,75.35,-2.32,4.83
2021-03-17,New York,787901,8398748,2018,93812.0,40.712775,-74.005973,3.71,76.42,0.56,8.89,7.08,2.49,41.58,42.16,-184.34,1.38
2021-03-18,Sao Paulo,575331,12252023,2017,46958.0,-23.550520000000002,-46.633309000000004,23.6,75.16,17.38,31.67,23.77,22.4,71.49,75.9,-6.12,5.81
2021-03-18,New York,791064,8398748,2018,94188.0,40.712775,-74.005973,6.6,88.27,5.0,8.0,6.48,3.16,45.0,43.45,-105.06,-3.57
2021-03-19,Sao Paulo,579380,12252023,2017,47289.0,-23.550520000000002,-46.633309000000004,22.67,81.0,17.69,29.0,23.87,22.21,71.93,76.27,-7.47,5.69
2021-03-19,New York,793877,8398748,2018,94523.0,40.712775,-74.005973,3.71,52.12,-1.11,7.78,5.85,3.99,47.68,46.53,-46.62,-2.47
2021-03-20,Sao Paulo,581013,12252023,2017,47422.0,-23.550520000000002,-46.633309000000004,23.66,76.67,17.14,30.56,23.74,22.29,72.84,76.16,-6.51,4.36
2021-03-20,New York,793877,8398748,2018,94523.0,40.712775,-74.005973,5.75,36.96,-1.67,16.0,4.12,6.43,49.35,46.91,35.93,-5.2
2021-03-21,Sao Paulo,582245,12252023,2017,47522.0,-23.550520000000002,-46.633309000000004,24.67,68.58,17.21,32.22,23.74,22.6,73.21,74.27,-5.04,1.43
2021-03-21,New York,793947,8398748,2018,94532.0,40.712775,-74.005973,9.19,46.88,1.0,18.33,3.87,7.42,50.46,45.1,47.84,-11.88
2021-03-22,Sao Paulo,586394,12252023,2017,47861.0,-23.550520000000002,-46.633309000000004,25.37,68.92,16.49,30.0,23.83,23.0,72.83,72.26,-3.61,-0.79
2021-03-22,New York,793877,8398748,2018,94523.0,40.712775,-74.005973,9.2,58.67,2.0,17.0,4.13,8.41,52.62,43.14,50.89,-21.97
2021-03-23,Sao Paulo,590885,12252023,2017,48228.0,-23.550520000000002,-46.633309000000004,24.26,67.83,16.65,31.67,24.04,23.22,72.67,71.29,-3.53,-1.94
2021-03-23,New York,818046,8398748,2018,97401.0,40.712775,-74.005973,9.88,72.0,3.89,18.33,5.49,8.24,56.94,41.37,33.37,-37.64
2021-03-24,Sao Paulo,595099,12252023,2017,48571.0,-23.550520000000002,-46.633309000000004,24.57,68.46,17.3,31.11,24.14,23.35,72.05,71.71,-3.38,-0.47
2021-03-24,New York,822548,8398748,2018,97937.0,40.712775,-74.005973,10.56,81.93,6.67,14.0,6.86,7.08,61.62,41.58,3.11,-48.2
2021-03-25,Sao Paulo,599340,12252023,2017,48918.0,-23.550520000000002,-46.633309000000004,23.77,69.42,17.88,30.56,24.11,23.77,72.37,71.49,-1.43,-1.23
2021-03-25,New York,826494,8398748,2018,98407.0,40.712775,-74.005973,12.62,92.54,8.12,20.56,7.84,6.48,62.4,45.0,-20.99,-38.67
2021-03-26,Sao Paulo,603049,12252023,2017,49220.0,-23.550520000000002,-46.633309000000004,24.69,66.0,17.24,32.22,24.14,23.87,71.55,71.93,-1.13,0.53
2021-03-26,New York,830896,8398748,2018,98931.0,40.712775,-74.005973,16.1,74.96,8.89,28.0,8.7,5.85,63.01,47.68,-48.72,-32.15
2021-03-27,Sao Paulo,605059,12252023,2017,49384.0,-23.550520000000002,-46.633309000000004,25.3,65.38,17.46,33.33,24.43,23.74,69.41,72.84,-2.91,4.71
2021-03-27,New York,835608,8398748,2018,99492.0,40.712775,-74.005973,14.11,51.17,8.33,21.11,10.47,4.12,66.28,49.35,-154.13,-34.31
2021-03-28,Sao Paulo,606301,12252023,2017,49486.0,-23.550520000000002,-46.633309000000004,24.92,65.04,17.39,32.22,24.66,23.74,67.8,73.21,-3.88,7.39
2021-03-28,New York,836227,8398748,2018,99566.0,40.712775,-74.005973,11.82,81.44,8.0,19.44,11.67,3.87,68.31,50.46,-201.55,-35.37
2021-03-29,Sao Paulo,611049,12252023,2017,49873.0,-23.550520000000002,-46.633309000000004,24.75,63.33,17.22,32.22,24.7,23.83,67.29,72.83,-3.65,7.61
2021-03-29,New York,843207,8398748,2018,100397.0,40.712775,-74.005973,10.64,50.28,6.05,17.22,12.04,4.13,73.24,52.62,-191.53,-39.19
2021-03-30,Sao Paulo,619397,12252023,2017,50555.0,-23.550520000000002,-46.633309000000004,22.78,68.67,16.67,30.0,24.61,24.04,66.49,72.67,-2.37,8.5
2021-03-30,New York,846792,8398748,2018,100824.0,40.712775,-74.005973,9.76,42.79,2.0,16.67,12.25,5.49,72.05,56.94,-123.13,-26.54
2021-03-31,Sao Paulo,628043,12252023,2017,51260.0,-23.550520000000002,-46.633309000000004,20.23,71.0,15.04,27.0,24.4,24.14,66.61,72.05,-1.08,7.55
2021-03-31,New York,851401,8398748,2018,101372.0,40.712775,-74.005973,12.12,78.17,7.78,20.0,12.23,6.86,67.87,61.62,-78.28,-10.14
2021-04-01,Sao Paulo,631786,12252023,2017,51566.0,-23.550520000000002,-46.633309000000004,19.41,67.75,12.75,27.22,23.78,24.11,66.98,72.37,1.37,7.45
2021-04-01,New York,855448,8398748,2018,101854.0,40.712775,-74.005973,9.49,76.26,4.44,16.0,12.45,7.84,67.34,62.4,-58.8,-7.92
2021-04-02,Sao Paulo,633097,12252023,2017,51673.0,-23.550520000000002,-46.633309000000004,19.84,72.17,14.67,27.78,23.15,24.14,66.74,71.55,4.1,6.72
2021-04-02,New York,859066,8398748,2018,102285.0,40.712775,-74.005973,1.87,43.96,-3.0,7.22,12.01,8.7,65.01,63.01,-38.05,-3.17
2021-04-03,Sao Paulo,634456,12252023,2017,51784.0,-23.550520000000002,-46.633309000000004,20.06,74.25,13.47,27.22,22.46,24.43,67.62,69.41,8.06,2.58
2021-04-03,New York,862922,8398748,2018,102744.0,40.712775,-74.005973,4.27,33.38,-1.67,13.0,9.97,10.47,60.58,66.28,4.78,8.6
2021-04-04,Sao Paulo,635582,12252023,2017,51876.0,-23.550520000000002,-46.633309000000004,20.56,70.0,14.45,28.33,21.71,24.66,68.89,67.8,11.96,-1.61
2021-04-04,New York,880275,8398748,2018,104810.0,40.712775,-74.005973,10.25,42.83,5.0,18.33,8.57,11.67,58.04,68.31,26.56,15.03
2021-04-05,Sao Paulo,647,12252023,2017,52.834,-23.550520000000002,-46.633309000000004,20.69,70.12,14.16,28.0,21.09,24.7,69.6,67.29,14.62,-3.43
2021-04-05,New York,869,8398748,2018,103.506,40.712775,-74.005973,13.66,33.42,7.22,21.0,8.34,12.04,52.52,73.24,30.73,28.29
2021-04-06,Sao Paulo,647,12252023,2017,52.844,-23.550520000000002,-46.633309000000004,19.7,79.21,13.98,28.33,20.51,24.61,70.57,66.49,16.66,-6.14
2021-04-06,New York,872,8398748,2018,103.848,40.712775,-74.005973,13.97,27.42,6.67,22.0,8.77,12.25,50.12,72.05,28.41,30.44
2021-04-07,Sao Paulo,652,12252023,2017,53.225,-23.550520000000002,-46.633309000000004,20.22,75.21,14.34,28.33,20.07,24.4,72.07,66.61,17.75,-8.2
2021-04-07,New York,876,8398748,2018,104.347,40.712775,-74.005973,14.56,37.38,8.33,22.22,9.38,12.23,47.92,67.87,23.3,29.39
2021-04-08,Sao Paulo,656,12252023,2017,53.584,-23.550520000000002,-46.633309000000004,20.42,68.25,13.49,28.0,20.07,23.78,72.67,66.98,15.6,-8.5
2021-04-08,New York,880,8398748,2018,104.825,40.712775,-74.005973,13.51,55.46,7.22,21.11,9.72,12.45,42.09,67.34,21.93,37.5
2021-04-09,Sao Paulo,660,12252023,2017,53.88399999999999,-23.550520000000002,-46.633309000000004,20.87,66.29,12.47,29.0,20.21,23.15,72.74,66.74,12.7,-8.99
2021-04-09,New York,883,8398748,2018,105.244,40.712775,-74.005973,10.98,74.21,7.78,17.0,10.3,12.01,39.12,65.01,14.24,39.82
2021-04-10,Sao Paulo,661,12252023,2017,54.022,-23.550520000000002,-46.633309000000004,22.28,62.04,13.09,29.44,20.36,22.46,71.9,67.62,9.35,-6.33
2021-04-10,New York,887,8398748,2018,105.615,40.712775,-74.005973,12.67,82.96,8.0,20.56,11.6,9.97,43.44,60.58,-16.35,28.29
2021-04-11,Sao Paulo,663,12252023,2017,54.131,-23.550520000000002,-46.633309000000004,22.67,56.42,12.63,31.0,20.68,21.71,70.16,68.89,4.74,-1.84
2021-04-11,New York,889,8398748,2018,105.958,40.712775,-74.005973,12.63,94.64,9.43,16.11,12.8,8.57,50.53,58.04,-49.36,12.94
2021-04-12,Sao Paulo,667,12252023,2017,54.448,-23.550520000000002,-46.633309000000004,22.28,62.88,12.48,29.0,20.98,21.09,68.22,69.6,0.52,1.98
2021-04-12,New York,892,8398748,2018,106.303,40.712775,-74.005973,8.41,86.74,6.67,11.0,13.14,8.34,57.93,52.52,-57.55,-10.3
2021-04-13,Sao Paulo,671,12252023,2017,54.78,-23.550520000000002,-46.633309000000004,19.47,77.4,15.75,25.0,21.21,20.51,67.19,70.57,-3.41,4.79
2021-04-13,New York,894,8398748,2018,106.559,40.712775,-74.005973,10.61,71.24,5.0,19.0,12.39,8.77,65.54,50.12,-41.28,-30.77
2021-04-14,Sao Paulo,675,12252023,2017,55.12,-23.550520000000002,-46.633309000000004,18.94,72.38,12.77,27.22,21.17,20.07,66.93,72.07,-5.48,7.13
2021-04-14,New York,897,8398748,2018,106.903,40.712775,-74.005973,13.59,66.62,7.78,22.0,11.91,9.38,71.8,47.92,-26.97,-49.83
2021-04-15,Sao Paulo,679,12252023,2017,55.467,-23.550520000000002,-46.633309000000004,19.66,71.38,14.19,26.67,20.99,20.07,66.52,72.67,-4.58,8.46
2021-04-15,New York,901,8398748,2018,107.288,40.712775,-74.005973,12.46,86.12,8.81,17.0,11.77,9.72,75.98,42.09,-21.09,-80.52
2021-04-16,Sao Paulo,683,12252023,2017,55.771,-23.550520000000002,-46.633309000000004,19.99,72.75,13.15,27.22,20.88,20.21,66.97,72.74,-3.32,7.93
2021-04-16,New York,903,8398748,2018,107.574,40.712775,-74.005973,8.1,72.21,3.33,11.67,11.62,10.3,80.36,39.12,-12.82,-105.42
2021-04-17,Sao Paulo,684,12252023,2017,55.847,-23.550520000000002,-46.633309000000004,21.06,68.92,14.45,28.33,20.76,20.36,67.89,71.9,-1.96,5.58
2021-04-17,New York,906,8398748,2018,107.887,40.712775,-74.005973,8.93,63.29,5.0,13.33,11.21,11.6,80.08,43.44,3.36,-84.35
2021-04-18,Sao Paulo,685,12252023,2017,55.93899999999999,-23.550520000000002,-46.633309000000004,19.72,81.38,15.69,26.0,20.58,20.68,68.88,70.16,0.48,1.82
2021-04-18,New York,908,8398748,2018,108.219,40.712775,-74.005973,12.01,54.04,7.78,17.0,10.68,12.8,77.27,50.53,16.56,-52.92
2021-04-19,Sao Paulo,689,12252023,2017,56.264,-23.550520000000002,-46.633309000000004,18.53,80.68,15.53,25.0,20.16,20.98,72.44,68.22,3.91,-6.19
2021-04-19,New York,911,8398748,2018,108.509,40.712775,-74.005973,13.73,53.71,7.78,20.0,10.59,13.14,71.47,57.93,19.41,-23.37
2021-04-20,Sao Paulo,693,12252023,2017,56.583,-23.550520000000002,-46.633309000000004,18.33,77.25,14.31,25.0,19.62,21.21,74.98,67.19,7.5,-11.59
2021-04-20,New York,913,8398748,2018,108.741,40.712775,-74.005973,15.45,55.83,7.78,25.0,11.35,12.39,66.75,65.54,8.39,-1.85
2021-04-21,Sao Paulo,695,12252023,2017,56.76,-23.550520000000002,-46.633309000000004,18.18,77.17,13.89,23.33,19.46,21.17,74.96,66.93,8.08,-12.0
2021-04-21,New York,915,8398748,2018,109.031,40.712775,-74.005973,14.39,54.62,7.0,22.0,12.04,11.91,64.55,71.8,-1.09,10.1
2021-04-22,Sao Paulo,699,12252023,2017,57.089,-23.550520000000002,-46.633309000000004,17.48,81.38,13.93,24.44,19.35,20.99,75.65,66.52,7.81,-13.73
2021-04-22,New York,917,8398748,2018,109.278,40.712775,-74.005973,5.29,42.92,1.11,10.0,12.15,11.77,62.83,75.98,-3.23,17.31
2021-04-23,Sao Paulo,702,12252023,2017,57.368,-23.550520000000002,-46.633309000000004,17.81,75.33,11.0,25.56,19.04,20.88,77.08,66.97,8.81,-15.1
2021-04-23,New York,919,8398748,2018,109.498,40.712775,-74.005973,9.34,36.62,2.78,19.0,11.13,11.62,56.66,80.36,4.22,29.49
2021-04-24,Sao Paulo,702,12252023,2017,57.368,-23.550520000000002,-46.633309000000004,19.74,67.04,11.77,27.0,18.73,20.76,77.44,67.89,9.78,-14.07
2021-04-24,New York,921,8398748,2018,109.724,40.712775,-74.005973,14.92,39.21,7.0,22.0,11.31,11.21,51.58,80.08,-0.89,35.59
2021-04-25,Sao Paulo,704,12252023,2017,57.541,-23.550520000000002,-46.633309000000004,20.7,72.04,13.14,29.0,18.54,20.58,77.18,68.88,9.91,-12.05
2021-04-25,New York,922,8398748,2018,109.88,40.712775,-74.005973,12.86,66.88,8.89,19.0,12.16,10.68,48.14,77.27,-13.86,37.7
2021-04-26,Sao Paulo,708,12252023,2017,57.838,-23.550520000000002,-46.633309000000004,20.45,76.62,15.35,26.11,18.68,20.16,75.84,72.44,7.34,-4.69
2021-04-26,New York,924,8398748,2018,110.094,40.712775,-74.005973,11.23,41.5,4.44,17.0,12.28,10.59,49.97,71.47,-15.96,30.08
2021-04-27,Sao Paulo,712,12252023,2017,58.15600000000001,-23.550520000000002,-46.633309000000004,19.18,78.88,13.89,23.33,18.96,19.62,75.26,74.98,3.36,-0.37
2021-04-27,New York,925,8398748,2018,110.236,40.712775,-74.005973,12.0,33.42,6.67,18.89,11.93,11.35,48.23,66.75,-5.11,27.75
2021-04-28,Sao Paulo,715,12252023,2017,58.409,-23.550520000000002,-46.633309000000004,18.62,72.38,13.89,25.0,19.08,19.46,75.49,74.96,1.95,-0.71
2021-04-28,New York,927,8398748,2018,110.406,40.712775,-74.005973,16.78,62.25,10.0,31.0,11.43,12.04,45.02,64.55,5.07,30.26
2021-04-29,Sao Paulo,718,12252023,2017,58.657,-23.550520000000002,-46.633309000000004,17.28,73.96,12.81,24.0,19.14,19.35,74.81,75.65,1.09,1.11
2021-04-29,New York,928,8398748,2018,110.594,40.712775,-74.005973,18.7,69.62,12.35,29.0,11.77,12.15,46.11,62.83,3.13,26.61
2021-04-30,Sao Paulo,721,12252023,2017,58.877,-23.550520000000002,-46.633309000000004,17.65,72.33,12.79,25.56,19.11,19.04,73.75,77.08,-0.37,4.32
2021-04-30,New York,930,8398748,2018,110.797,40.712775,-74.005973,18.32,58.08,13.73,23.0,13.69,11.13,49.93,56.66,-23.0,11.88
2021-05-01,Sao Paulo,725,12252023,2017,59.195,-23.550520000000002,-46.633309000000004,17.84,73.0,11.32,26.67,19.09,18.73,73.32,77.44,-1.92,5.32
2021-05-01,New York,931,8398748,2018,110.949,40.712775,-74.005973,11.12,41.96,4.44,20.0,14.97,11.31,52.99,51.58,-32.36,-2.73
2021-05-02,Sao Paulo,722,12252023,2017,58.996,-23.550520000000002,-46.633309000000004,18.73,70.17,12.01,26.11,18.82,18.54,74.17,77.18,-1.51,3.9
2021-05-02,New York,932,8398748,2018,111.085,40.712775,-74.005973,18.01,37.75,11.11,29.0,14.43,12.16,53.39,48.14,-18.67,-10.91
2021-05-03,Sao Paulo,725,12252023,2017,59.219,-23.550520000000002,-46.633309000000004,18.76,76.71,11.47,27.22,18.54,18.68,73.91,75.84,0.75,2.54
2021-05-03,New York,933,8398748,2018,111.188,40.712775,-74.005973,17.07,61.46,11.52,28.0,15.17,12.28,49.23,49.97,-23.53,1.48
2021-05-04,Sao Paulo,728,12252023,2017,59.431,-23.550520000000002,-46.633309000000004,20.17,68.08,11.67,27.78,18.29,18.96,73.92,75.26,3.53,1.78
2021-05-04,New York,934,8398748,2018,111.312,40.712775,-74.005973,14.5,83.85,10.56,23.89,16.0,11.93,52.08,48.23,-34.12,-7.98
2021-05-05,Sao Paulo,730,12252023,2,59.627,-23.550520000000002,-46.633309000000004,20.87,64.96,11.87,28.33,18.44,19.08,72.38,75.49,3.35,4.12
2021-05-05,New York,935,8398748,2,111.444,40.712775,-74.005973,12.8,91.19,10.47,17.78,16.36,11.43,59.28,45.02,-43.13,-31.67
2021-05-06,Sao Paulo,733,12252023,2017,59.832,-23.550520000000002,-46.633309000000004,21.09,66.21,12.64,28.89,18.76,19.14,71.32,74.81,1.99,4.67
2021-05-06,New York,936,8398748,2018,111.55,40.712775,-74.005973,13.95,55.04,8.33,20.0,15.79,11.77,63.42,46.11,-34.15,-37.54
2021-05-07,Sao Paulo,733,12252023,2017,59.832,-23.550520000000002,-46.633309000000004,17.24,79.92,14.89,21.67,19.3,19.11,70.21,73.75,-0.99,4.8
2021-05-07,New York,938,8398748,2018,111.697,40.712775,-74.005973,14.04,44.88,8.0,18.89,15.11,13.69,61.33,49.93,-10.37,-22.83
2021-05-08,Sao Paulo,736,12252023,2017,60.1,-23.550520000000002,-46.633309000000004,16.67,77.29,12.71,24.44,19.24,19.09,71.29,73.32,-0.79,2.77
2021-05-08,New York,939,8398748,2018,111.809,40.712775,-74.005973,10.85,68.08,8.33,14.0,14.5,14.97,59.45,52.99,3.14,-12.19
2021-05-09,Sao Paulo,736,12252023,2017,60.144,-23.550520000000002,-46.633309000000004,17.68,74.38,12.25,25.0,19.08,18.82,71.91,74.17,-1.38,3.05
2021-05-09,New York,939,8398748,2018,111.898,40.712775,-74.005973,10.78,69.56,4.44,18.0,14.46,14.43,63.18,53.39,-0.21,-18.34
2021-05-10,Sao Paulo,739,12252023,2017,60.38399999999999,-23.550520000000002,-46.633309000000004,18.25,70.08,13.18,26.11,18.93,18.54,72.51,73.91,-2.1,1.89
2021-05-10,New York,940,8398748,2018,111.956,40.712775,-74.005973,10.95,78.46,7.78,17.0,13.43,15.17,67.72,49.23,11.47,-37.56
2021-05-11,Sao Paulo,742,12252023,2017,60.613,-23.550520000000002,-46.633309000000004,18.98,70.83,11.42,26.11,18.85,18.29,71.56,73.92,-3.06,3.19
2021-05-11,New York,941,8398748,2018,112.06,40.712775,-74.005973,13.81,49.54,7.22,20.0,12.55,16.0,70.15,52.08,21.56,-34.7
2021-05-12,Sao Paulo,745,12252023,2017,60.817,-23.550520000000002,-46.633309000000004,17.55,79.12,11.94,25.0,18.68,18.44,71.95,72.38,-1.3,0.59
2021-05-12,New York,941,8398748,2018,112.159,40.712775,-74.005973,13.66,40.71,6.67,22.0,12.45,16.36,65.25,59.28,23.9,-10.07
2021-05-13,Sao Paulo,748,12252023,2017,61.082,-23.550520000000002,-46.633309000000004,15.76,84.46,11.67,22.22,18.21,18.76,73.98,71.32,2.93,-3.73
2021-05-13,New York,942,8398748,2018,112.257,40.712775,-74.005973,15.82,36.17,7.22,23.33,12.58,15.79,58.04,63.42,20.33,8.48
2021-05-14,Sao Paulo,751,12252023,2017,61.305,-23.550520000000002,-46.633309000000004,16.58,74.25,12.0,23.33,17.45,19.3,76.58,70.21,9.59,-9.07
2021-05-14,New York,943,8398748,2018,112.308,40.712775,-74.005973,17.38,38.46,7.78,26.11,12.84,15.11,55.34,61.33,15.02,9.77
2021-05-15,Sao Paulo,752,12252023,2017,61.431,-23.550520000000002,-46.633309000000004,17.32,77.08,12.72,23.0,17.35,19.24,75.77,71.29,9.82,-6.28
2021-05-15,New York,944,8398748,2018,112.418,40.712775,-74.005973,18.58,39.08,10.0,26.0,13.32,14.5,54.43,59.45,8.14,8.44
