date,city_name,lat,lon,temp_mean,humidity_mean,temp_min,temp_max
2020-01-01,New York,40.712775,-74.005973,4.071666666666665,60.708333333333336,2.0,3.33
2020-01-02,New York,40.712775,-74.005973,3.2641666666666667,58.625,-3.33,2.22
2020-01-03,New York,40.712775,-74.005973,7.418400000000002,78.12,4.44,7.39
2020-01-04,New York,40.712775,-74.005973,8.625416666666666,94.875,6.67,8.33
2020-01-05,New York,40.712775,-74.005973,4.917916666666667,59.666666666666664,2.22,4.0
2020-01-06,New York,40.712775,-74.005973,2.7047999999999996,67.04,-1.11,1.11
2020-01-07,New York,40.712775,-74.005973,4.411666666666666,51.666666666666664,0.56,4.44
2020-01-08,New York,40.712775,-74.005973,2.370833333333333,67.79166666666667,-1.11,1.11
2020-01-09,New York,40.712775,-74.005973,-1.8254166666666671,45.541666666666664,-5.56,-3.33
2020-01-10,New York,40.712775,-74.005973,3.99375,67.29166666666667,-1.67,1.0
2020-01-11,New York,40.712775,-74.005973,12.975416666666668,72.45833333333333,6.67,10.19
2020-01-12,New York,40.712775,-74.005973,16.91208333333333,66.375,11.0,15.0
2020-01-13,New York,40.712775,-74.005973,6.191666666666667,66.04166666666667,1.11,4.05
2020-01-14,New York,40.712775,-74.005973,5.183333333333333,81.95833333333333,1.11,5.0
2020-01-15,New York,40.712775,-74.005973,7.211250000000001,76.75,4.0,6.67
2020-01-16,New York,40.712775,-74.005973,6.97125,71.04166666666667,2.78,5.05
2020-01-17,New York,40.712775,-74.005973,-1.4795833333333333,40.416666666666664,-6.67,-4.0
2020-01-18,New York,40.712775,-74.005973,-4.4216,56.04,-7.22,-5.0
2020-01-19,New York,40.712775,-74.005973,3.3876,76.44,-1.67,2.26
2020-01-20,New York,40.712775,-74.005973,-2.58,45.25,-7.22,-5.0
2020-01-21,New York,40.712775,-74.005973,-3.466666666666667,46.875,-8.33,-5.11
2020-01-22,New York,40.712775,-74.005973,-1.1154166666666667,54.208333333333336,-6.67,-2.0
2020-01-23,New York,40.712775,-74.005973,1.9712499999999997,59.666666666666664,-5.0,1.11
2020-01-24,New York,40.712775,-74.005973,4.683750000000001,57.875,-2.78,3.33
2020-01-25,New York,40.712775,-74.005973,5.692083333333333,79.375,2.78,4.44
2020-01-26,New York,40.712775,-74.005973,5.545833333333333,75.75,1.0,3.89
2020-01-27,New York,40.712775,-74.005973,4.42125,63.416666666666664,0.56,3.33
2020-01-28,New York,40.712775,-74.005973,4.474583333333334,55.875,2.22,3.89
2020-01-29,New York,40.712775,-74.005973,2.6875,49.5,0.0,1.11
2020-01-30,New York,40.712775,-74.005973,-0.49124999999999996,49.833333333333336,-5.0,-2.22
2020-01-31,New York,40.712775,-74.005973,2.233333333333333,71.875,-2.22,1.67
2020-02-01,New York,40.712775,-74.005973,4.189583333333334,85.875,1.49,4.0
2020-02-02,New York,40.712775,-74.005973,3.9672,76.32,1.0,2.78
2020-02-03,New York,40.712775,-74.005973,6.070833333333333,76.125,1.11,3.14
2020-02-04,New York,40.712775,-74.005973,8.345,71.625,3.17,7.22
2020-02-05,New York,40.712775,-74.005973,6.989583333333333,69.79166666666667,3.33,5.09
2020-02-06,New York,40.712775,-74.005973,4.276249999999999,81.66666666666667,1.67,3.73
2020-02-07,New York,40.712775,-74.005973,5.372916666666666,89.375,1.11,3.41
2020-02-08,New York,40.712775,-74.005973,1.569583333333333,51.916666666666664,-2.22,0.01
2020-02-09,New York,40.712775,-74.005973,2.2845833333333334,65.91666666666667,-2.22,1.11
2020-02-10,New York,40.712775,-74.005973,5.977500000000002,76.25,1.67,6.11
2020-02-11,New York,40.712775,-74.005973,7.132083333333334,94.54166666666667,5.56,7.22
2020-02-12,New York,40.712775,-74.005973,5.976250000000001,56.625,2.22,4.44
2020-02-13,New York,40.712775,-74.005973,4.229583333333334,86.66666666666667,1.67,3.89
2020-02-14,New York,40.712775,-74.005973,1.4179166666666665,54.291666666666664,-4.0,-2.0
2020-02-15,New York,40.712775,-74.005973,-5.8566666666666665,49.291666666666664,-11.11,-7.95
2020-02-16,New York,40.712775,-74.005973,0.9883333333333334,66.41666666666667,-3.33,-1.0
2020-02-17,New York,40.712775,-74.005973,5.475416666666667,53.0,-0.56,4.44
2020-02-18,New York,40.712775,-74.005973,5.427499999999999,67.29166666666667,2.0,4.0
2020-02-19,New York,40.712775,-74.005973,6.723333333333334,56.541666666666664,3.89,6.0
2020-02-20,New York,40.712775,-74.005973,0.6875,43.583333333333336,-3.33,-0.56
2020-02-21,New York,40.712775,-74.005973,-2.28875,40.875,-7.22,-4.93
2020-02-22,New York,40.712775,-74.005973,2.55625,39.541666666666664,-3.33,0.0
2020-02-23,New York,40.712775,-74.005973,6.252083333333334,35.375,-3.0,4.0
2020-02-24,New York,40.712775,-74.005973,7.802916666666666,48.916666666666664,0.0,5.0
2020-02-25,New York,40.712775,-74.005973,8.665555555555555,76.96296296296296,5.56,9.0
2020-02-26,New York,40.712775,-74.005973,7.7540625,93.25,6.0,8.33
2020-02-27,New York,40.712775,-74.005973,5.7976,72.92,1.11,3.33
2020-02-28,New York,40.712775,-74.005973,1.0896,45.76,-2.78,-0.34
2020-02-29,New York,40.712775,-74.005973,0.3979166666666667,44.083333333333336,-3.0,-1.0
2020-03-01,New York,40.712775,-74.005973,-0.10416666666666696,45.708333333333336,-5.0,-2.58
2020-03-02,New York,40.712775,-74.005973,6.614999999999999,52.25,-1.11,4.44
2020-03-03,New York,40.712775,-74.005973,11.2704,70.72,6.11,10.56
2020-03-04,New York,40.712775,-74.005973,10.208800000000002,58.76,6.11,8.0
2020-03-05,New York,40.712775,-74.005973,7.835416666666667,48.25,2.78,4.44
2020-03-06,New York,40.712775,-74.005973,5.148076923076922,77.1923076923077,1.67,5.0
2020-03-07,New York,40.712775,-74.005973,4.509583333333333,59.541666666666664,1.57,3.33
2020-03-08,New York,40.712775,-74.005973,6.375833333333333,37.083333333333336,-1.11,3.0
2020-03-09,New York,40.712775,-74.005973,12.350416666666668,36.333333333333336,4.0,8.89
2020-03-10,New York,40.712775,-74.005973,14.865833333333333,48.208333333333336,8.0,13.0
2020-03-11,New York,40.712775,-74.005973,11.424583333333336,54.375,5.0,7.78
2020-03-12,New York,40.712775,-74.005973,7.590416666666667,61.708333333333336,3.0,7.22
2020-03-13,New York,40.712775,-74.005973,11.842222222222222,81.48148148148148,6.0,8.96
2020-03-14,New York,40.712775,-74.005973,10.224166666666667,33.458333333333336,5.0,7.22
2020-03-15,New York,40.712775,-74.005973,8.442916666666667,39.458333333333336,5.0,6.67
2020-03-16,New York,40.712775,-74.005973,4.492499999999999,43.0,-1.11,2.0
2020-03-17,New York,40.712775,-74.005973,7.219999999999999,78.04166666666667,3.89,5.63
2020-03-18,New York,40.712775,-74.005973,8.5325,52.333333333333336,2.78,7.0
2020-03-19,New York,40.712775,-74.005973,7.3644827586206905,82.41379310344827,4.0,7.1
2020-03-20,New York,40.712775,-74.005973,12.33083333333333,83.16666666666667,7.0,8.7
2020-03-21,New York,40.712775,-74.005973,11.95125,44.625,5.0,7.22
2020-03-22,New York,40.712775,-74.005973,4.1308333333333325,36.666666666666664,0.0,2.26
2020-03-23,New York,40.712775,-74.005973,3.6256249999999985,80.71875,1.0,3.61
2020-03-24,New York,40.712775,-74.005973,6.221666666666667,70.75,1.11,3.66
2020-03-25,New York,40.712775,-74.005973,6.347916666666667,71.75,3.89,6.0
2020-03-26,New York,40.712775,-74.005973,7.177499999999999,61.583333333333336,1.11,4.44
2020-03-27,New York,40.712775,-74.005973,12.932083333333336,58.375,7.0,10.0
2020-03-28,New York,40.712775,-74.005973,9.763600000000002,59.32,6.67,8.89
2020-03-29,New York,40.712775,-74.005973,7.922285714285714,92.82857142857142,6.67,8.3
2020-03-30,New York,40.712775,-74.005973,7.892916666666669,86.29166666666667,5.56,7.22
2020-03-31,New York,40.712775,-74.005973,6.672399999999999,81.88,4.0,6.0
2020-04-01,New York,40.712775,-74.005973,7.194166666666668,60.25,2.78,4.44
2020-04-02,New York,40.712775,-74.005973,8.885,45.583333333333336,2.78,4.78
2020-04-03,New York,40.712775,-74.005973,9.855416666666667,60.875,6.67,8.0
2020-04-04,New York,40.712775,-74.005973,10.7072,72.04,7.22,8.65
2020-04-05,New York,40.712775,-74.005973,10.811666666666667,76.20833333333333,6.67,8.33
2020-04-06,New York,40.712775,-74.005973,12.842500000000003,61.5,8.0,10.56
2020-04-07,New York,40.712775,-74.005973,13.925833333333335,35.541666666666664,8.89,12.22
2020-04-08,New York,40.712775,-74.005973,13.998333333333333,67.75,9.99,13.0
2020-04-09,New York,40.712775,-74.005973,10.927200000000003,76.96,7.22,9.44
2020-04-10,New York,40.712775,-74.005973,6.9025,53.541666666666664,2.22,5.24
2020-04-11,New York,40.712775,-74.005973,7.61625,39.041666666666664,2.22,4.58
2020-04-12,New York,40.712775,-74.005973,10.667916666666665,48.958333333333336,3.0,8.0
2020-04-13,New York,40.712775,-74.005973,14.321562500000002,88.3125,10.56,13.5
2020-04-14,New York,40.712775,-74.005973,12.486666666666665,49.666666666666664,7.0,9.0
2020-04-15,New York,40.712775,-74.005973,8.788333333333334,44.666666666666664,5.0,6.11
2020-04-16,New York,40.712775,-74.005973,7.6933333333333325,39.0,3.89,6.17
2020-04-17,New York,40.712775,-74.005973,5.6187499999999995,48.583333333333336,0.0,4.0
2020-04-18,New York,40.712775,-74.005973,6.638400000000002,82.36,4.44,7.0
2020-04-19,New York,40.712775,-74.005973,9.077083333333333,51.791666666666664,1.0,6.11
2020-04-20,New York,40.712775,-74.005973,11.775416666666663,46.958333333333336,8.89,11.0
2020-04-21,New York,40.712775,-74.005973,10.199599999999998,66.56,5.56,8.0
2020-04-22,New York,40.712775,-74.005973,6.251666666666666,37.416666666666664,1.11,3.67
2020-04-23,New York,40.712775,-74.005973,6.890416666666666,37.791666666666664,2.22,6.0
2020-04-24,New York,40.712775,-74.005973,7.347500000000001,85.28571428571429,5.0,7.22
2020-04-25,New York,40.712775,-74.005973,10.679166666666667,70.41666666666667,4.0,7.78
2020-04-26,New York,40.712775,-74.005973,9.079629629629629,75.74074074074075,7.22,8.64
2020-04-27,New York,40.712775,-74.005973,6.843461538461539,78.6923076923077,3.89,5.48
2020-04-28,New York,40.712775,-74.005973,10.252083333333333,57.791666666666664,3.33,6.67
2020-04-29,New York,40.712775,-74.005973,10.775,74.04166666666667,6.67,10.0
2020-04-30,New York,40.712775,-74.005973,11.898846153846153,84.8076923076923,8.89,11.0
2020-05-01,New York,40.712775,-74.005973,13.848999999999997,88.7,10.56,13.0
2020-05-02,New York,40.712775,-74.005973,16.597083333333334,47.75,9.44,12.0
2020-05-03,New York,40.712775,-74.005973,18.882083333333338,55.458333333333336,11.67,13.33
2020-05-04,New York,40.712775,-74.005973,18.858749999999997,45.0,13.0,15.0
2020-05-05,New York,40.712775,-74.005973,11.796249999999999,39.541666666666664,6.67,9.19
2020-05-06,New York,40.712775,-74.005973,10.570416666666665,59.291666666666664,7.22,9.0
2020-05-07,New York,40.712775,-74.005973,12.034166666666666,54.041666666666664,6.11,8.33
2020-05-08,New York,40.712775,-74.005973,11.257083333333334,48.791666666666664,7.0,9.44
2020-05-09,New York,40.712775,-74.005973,5.1466666666666665,58.583333333333336,0.0,2.76
2020-05-10,New York,40.712775,-74.005973,9.419583333333334,44.416666666666664,1.0,5.56
2020-05-11,New York,40.712775,-74.005973,12.2575,59.875,7.0,11.0
2020-05-12,New York,40.712775,-74.005973,10.312500000000002,44.583333333333336,5.0,7.78
2020-05-13,New York,40.712775,-74.005973,11.291666666666666,36.333333333333336,3.33,6.86
2020-05-14,New York,40.712775,-74.005973,13.292916666666663,49.375,5.0,10.56
2020-05-15,New York,40.712775,-74.005973,20.421666666666663,64.29166666666667,13.33,16.18
2020-05-16,New York,40.712775,-74.005973,21.876666666666665,57.041666666666664,17.1,19.0
2020-05-17,New York,40.712775,-74.005973,16.0025,58.541666666666664,11.49,13.33
2020-05-18,New York,40.712775,-74.005973,15.339583333333332,61.625,11.11,13.33
2020-05-19,New York,40.712775,-74.005973,15.823749999999999,51.0,12.0,14.16
2020-05-20,New York,40.712775,-74.005973,13.644583333333337,47.458333333333336,8.89,12.0
2020-05-21,New York,40.712775,-74.005973,12.870416666666666,60.625,6.0,10.0
2020-05-22,New York,40.712775,-74.005973,16.637199999999996,74.44,10.0,13.77
2020-05-23,New York,40.712775,-74.005973,17.188214285714285,91.85714285714286,13.89,16.11
2020-05-24,New York,40.712775,-74.005973,14.668749999999998,65.125,10.56,12.22
2020-05-25,New York,40.712775,-74.005973,16.2375,75.70833333333333,12.78,13.89
2020-05-26,New York,40.712775,-74.005973,18.041249999999994,81.875,12.78,15.56
2020-05-27,New York,40.712775,-74.005973,18.791666666666668,80.5,13.89,16.12
2020-05-28,New York,40.712775,-74.005973,19.749166666666667,86.54166666666667,15.0,18.07
2020-05-29,New York,40.712775,-74.005973,22.146666666666672,82.29166666666667,16.67,21.0
2020-05-30,New York,40.712775,-74.005973,22.934583333333332,65.375,17.22,21.0
2020-05-31,New York,40.712775,-74.005973,19.10375,42.166666666666664,12.78,15.16
2020-06-01,New York,40.712775,-74.005973,16.035,40.375,8.89,12.78
2020-06-02,New York,40.712775,-74.005973,18.564999999999998,47.25,12.0,17.0
2020-06-03,New York,40.712775,-74.005973,20.533461538461534,70.73076923076923,15.0,17.22
2020-06-04,New York,40.712775,-74.005973,23.69458333333333,70.20833333333333,17.0,20.56
2020-06-05,New York,40.712775,-74.005973,22.857599999999994,79.64,18.0,22.0
2020-06-06,New York,40.712775,-74.005973,24.501199999999997,80.4,18.89,22.22
2020-06-07,New York,40.712775,-74.005973,22.335000000000004,42.958333333333336,16.67,18.89
2020-06-08,New York,40.712775,-74.005973,21.09375,42.75,13.33,18.0
2020-06-09,New York,40.712775,-74.005973,23.989166666666666,52.791666666666664,16.0,20.56
2020-06-10,New York,40.712775,-74.005973,25.37625,62.208333333333336,19.44,23.0
2020-06-11,New York,40.712775,-74.005973,23.781481481481485,81.62962962962963,19.44,23.89
2020-06-12,New York,40.712775,-74.005973,24.78375,63.625,18.89,21.67
2020-06-13,New York,40.712775,-74.005973,21.15916666666667,44.25,15.0,17.22
2020-06-14,New York,40.712775,-74.005973,17.753749999999997,47.208333333333336,11.0,14.0
2020-06-15,New York,40.712775,-74.005973,19.0075,59.458333333333336,13.0,17.22
2020-06-16,New York,40.712775,-74.005973,19.573333333333334,59.791666666666664,13.89,17.22
2020-06-17,New York,40.712775,-74.005973,20.129583333333333,65.16666666666667,14.44,18.0
2020-06-18,New York,40.712775,-74.005973,20.51333333333333,82.33333333333333,16.67,19.44
2020-06-19,New York,40.712775,-74.005973,22.074583333333333,78.95833333333333,17.22,20.0
2020-06-20,New York,40.712775,-74.005973,24.012916666666666,71.66666666666667,17.78,21.67
2020-06-21,New York,40.712775,-74.005973,24.47541666666667,71.125,18.33,22.78
2020-06-22,New York,40.712775,-74.005973,26.31750000000001,68.125,20.0,23.33
2020-06-23,New York,40.712775,-74.005973,26.12249999999999,69.375,20.56,24.0
2020-06-24,New York,40.712775,-74.005973,26.12166666666667,66.0,22.0,24.44
2020-06-25,New York,40.712775,-74.005973,25.582916666666662,49.875,20.0,23.89
2020-06-26,New York,40.712775,-74.005973,25.03958333333334,60.333333333333336,18.89,22.22
2020-06-27,New York,40.712775,-74.005973,24.635833333333327,65.66666666666667,20.0,23.33
2020-06-28,New York,40.712775,-74.005973,26.1856,75.76,21.0,23.89
2020-06-29,New York,40.712775,-74.005973,25.400000000000006,68.12,20.0,23.0
2020-06-30,New York,40.712775,-74.005973,22.817083333333333,72.83333333333333,18.33,21.11
2020-07-01,New York,40.712775,-74.005973,22.589199999999995,77.92,18.89,21.11
2020-07-02,New York,40.712775,-74.005973,25.68083333333333,66.79166666666667,18.89,21.11
2020-07-03,New York,40.712775,-74.005973,28.527083333333337,56.458333333333336,22.78,27.22
2020-07-04,New York,40.712775,-74.005973,23.947407407407407,77.33333333333333,19.44,21.39
2020-07-05,New York,40.712775,-74.005973,26.40875,69.875,21.11,22.78
2020-07-06,New York,40.712775,-74.005973,27.234230769230756,65.11538461538461,21.0,25.0
2020-07-07,New York,40.712775,-74.005973,24.081249999999997,79.75,21.11,23.0
2020-07-08,New York,40.712775,-74.005973,25.808799999999998,80.0,22.78,24.44
2020-07-09,New York,40.712775,-74.005973,26.51625,76.83333333333333,21.67,24.44
2020-07-10,New York,40.712775,-74.005973,24.24866666666667,89.7,22.22,24.44
2020-07-11,New York,40.712775,-74.005973,25.174827586206895,84.72413793103448,21.67,23.69
2020-07-12,New York,40.712775,-74.005973,26.592916666666667,65.08333333333333,21.11,24.0
2020-07-13,New York,40.712775,-74.005973,26.847499999999997,61.833333333333336,20.56,23.89
2020-07-14,New York,40.712775,-74.005973,26.153333333333325,54.291666666666664,20.0,23.0
2020-07-15,New York,40.712775,-74.005973,24.627499999999994,66.91666666666667,20.0,23.0
2020-07-16,New York,40.712775,-74.005973,22.99208333333333,67.83333333333333,20.56,22.22
2020-07-17,New York,40.712775,-74.005973,23.423333333333336,74.95833333333333,20.0,21.11
2020-07-18,New York,40.712775,-74.005973,27.51666666666667,66.58333333333333,21.0,24.0
2020-07-19,New York,40.712775,-74.005973,29.01125,65.5,22.78,26.11
2020-07-20,New York,40.712775,-74.005973,30.4225,65.375,25.56,28.33
2020-07-21,New York,40.712775,-74.005973,29.629166666666674,52.041666666666664,23.89,27.22
2020-07-22,New York,40.712775,-74.005973,28.21499999999999,73.73076923076923,22.0,26.11
2020-07-23,New York,40.712775,-74.005973,25.79423076923077,83.23076923076923,22.0,24.43
2020-07-24,New York,40.712775,-74.005973,25.285,82.57692307692308,22.0,25.3
2020-07-25,New York,40.712775,-74.005973,26.500416666666663,74.83333333333333,21.0,24.0
2020-07-26,New York,40.712775,-74.005973,28.966666666666665,65.20833333333333,23.89,25.56
2020-07-27,New York,40.712775,-74.005973,29.991250000000004,52.708333333333336,23.0,27.22
2020-07-28,New York,40.712775,-74.005973,30.42333333333333,61.875,25.56,28.33
2020-07-29,New York,40.712775,-74.005973,28.593333333333334,61.208333333333336,23.0,27.0
2020-07-30,New York,40.712775,-74.005973,28.834166666666672,57.458333333333336,22.78,26.11
2020-07-31,New York,40.712775,-74.005973,24.911851851851857,78.11111111111111,21.0,23.0
2020-08-01,New York,40.712775,-74.005973,26.226249999999997,68.95833333333333,21.0,23.56
2020-08-02,New York,40.712775,-74.005973,27.310000000000002,73.83333333333333,24.44,25.56
2020-08-03,New York,40.712775,-74.005973,28.723750000000006,62.791666666666664,24.44,27.22
2020-08-04,New York,40.712775,-74.005973,24.84931034482758,80.96551724137932,21.0,25.0
2020-08-05,New York,40.712775,-74.005973,26.458333333333332,66.66666666666667,21.0,24.44
2020-08-06,New York,40.712775,-74.005973,24.685833333333335,60.291666666666664,20.0,24.0
2020-08-07,New York,40.712775,-74.005973,23.519166666666667,68.875,19.44,22.51
2020-08-08,New York,40.712775,-74.005973,23.7872,79.4,20.0,22.78
2020-08-09,New York,40.712775,-74.005973,25.415416666666662,77.16666666666667,20.56,23.0
2020-08-10,New York,40.712775,-74.005973,28.0275,72.75,22.78,25.0
2020-08-11,New York,40.712775,-74.005973,27.828400000000002,73.08,23.8,26.11
2020-08-12,New York,40.712775,-74.005973,27.523846153846158,76.84615384615384,23.89,26.11
2020-08-13,New York,40.712775,-74.005973,25.46846153846154,81.73076923076923,22.0,26.0
2020-08-14,New York,40.712775,-74.005973,26.01583333333333,68.41666666666667,21.67,24.0
2020-08-15,New York,40.712775,-74.005973,25.100000000000005,56.708333333333336,21.0,23.89
2020-08-16,New York,40.712775,-74.005973,21.25875,78.875,18.89,21.13
2020-08-17,New York,40.712775,-74.005973,21.913749999999997,70.58333333333333,16.67,20.0
2020-08-18,New York,40.712775,-74.005973,23.052307692307693,72.6923076923077,17.0,20.0
2020-08-19,New York,40.712775,-74.005973,22.4568,72.4,18.89,21.65
2020-08-20,New York,40.712775,-74.005973,22.375000000000004,57.625,16.0,20.0
2020-08-21,New York,40.712775,-74.005973,24.08875,65.875,17.78,21.67
2020-08-22,New York,40.712775,-74.005973,26.52083333333334,72.79166666666667,22.0,23.89
2020-08-23,New York,40.712775,-74.005973,26.123333333333324,74.20833333333333,21.11,24.44
2020-08-24,New York,40.712775,-74.005973,27.372916666666665,71.70833333333333,22.22,25.0
2020-08-25,New York,40.712775,-74.005973,27.789583333333336,65.375,22.22,25.56
2020-08-26,New York,40.712775,-74.005973,23.510833333333338,51.0,18.33,21.7
2020-08-27,New York,40.712775,-74.005973,25.656666666666666,60.125,20.56,22.87
2020-08-28,New York,40.712775,-74.005973,25.572400000000002,72.04,20.0,23.33
2020-08-29,New York,40.712775,-74.005973,24.207083333333333,85.79166666666667,21.67,23.24
2020-08-30,New York,40.712775,-74.005973,23.619583333333328,58.291666666666664,18.0,21.0
2020-08-31,New York,40.712775,-74.005973,21.32,55.625,15.56,19.44
2020-09-01,New York,40.712775,-74.005973,22.28307692307692,75.03846153846153,18.89,20.52
2020-09-02,New York,40.712775,-74.005973,23.15370370370371,84.22222222222223,20.0,22.0
2020-09-03,New York,40.712775,-74.005973,25.875833333333336,68.95833333333333,22.22,24.44
2020-09-04,New York,40.712775,-74.005973,24.778076923076924,75.84615384615384,19.44,22.78
2020-09-05,New York,40.712775,-74.005973,23.099999999999994,46.833333333333336,17.0,21.0
2020-09-06,New York,40.712775,-74.005973,22.875833333333336,60.666666666666664,17.0,20.56
2020-09-07,New York,40.712775,-74.005973,23.002499999999998,66.79166666666667,18.0,22.0
2020-09-08,New York,40.712775,-74.005973,23.527083333333337,72.04166666666667,18.0,22.0
2020-09-09,New York,40.712775,-74.005973,23.21416666666666,82.45833333333333,19.0,22.22
2020-09-10,New York,40.712775,-74.005973,24.530666666666665,87.36666666666666,22.78,23.33
2020-09-11,New York,40.712775,-74.005973,23.290416666666662,77.70833333333333,20.56,23.0
2020-09-12,New York,40.712775,-74.005973,19.247916666666672,64.58333333333333,15.0,18.0
2020-09-13,New York,40.712775,-74.005973,20.132499999999997,73.625,15.56,18.89
2020-09-14,New York,40.712775,-74.005973,22.386666666666667,64.58333333333333,19.44,22.0
2020-09-15,New York,40.712775,-74.005973,15.961666666666666,51.625,10.56,13.4
2020-09-16,New York,40.712775,-74.005973,17.617083333333333,64.91666666666667,12.0,16.0
2020-09-17,New York,40.712775,-74.005973,20.324583333333333,74.33333333333333,15.0,19.0
2020-09-18,New York,40.712775,-74.005973,19.519166666666663,68.08333333333333,15.56,18.0
2020-09-19,New York,40.712775,-74.005973,14.237083333333333,37.375,8.33,11.11
2020-09-20,New York,40.712775,-74.005973,13.657916666666667,37.875,8.0,12.22
2020-09-21,New York,40.712775,-74.005973,13.885416666666666,44.625,7.0,12.18
2020-09-22,New York,40.712775,-74.005973,15.59375,45.833333333333336,8.0,12.78
2020-09-23,New York,40.712775,-74.005973,19.839583333333334,48.083333333333336,13.0,16.67
2020-09-24,New York,40.712775,-74.005973,20.700833333333335,60.166666666666664,14.0,19.0
2020-09-25,New York,40.712775,-74.005973,20.435833333333335,72.79166666666667,14.0,18.0
2020-09-26,New York,40.712775,-74.005973,20.3175,77.54166666666667,16.11,19.0
2020-09-27,New York,40.712775,-74.005973,21.77416666666667,82.0,18.33,20.56
2020-09-28,New York,40.712775,-74.005973,22.361153846153847,85.42307692307692,20.0,21.11
2020-09-29,New York,40.712775,-74.005973,21.27625,85.08333333333333,18.33,20.56
2020-09-30,New York,40.712775,-74.005973,19.80038461538462,77.6923076923077,15.0,17.0
2020-10-01,New York,40.712775,-74.005973,18.525,62.583333333333336,14.0,17.0
2020-10-02,New York,40.712775,-74.005973,16.419583333333332,63.0,12.22,14.7
2020-10-03,New York,40.712775,-74.005973,15.426666666666668,54.25,10.0,13.0
2020-10-04,New York,40.712775,-74.005973,15.29291666666667,59.541666666666664,8.0,14.0
2020-10-05,New York,40.712775,-74.005973,16.242083333333333,63.916666666666664,10.56,13.89
2020-10-06,New York,40.712775,-74.005973,17.064166666666665,68.70833333333333,12.0,15.0
2020-10-07,New York,40.712775,-74.005973,18.633333333333333,65.33333333333333,13.89,17.0
2020-10-08,New York,40.712775,-74.005973,15.993749999999999,48.833333333333336,11.0,14.0
2020-10-09,New York,40.712775,-74.005973,15.157083333333333,51.291666666666664,9.0,13.0
2020-10-10,New York,40.712775,-74.005973,17.85625,66.45833333333333,12.78,16.2
2020-10-11,New York,40.712775,-74.005973,18.481666666666666,73.125,16.0,18.33
2020-10-12,New York,40.712775,-74.005973,12.35935483870968,84.74193548387096,8.89,12.0
2020-10-13,New York,40.712775,-74.005973,13.419999999999998,90.94444444444444,11.0,14.78
2020-10-14,New York,40.712775,-74.005973,15.27166666666667,63.666666666666664,8.89,13.0
2020-10-15,New York,40.712775,-74.005973,17.582083333333333,64.29166666666667,11.0,15.56
2020-10-16,New York,40.712775,-74.005973,14.803214285714288,87.85714285714286,10.0,12.53
2020-10-17,New York,40.712775,-74.005973,11.273749999999998,65.375,6.11,9.0
2020-10-18,New York,40.712775,-74.005973,12.618333333333332,59.833333333333336,3.0,11.43
2020-10-19,New York,40.712775,-74.005973,14.874166666666667,71.58333333333333,10.0,13.09
2020-10-20,New York,40.712775,-74.005973,17.0052,84.52,12.78,16.11
2020-10-21,New York,40.712775,-74.005973,17.7044,91.64,15.46,16.85
2020-10-22,New York,40.712775,-74.005973,18.533333333333335,92.125,16.11,18.33
2020-10-23,New York,40.712775,-74.005973,18.052,90.04,16.11,18.0
2020-10-24,New York,40.712775,-74.005973,17.712083333333336,83.04166666666667,13.89,17.22
2020-10-25,New York,40.712775,-74.005973,9.809166666666666,58.208333333333336,5.56,8.33
2020-10-26,New York,40.712775,-74.005973,12.067058823529411,89.41176470588235,8.0,12.0
2020-10-27,New York,40.712775,-74.005973,13.86125,82.70833333333333,10.56,13.14
2020-10-28,New York,40.712775,-74.005973,12.319999999999997,82.53333333333333,9.44,13.0
2020-10-29,New York,40.712775,-74.005973,11.227419354838709,87.19354838709677,8.33,10.56
2020-10-30,New York,40.712775,-74.005973,6.123750000000002,88.875,2.22,4.69
2020-10-31,New York,40.712775,-74.005973,4.070833333333334,71.04166666666667,-1.11,3.0
2020-11-01,New York,40.712775,-74.005973,9.258333333333333,70.41666666666667,3.0,8.0
2020-11-02,New York,40.712775,-74.005973,6.4191666666666665,51.208333333333336,2.78,5.21
2020-11-03,New York,40.712775,-74.005973,7.557916666666665,49.75,2.78,6.11
2020-11-04,New York,40.712775,-74.005973,10.14625,58.041666666666664,2.0,7.88
2020-11-05,New York,40.712775,-74.005973,13.895416666666664,72.20833333333333,7.0,12.0
2020-11-06,New York,40.712775,-74.005973,15.48958333333333,69.16666666666667,8.89,14.0
2020-11-07,New York,40.712775,-74.005973,16.924166666666668,54.25,8.0,14.44
2020-11-08,New York,40.712775,-74.005973,17.075,54.708333333333336,8.0,14.0
2020-11-09,New York,40.712775,-74.005973,16.114166666666666,61.916666666666664,7.0,13.33
2020-11-10,New York,40.712775,-74.005973,17.48875,71.75,10.0,16.0
2020-11-11,New York,40.712775,-74.005973,18.376250000000002,86.66666666666667,14.86,17.22
2020-11-12,New York,40.712775,-74.005973,15.800714285714283,91.46428571428571,7.78,9.44
2020-11-13,New York,40.712775,-74.005973,9.133870967741936,85.2258064516129,7.0,10.0
2020-11-14,New York,40.712775,-74.005973,8.933333333333335,60.708333333333336,4.44,8.0
2020-11-15,New York,40.712775,-74.005973,9.430416666666668,64.875,2.0,7.0
2020-11-16,New York,40.712775,-74.005973,11.319583333333332,50.5,7.78,9.44
2020-11-17,New York,40.712775,-74.005973,7.329583333333333,52.541666666666664,2.78,7.0
2020-11-18,New York,40.712775,-74.005973,1.8445833333333335,46.75,-0.56,1.62
2020-11-19,New York,40.712775,-74.005973,2.473333333333333,53.083333333333336,-3.0,1.0
2020-11-20,New York,40.712775,-74.005973,9.747916666666669,55.583333333333336,3.89,8.73
2020-11-21,New York,40.712775,-74.005973,13.4675,52.375,7.0,13.28
2020-11-22,New York,40.712775,-74.005973,9.311666666666666,62.291666666666664,5.56,8.0
2020-11-23,New York,40.712775,-74.005973,11.954166666666666,77.58333333333333,5.56,8.0
2020-11-24,New York,40.712775,-74.005973,6.610833333333332,53.208333333333336,3.0,7.0
2020-11-25,New York,40.712775,-74.005973,8.685416666666667,59.291666666666664,3.89,8.0
2020-11-26,New York,40.712775,-74.005973,14.044615384615383,77.73076923076923,8.33,13.0
2020-11-27,New York,40.712775,-74.005973,12.864583333333334,70.95833333333333,7.0,12.82
2020-11-28,New York,40.712775,-74.005973,10.700833333333334,59.541666666666664,6.0,11.0
2020-11-29,New York,40.712775,-74.005973,8.020000000000001,52.291666666666664,2.0,7.1
2020-11-30,New York,40.712775,-74.005973,12.625357142857142,77.89285714285714,6.0,11.0
2020-12-01,New York,40.712775,-74.005973,11.659999999999997,78.79166666666667,5.56,7.6
2020-12-02,New York,40.712775,-74.005973,4.160000000000001,63.0,0.56,4.0
2020-12-03,New York,40.712775,-74.005973,4.67875,56.375,-1.0,4.0
2020-12-04,New York,40.712775,-74.005973,8.200833333333332,61.041666666666664,4.44,9.0
2020-12-05,New York,40.712775,-74.005973,6.6737037037037,85.07407407407408,3.89,6.0
2020-12-06,New York,40.712775,-74.005973,3.380416666666667,54.625,1.11,3.0
2020-12-07,New York,40.712775,-74.005973,1.3766666666666663,55.75,-3.0,1.67
2020-12-08,New York,40.712775,-74.005973,0.5612500000000001,59.208333333333336,-1.67,0.0
2020-12-09,New York,40.712775,-74.005973,0.8925925925925924,66.0,-3.0,2.0
2020-12-10,New York,40.712775,-74.005973,4.835,68.16666666666667,0.56,3.0
2020-12-11,New York,40.712775,-74.005973,6.947083333333335,63.75,-1.0,6.63
2020-12-12,New York,40.712775,-74.005973,8.966666666666669,81.875,3.0,10.24
2020-12-13,New York,40.712775,-74.005973,11.7325,72.66666666666667,6.11,11.67
2020-12-14,New York,40.712775,-74.005973,5.4803999999999995,73.28,1.67,4.0
2020-12-15,New York,40.712775,-74.005973,2.1591666666666667,52.958333333333336,-1.11,2.0
2020-12-16,New York,40.712775,-74.005973,-1.5544000000000004,57.92,-4.44,-1.0
2020-12-17,New York,40.712775,-74.005973,-2.1446341463414638,88.65853658536585,-5.0,-3.0
2020-12-18,New York,40.712775,-74.005973,-2.5691666666666664,70.125,-7.78,-2.0
2020-12-19,New York,40.712775,-74.005973,-3.570416666666666,66.04166666666667,-10.0,-3.72
2020-12-20,New York,40.712775,-74.005973,0.05000000000000013,69.92307692307692,-5.0,0.35
2020-12-21,New York,40.712775,-74.005973,3.5374999999999996,80.91666666666667,-0.56,4.0
2020-12-22,New York,40.712775,-74.005973,4.464166666666667,73.25,1.11,4.0
2020-12-23,New York,40.712775,-74.005973,4.427083333333335,50.25,-1.11,4.0
2020-12-24,New York,40.712775,-74.005973,9.029583333333333,75.66666666666667,1.67,6.0
2020-12-25,New York,40.712775,-74.005973,12.669117647058826,89.44117647058823,1.67,4.0
2020-12-26,New York,40.712775,-74.005973,-1.6645833333333337,62.833333333333336,-5.56,-2.78
2020-12-27,New York,40.712775,-74.005973,-1.4366666666666663,60.5,-5.56,-3.0
2020-12-28,New York,40.712775,-74.005973,4.475416666666667,66.04166666666667,-2.22,2.22
2020-12-29,New York,40.712775,-74.005973,4.025833333333333,47.916666666666664,0.0,2.58
2020-12-30,New York,40.712775,-74.005973,0.45666666666666683,52.083333333333336,-4.0,-1.0
2020-12-31,New York,40.712775,-74.005973,6.22,73.75,2.78,5.56
2021-01-01,New York,40.712775,-74.005973,2.32375,63.125,-2.22,3.29
2021-01-02,New York,40.712775,-74.005973,5.134444444444445,82.88888888888889,1.67,3.0
2021-01-03,New York,40.712775,-74.005973,2.5807407407407417,78.44444444444444,-0.56,3.0
2021-01-04,New York,40.712775,-74.005973,3.1180000000000008,82.76,0.56,3.0
2021-01-05,New York,40.712775,-74.005973,3.5470833333333327,73.04166666666667,1.67,3.9
2021-01-06,New York,40.712775,-74.005973,3.065416666666667,65.95833333333333,-0.56,3.33
2021-01-07,New York,40.712775,-74.005973,2.0308333333333333,57.333333333333336,-1.67,1.0
2021-01-08,New York,40.712775,-74.005973,0.19999999999999987,64.375,-3.89,-1.0
2021-01-09,New York,40.712775,-74.005973,-0.5316666666666668,57.375,-5.0,-2.0
2021-01-10,New York,40.712775,-74.005973,1.39,51.791666666666664,-3.33,0.92
2021-01-11,New York,40.712775,-74.005973,0.3404166666666666,61.708333333333336,-4.0,1.22
2021-01-12,New York,40.712775,-74.005973,2.3629166666666666,63.291666666666664,-3.0,2.61
2021-01-13,New York,40.712775,-74.005973,2.99875,61.625,-1.11,3.0
2021-01-14,New York,40.712775,-74.005973,4.759583333333334,63.333333333333336,0.0,4.35
2021-01-15,New York,40.712775,-74.005973,4.723750000000002,77.125,0.0,4.44
2021-01-16,New York,40.712775,-74.005973,6.641923076923078,84.42307692307692,3.89,6.11
2021-01-17,New York,40.712775,-74.005973,3.9737500000000003,60.625,0.56,3.0
2021-01-18,New York,40.712775,-74.005973,5.030833333333334,58.208333333333336,0.0,5.0
2021-01-19,New York,40.712775,-74.005973,3.177083333333334,59.5,0.0,2.94
2021-01-20,New York,40.712775,-74.005973,2.2144000000000004,57.96,-1.11,1.11
2021-01-21,New York,40.712775,-74.005973,0.032500000000000216,55.0,-6.0,-1.67
2021-01-22,New York,40.712775,-74.005973,3.9862499999999996,54.166666666666664,-1.0,4.46
2021-01-23,New York,40.712775,-74.005973,0.17375000000000018,44.25,-3.33,-1.0
2021-01-24,New York,40.712775,-74.005973,-3.0741666666666663,43.875,-6.11,-4.0
2021-01-25,New York,40.712775,-74.005973,-1.2625000000000002,49.041666666666664,-6.11,-3.0
2021-01-26,New York,40.712775,-74.005973,0.6296551724137932,63.724137931034484,-1.11,1.0
2021-01-27,New York,40.712775,-74.005973,1.4742307692307692,80.65384615384616,-1.0,2.0
2021-01-28,New York,40.712775,-74.005973,-0.7966666666666665,54.5,-4.0,-2.0
2021-01-29,New York,40.712775,-74.005973,-6.021250000000001,45.958333333333336,-10.56,-7.78
2021-01-30,New York,40.712775,-74.005973,-5.487083333333332,51.333333333333336,-10.0,-7.0
2021-01-31,New York,40.712775,-74.005973,-4.614166666666667,58.5,-8.33,-5.56
2021-02-01,New York,40.712775,-74.005973,-2.66375,89.16666666666667,-6.11,-4.0
2021-02-02,New York,40.712775,-74.005973,-0.055000000000000014,87.5,-2.22,0.0
2021-02-03,New York,40.712775,-74.005973,0.10559999999999996,77.8,-2.78,-0.56
2021-02-04,New York,40.712775,-74.005973,1.36,56.0,-2.22,0.56
2021-02-05,New York,40.712775,-74.005973,3.482083333333333,66.75,-1.67,3.16
2021-02-06,New York,40.712775,-74.005973,3.3975000000000004,49.375,-4.44,2.0
2021-02-07,New York,40.712775,-74.005973,0.6110810810810811,75.43243243243244,-2.22,0.77
2021-02-08,New York,40.712775,-74.005973,-4.331666666666667,64.45833333333333,-10.56,-6.26
2021-02-09,New York,40.712775,-74.005973,-1.9517857142857138,74.60714285714286,-8.0,-1.86
2021-02-10,New York,40.712775,-74.005973,-1.9120833333333331,65.83333333333333,-7.78,-2.0
2021-02-11,New York,40.712775,-74.005973,-1.6803571428571427,72.71428571428571,-4.44,-2.29
2021-02-12,New York,40.712775,-74.005973,-3.3945833333333337,49.583333333333336,-8.89,-4.29
2021-02-13,New York,40.712775,-74.005973,-2.660833333333334,48.125,-6.0,-2.22
2021-02-14,New York,40.712775,-74.005973,-0.8687499999999999,72.875,-4.44,-1.0
2021-02-15,New York,40.712775,-74.005973,0.6392,70.76,-1.67,1.0
2021-02-16,New York,40.712775,-74.005973,3.6116666666666664,87.5,-1.0,1.45
2021-02-17,New York,40.712775,-74.005973,-1.1024999999999998,46.333333333333336,-6.67,-3.88
2021-02-18,New York,40.712775,-74.005973,-2.610625,71.15625,-5.0,-3.0
2021-02-19,New York,40.712775,-74.005973,-1.5269047619047622,89.57142857142857,-3.89,-2.0
2021-02-20,New York,40.712775,-74.005973,-0.31999999999999995,69.25925925925925,-4.44,-1.66
2021-02-21,New York,40.712775,-74.005973,-1.58125,55.166666666666664,-7.22,-2.58
2021-02-22,New York,40.712775,-74.005973,0.57,75.03225806451613,-3.89,1.0
2021-02-23,New York,40.712775,-74.005973,3.014166666666666,79.29166666666667,0.0,3.0
2021-02-24,New York,40.712775,-74.005973,6.457083333333333,55.333333333333336,0.0,4.32
2021-02-25,New York,40.712775,-74.005973,7.217083333333332,47.375,3.33,5.0
2021-02-26,New York,40.712775,-74.005973,3.8508333333333327,42.958333333333336,-1.11,2.22
2021-02-27,New York,40.712775,-74.005973,5.769333333333335,81.86666666666666,2.78,4.44
2021-02-28,New York,40.712775,-74.005973,5.26875,76.45833333333333,1.67,6.0
2021-03-01,New York,40.712775,-74.005973,5.752702702702704,87.35135135135135,3.33,5.59
2021-03-02,New York,40.712775,-74.005973,-1.0808333333333333,37.0,-6.67,-5.0
2021-03-03,New York,40.712775,-74.005973,3.2504166666666663,43.458333333333336,-3.33,1.27
2021-03-04,New York,40.712775,-74.005973,5.121250000000001,47.958333333333336,0.56,2.22
2021-03-05,New York,40.712775,-74.005973,-1.187916666666666,37.75,-6.11,-3.89
2021-03-06,New York,40.712775,-74.005973,0.5829166666666665,41.875,-2.0,0.56
2021-03-07,New York,40.712775,-74.005973,0.3366666666666666,45.5,-3.33,-0.56
2021-03-08,New York,40.712775,-74.005973,0.8933333333333332,40.75,-4.44,-1.67
2021-03-09,New York,40.712775,-74.005973,8.454166666666667,37.833333333333336,1.67,4.51
2021-03-10,New York,40.712775,-74.005973,7.9075000000000015,52.5,1.0,6.0
2021-03-11,New York,40.712775,-74.005973,10.957499999999998,69.5,5.56,7.78
2021-03-12,New York,40.712775,-74.005973,15.850833333333334,40.416666666666664,8.37,16.0
2021-03-13,New York,40.712775,-74.005973,7.507083333333333,29.208333333333332,0.0,1.85
2021-03-14,New York,40.712775,-74.005973,7.3183333333333325,31.75,2.78,5.0
2021-03-15,New York,40.712775,-74.005973,-0.2850000000000001,28.375,-5.56,-3.05
2021-03-16,New York,40.712775,-74.005973,0.2720833333333333,39.291666666666664,-3.0,-0.56
2021-03-17,New York,40.712775,-74.005973,3.7070833333333333,76.41666666666667,0.56,2.22
2021-03-18,New York,40.712775,-74.005973,6.595000000000001,88.26666666666667,5.0,6.67
2021-03-19,New York,40.712775,-74.005973,3.7066666666666666,52.125,-1.11,1.25
2021-03-20,New York,40.712775,-74.005973,5.747916666666668,36.958333333333336,-1.67,2.45
2021-03-21,New York,40.712775,-74.005973,9.194166666666666,46.875,1.0,6.45
2021-03-22,New York,40.712775,-74.005973,9.202500000000002,58.666666666666664,2.0,6.97
2021-03-23,New York,40.712775,-74.005973,9.880833333333333,72.0,3.89,6.95
2021-03-24,New York,40.712775,-74.005973,10.560740740740743,81.92592592592592,6.67,9.44
2021-03-25,New York,40.712775,-74.005973,12.615714285714287,92.53571428571429,8.12,11.11
2021-03-26,New York,40.712775,-74.005973,16.09958333333333,74.95833333333333,8.89,12.22
2021-03-27,New York,40.712775,-74.005973,14.109166666666669,51.166666666666664,8.33,11.0
2021-03-28,New York,40.712775,-74.005973,11.82111111111111,81.44444444444444,8.0,10.56
2021-03-29,New York,40.712775,-74.005973,10.639999999999997,50.28,6.05,8.0
2021-03-30,New York,40.712775,-74.005973,9.76375,42.791666666666664,2.0,8.17
2021-03-31,New York,40.712775,-74.005973,12.118333333333332,78.16666666666667,7.78,10.0
2021-04-01,New York,40.712775,-74.005973,9.49074074074074,76.25925925925925,4.44,6.11
2021-04-02,New York,40.712775,-74.005973,1.866666666666667,43.958333333333336,-3.0,-0.9
2021-04-03,New York,40.712775,-74.005973,4.272083333333333,33.375,-1.67,1.11
2021-04-04,New York,40.712775,-74.005973,10.252083333333331,42.833333333333336,5.0,8.0
2021-04-05,New York,40.712775,-74.005973,13.660416666666663,33.416666666666664,7.22,10.0
2021-04-06,New York,40.712775,-74.005973,13.969999999999999,27.416666666666668,6.67,9.44
2021-04-07,New York,40.712775,-74.005973,14.564583333333331,37.375,8.33,12.22
2021-04-08,New York,40.712775,-74.005973,13.507916666666665,55.458333333333336,7.22,10.0
2021-04-09,New York,40.712775,-74.005973,10.982083333333334,74.20833333333333,7.78,10.0
2021-04-10,New York,40.712775,-74.005973,12.670416666666668,82.95833333333333,8.0,10.35
2021-04-11,New York,40.712775,-74.005973,12.630357142857145,94.64285714285714,9.43,12.22
2021-04-12,New York,40.712775,-74.005973,8.407096774193546,86.74193548387096,6.67,8.28
2021-04-13,New York,40.712775,-74.005973,10.606000000000002,71.24,5.0,8.0
2021-04-14,New York,40.712775,-74.005973,13.592083333333335,66.625,7.78,9.57
2021-04-15,New York,40.712775,-74.005973,12.463076923076924,86.11538461538461,8.81,10.0
2021-04-16,New York,40.712775,-74.005973,8.100000000000001,72.20833333333333,3.33,6.35
2021-04-17,New York,40.712775,-74.005973,8.929166666666665,63.291666666666664,5.0,7.25
2021-04-18,New York,40.712775,-74.005973,12.013333333333334,54.041666666666664,7.78,10.0
2021-04-19,New York,40.712775,-74.005973,13.73041666666667,53.708333333333336,7.78,12.0
2021-04-20,New York,40.712775,-74.005973,15.450000000000001,55.833333333333336,7.78,12.0
2021-04-21,New York,40.712775,-74.005973,14.388333333333335,54.625,7.0,8.89
2021-04-22,New York,40.712775,-74.005973,5.285416666666666,42.916666666666664,1.11,3.0
2021-04-23,New York,40.712775,-74.005973,9.340416666666668,36.625,2.78,5.36
2021-04-24,New York,40.712775,-74.005973,14.922916666666666,39.208333333333336,7.0,11.0
2021-04-25,New York,40.712775,-74.005973,12.855,66.88461538461539,8.89,10.0
2021-04-26,New York,40.712775,-74.005973,11.23375,41.5,4.44,6.11
2021-04-27,New York,40.712775,-74.005973,12.003750000000002,33.416666666666664,6.67,9.55
2021-04-28,New York,40.712775,-74.005973,16.77791666666667,62.25,10.0,12.0
2021-04-29,New York,40.712775,-74.005973,18.696249999999996,69.625,12.35,16.0
2021-04-30,New York,40.712775,-74.005973,18.3175,58.083333333333336,13.73,17.0
2021-05-01,New York,40.712775,-74.005973,11.121250000000002,41.958333333333336,4.44,6.67
2021-05-02,New York,40.712775,-74.005973,18.009999999999998,37.75,11.11,14.44
2021-05-03,New York,40.712775,-74.005973,17.07,61.458333333333336,11.52,16.0
2021-05-04,New York,40.712775,-74.005973,14.499629629629627,83.85185185185185,10.56,12.78
2021-05-05,New York,40.712775,-74.005973,12.795925925925928,91.18518518518519,10.47,12.0
2021-05-06,New York,40.712775,-74.005973,13.946666666666667,55.041666666666664,8.33,11.11
2021-05-07,New York,40.712775,-74.005973,14.03875,44.875,8.0,12.0
2021-05-08,New York,40.712775,-74.005973,10.84625,68.08333333333333,8.33,11.11
2021-05-09,New York,40.712775,-74.005973,10.7788,69.56,4.44,9.0
2021-05-10,New York,40.712775,-74.005973,10.952692307692306,78.46153846153847,7.78,9.0
2021-05-11,New York,40.712775,-74.005973,13.808333333333332,49.541666666666664,7.22,12.22
2021-05-12,New York,40.712775,-74.005973,13.657499999999997,40.708333333333336,6.67,9.14
2021-05-13,New York,40.712775,-74.005973,15.822916666666666,36.166666666666664,7.22,12.78
2021-05-14,New York,40.712775,-74.005973,17.381666666666668,38.458333333333336,7.78,13.33
2021-05-15,New York,40.712775,-74.005973,18.57875,39.083333333333336,10.0,15.56
2021-05-16,New York,40.712775,-74.005973,18.63833333333333,41.833333333333336,11.67,17.0
2020-01-01,Sao Paulo,-23.550520000000002,-46.633309000000004,25.668333333333337,66.20833333333333,19.0,22.0
2020-01-02,Sao Paulo,-23.550520000000002,-46.633309000000004,22.891999999999992,81.4,19.96,20.56
2020-01-03,Sao Paulo,-23.550520000000002,-46.633309000000004,21.016800000000003,83.88,18.89,19.51
2020-01-04,Sao Paulo,-23.550520000000002,-46.633309000000004,21.224,79.76,18.0,19.0
2020-01-05,Sao Paulo,-23.550520000000002,-46.633309000000004,21.133333333333333,84.14814814814815,18.0,19.0
2020-01-06,Sao Paulo,-23.550520000000002,-46.633309000000004,23.3184,76.36,17.87,19.0
2020-01-07,Sao Paulo,-23.550520000000002,-46.633309000000004,26.330833333333334,66.75,20.0,22.0
2020-01-08,Sao Paulo,-23.550520000000002,-46.633309000000004,24.2672,80.08,20.0,22.0
2020-01-09,Sao Paulo,-23.550520000000002,-46.633309000000004,24.37958333333334,81.5,20.56,21.6
2020-01-10,Sao Paulo,-23.550520000000002,-46.633309000000004,25.946666666666673,74.91666666666667,21.0,23.07
2020-01-11,Sao Paulo,-23.550520000000002,-46.633309000000004,26.598750000000006,70.83333333333333,21.0,24.0
2020-01-12,Sao Paulo,-23.550520000000002,-46.633309000000004,24.374400000000005,84.64,21.26,22.22
2020-01-13,Sao Paulo,-23.550520000000002,-46.633309000000004,22.128400000000003,82.28,19.65,21.0
2020-01-14,Sao Paulo,-23.550520000000002,-46.633309000000004,22.017916666666665,77.375,18.0,19.44
2020-01-15,Sao Paulo,-23.550520000000002,-46.633309000000004,24.510833333333338,71.58333333333333,18.43,21.0
2020-01-16,Sao Paulo,-23.550520000000002,-46.633309000000004,25.825833333333332,77.375,21.0,22.65
2020-01-17,Sao Paulo,-23.550520000000002,-46.633309000000004,20.366666666666667,86.83333333333333,17.0,18.33
2020-01-18,Sao Paulo,-23.550520000000002,-46.633309000000004,19.82041666666667,81.70833333333333,16.86,18.0
2020-01-19,Sao Paulo,-23.550520000000002,-46.633309000000004,21.287916666666664,81.29166666666667,17.92,19.0
2020-01-20,Sao Paulo,-23.550520000000002,-46.633309000000004,21.7325,77.33333333333333,18.54,20.0
2020-01-21,Sao Paulo,-23.550520000000002,-46.633309000000004,21.227083333333336,73.5,15.0,17.29
2020-01-22,Sao Paulo,-23.550520000000002,-46.633309000000004,21.05,77.95833333333333,16.82,18.89
2020-01-23,Sao Paulo,-23.550520000000002,-46.633309000000004,19.918846153846154,84.61538461538461,17.55,19.18
2020-01-24,Sao Paulo,-23.550520000000002,-46.633309000000004,19.568799999999996,85.76,17.0,18.33
2020-01-25,Sao Paulo,-23.550520000000002,-46.633309000000004,20.840000000000003,77.33333333333333,16.0,17.04
2020-01-26,Sao Paulo,-23.550520000000002,-46.633309000000004,22.46041666666667,63.875,14.0,16.11
2020-01-27,Sao Paulo,-23.550520000000002,-46.633309000000004,23.70166666666667,47.5,13.0,16.6
2020-01-28,Sao Paulo,-23.550520000000002,-46.633309000000004,23.86884615384615,60.76923076923077,16.33,17.85
2020-01-29,Sao Paulo,-23.550520000000002,-46.633309000000004,24.41857142857143,74.28571428571429,19.0,20.49
2020-01-30,Sao Paulo,-23.550520000000002,-46.633309000000004,25.331249999999997,72.125,21.0,23.0
2020-01-31,Sao Paulo,-23.550520000000002,-46.633309000000004,24.855,74.79166666666667,21.0,22.04
2020-02-01,Sao Paulo,-23.550520000000002,-46.633309000000004,23.55333333333333,85.45833333333333,20.4,22.0
2020-02-02,Sao Paulo,-23.550520000000002,-46.633309000000004,22.585416666666664,85.125,19.73,21.11
2020-02-03,Sao Paulo,-23.550520000000002,-46.633309000000004,21.30538461538462,89.84615384615384,19.0,20.0
2020-02-04,Sao Paulo,-23.550520000000002,-46.633309000000004,21.540000000000003,85.74074074074075,18.89,19.47
2020-02-05,Sao Paulo,-23.550520000000002,-46.633309000000004,23.098214285714295,82.82142857142857,20.27,21.11
2020-02-06,Sao Paulo,-23.550520000000002,-46.633309000000004,22.952758620689657,84.17241379310344,19.59,20.57
2020-02-07,Sao Paulo,-23.550520000000002,-46.633309000000004,23.41125,76.5,19.66,21.0
2020-02-08,Sao Paulo,-23.550520000000002,-46.633309000000004,24.321600000000004,70.64,19.44,21.0
2020-02-09,Sao Paulo,-23.550520000000002,-46.633309000000004,24.229230769230774,71.8076923076923,20.0,22.0
2020-02-10,Sao Paulo,-23.550520000000002,-46.633309000000004,20.635714285714286,93.0,18.0,20.16
2020-02-11,Sao Paulo,-23.550520000000002,-46.633309000000004,18.604999999999997,86.38461538461539,16.0,17.0
2020-02-12,Sao Paulo,-23.550520000000002,-46.633309000000004,19.075714285714287,85.03571428571429,16.6,18.0
2020-02-13,Sao Paulo,-23.550520000000002,-46.633309000000004,20.842499999999998,79.54166666666667,15.75,18.33
2020-02-14,Sao Paulo,-23.550520000000002,-46.633309000000004,21.275000000000002,78.91666666666667,16.0,17.22
2020-02-15,Sao Paulo,-23.550520000000002,-46.633309000000004,23.355416666666667,73.0,17.11,19.0
2020-02-16,Sao Paulo,-23.550520000000002,-46.633309000000004,24.04,77.6923076923077,19.0,21.0
2020-02-17,Sao Paulo,-23.550520000000002,-46.633309000000004,24.639200000000002,76.88,19.64,22.0
2020-02-18,Sao Paulo,-23.550520000000002,-46.633309000000004,25.82,75.5,20.0,22.08
2020-02-19,Sao Paulo,-23.550520000000002,-46.633309000000004,25.28846153846154,76.42307692307692,21.0,22.61
2020-02-20,Sao Paulo,-23.550520000000002,-46.633309000000004,24.9316,77.08,20.57,22.27
2020-02-21,Sao Paulo,-23.550520000000002,-46.633309000000004,22.269259259259254,85.11111111111111,19.98,22.0
2020-02-22,Sao Paulo,-23.550520000000002,-46.633309000000004,19.419583333333335,85.45833333333333,16.3,18.0
2020-02-23,Sao Paulo,-23.550520000000002,-46.633309000000004,18.688750000000002,79.25,14.81,16.67
2020-02-24,Sao Paulo,-23.550520000000002,-46.633309000000004,20.78615384615384,79.76923076923077,16.66,18.33
2020-02-25,Sao Paulo,-23.550520000000002,-46.633309000000004,22.914230769230777,82.03846153846153,18.72,20.05
2020-02-26,Sao Paulo,-23.550520000000002,-46.633309000000004,22.550800000000002,88.28,20.0,21.75
2020-02-27,Sao Paulo,-23.550520000000002,-46.633309000000004,18.643928571428575,87.35714285714286,15.92,17.0
2020-02-28,Sao Paulo,-23.550520000000002,-46.633309000000004,18.567142857142862,82.39285714285714,15.69,17.22
2020-02-29,Sao Paulo,-23.550520000000002,-46.633309000000004,20.472916666666666,85.95833333333333,16.92,18.89
2020-03-01,Sao Paulo,-23.550520000000002,-46.633309000000004,19.502916666666668,85.5,16.68,18.0
2020-03-02,Sao Paulo,-23.550520000000002,-46.633309000000004,19.611111111111114,85.81481481481481,17.0,18.01
2020-03-03,Sao Paulo,-23.550520000000002,-46.633309000000004,19.168999999999997,85.53333333333333,16.57,17.49
2020-03-04,Sao Paulo,-23.550520000000002,-46.633309000000004,19.605416666666663,79.08333333333333,15.29,16.11
2020-03-05,Sao Paulo,-23.550520000000002,-46.633309000000004,19.73875,75.79166666666667,13.98,16.11
2020-03-06,Sao Paulo,-23.550520000000002,-46.633309000000004,19.969583333333333,69.75,14.0,17.22
2020-03-07,Sao Paulo,-23.550520000000002,-46.633309000000004,19.9924,72.12,14.0,17.0
2020-03-08,Sao Paulo,-23.550520000000002,-46.633309000000004,20.083076923076923,83.6923076923077,14.72,17.22
2020-03-09,Sao Paulo,-23.550520000000002,-46.633309000000004,21.900000000000002,75.79166666666667,16.79,18.33
2020-03-10,Sao Paulo,-23.550520000000002,-46.633309000000004,22.660833333333333,72.5,16.09,19.0
2020-03-11,Sao Paulo,-23.550520000000002,-46.633309000000004,22.579583333333332,74.29166666666667,16.56,18.33
2020-03-12,Sao Paulo,-23.550520000000002,-46.633309000000004,22.610833333333336,71.45833333333333,17.48,19.44
2020-03-13,Sao Paulo,-23.550520000000002,-46.633309000000004,22.5775,72.91666666666667,17.0,18.07
2020-03-14,Sao Paulo,-23.550520000000002,-46.633309000000004,23.65166666666666,70.91666666666667,17.96,20.56
2020-03-15,Sao Paulo,-23.550520000000002,-46.633309000000004,24.686666666666667,68.875,18.63,20.11
2020-03-16,Sao Paulo,-23.550520000000002,-46.633309000000004,25.03333333333333,65.33333333333333,20.0,22.0
2020-03-17,Sao Paulo,-23.550520000000002,-46.633309000000004,23.351249999999997,73.125,19.89,21.28
2020-03-18,Sao Paulo,-23.550520000000002,-46.633309000000004,23.5608,73.72,19.0,20.0
2020-03-19,Sao Paulo,-23.550520000000002,-46.633309000000004,24.4975,76.75,20.67,22.78
2020-03-20,Sao Paulo,-23.550520000000002,-46.633309000000004,23.370416666666667,77.125,20.0,21.63
2020-03-21,Sao Paulo,-23.550520000000002,-46.633309000000004,20.90708333333333,78.41666666666667,18.45,20.56
2020-03-22,Sao Paulo,-23.550520000000002,-46.633309000000004,20.74833333333333,72.70833333333333,15.8,18.0
2020-03-23,Sao Paulo,-23.550520000000002,-46.633309000000004,20.666666666666668,67.25,14.81,17.78
2020-03-24,Sao Paulo,-23.550520000000002,-46.633309000000004,20.031666666666666,71.58333333333333,14.0,17.22
2020-03-25,Sao Paulo,-23.550520000000002,-46.633309000000004,20.015,70.91666666666667,14.86,17.22
2020-03-26,Sao Paulo,-23.550520000000002,-46.633309000000004,19.685,68.66666666666667,12.0,15.0
2020-03-27,Sao Paulo,-23.550520000000002,-46.633309000000004,20.334999999999997,68.16666666666667,13.48,17.0
2020-03-28,Sao Paulo,-23.550520000000002,-46.633309000000004,21.91916666666667,72.95833333333333,15.61,18.33
2020-03-29,Sao Paulo,-23.550520000000002,-46.633309000000004,22.583076923076927,76.5,18.0,20.0
2020-03-30,Sao Paulo,-23.550520000000002,-46.633309000000004,22.095833333333335,75.54166666666667,18.0,20.0
2020-03-31,Sao Paulo,-23.550520000000002,-46.633309000000004,21.61916666666666,76.83333333333333,17.24,18.33
2020-04-01,Sao Paulo,-23.550520000000002,-46.633309000000004,21.62375,75.95833333333333,16.0,18.08
2020-04-02,Sao Paulo,-23.550520000000002,-46.633309000000004,23.924583333333334,70.54166666666667,18.0,20.0
2020-04-03,Sao Paulo,-23.550520000000002,-46.633309000000004,23.447083333333335,66.5,18.3,22.0
2020-04-04,Sao Paulo,-23.550520000000002,-46.633309000000004,19.98291666666667,67.0,13.14,17.22
2020-04-05,Sao Paulo,-23.550520000000002,-46.633309000000004,20.33375,70.91666666666667,13.76,16.3
2020-04-06,Sao Paulo,-23.550520000000002,-46.633309000000004,22.431250000000002,68.91666666666667,14.92,18.0
2020-04-07,Sao Paulo,-23.550520000000002,-46.633309000000004,21.199583333333333,78.75,18.0,20.0
2020-04-08,Sao Paulo,-23.550520000000002,-46.633309000000004,18.399199999999997,84.52,15.56,17.22
2020-04-09,Sao Paulo,-23.550520000000002,-46.633309000000004,17.7625,69.58333333333333,11.0,15.56
2020-04-10,Sao Paulo,-23.550520000000002,-46.633309000000004,17.953333333333333,69.91666666666667,12.43,14.0
2020-04-11,Sao Paulo,-23.550520000000002,-46.633309000000004,18.247916666666665,73.04166666666667,13.86,16.11
2020-04-12,Sao Paulo,-23.550520000000002,-46.633309000000004,18.819166666666664,72.08333333333333,14.01,17.22
2020-04-13,Sao Paulo,-23.550520000000002,-46.633309000000004,18.960833333333333,72.66666666666667,12.07,15.56
2020-04-14,Sao Paulo,-23.550520000000002,-46.633309000000004,19.79375,77.54166666666667,15.43,17.22
2020-04-15,Sao Paulo,-23.550520000000002,-46.633309000000004,20.708333333333332,69.625,16.0,18.0
2020-04-16,Sao Paulo,-23.550520000000002,-46.633309000000004,19.998333333333335,73.41666666666667,13.12,16.0
2020-04-17,Sao Paulo,-23.550520000000002,-46.633309000000004,18.128333333333334,78.375,13.0,16.11
2020-04-18,Sao Paulo,-23.550520000000002,-46.633309000000004,17.995833333333334,78.04166666666667,12.89,15.56
2020-04-19,Sao Paulo,-23.550520000000002,-46.633309000000004,18.866666666666664,73.95833333333333,13.74,16.0
2020-04-20,Sao Paulo,-23.550520000000002,-46.633309000000004,19.183749999999993,73.875,13.0,15.56
2020-04-21,Sao Paulo,-23.550520000000002,-46.633309000000004,19.172916666666666,74.29166666666667,12.89,15.0
2020-04-22,Sao Paulo,-23.550520000000002,-46.633309000000004,18.862916666666667,76.0,13.0,16.0
2020-04-23,Sao Paulo,-23.550520000000002,-46.633309000000004,19.262083333333337,75.95833333333333,13.33,15.56
2020-04-24,Sao Paulo,-23.550520000000002,-46.633309000000004,20.306666666666665,74.08333333333333,14.26,16.67
2020-04-25,Sao Paulo,-23.550520000000002,-46.633309000000004,21.173750000000002,67.29166666666667,15.54,17.22
2020-04-26,Sao Paulo,-23.550520000000002,-46.633309000000004,20.894166666666667,58.625,13.0,17.0
2020-04-27,Sao Paulo,-23.550520000000002,-46.633309000000004,19.534166666666664,73.33333333333333,13.79,17.22
2020-04-28,Sao Paulo,-23.550520000000002,-46.633309000000004,20.00208333333334,67.25,13.92,17.78
2020-04-29,Sao Paulo,-23.550520000000002,-46.633309000000004,20.096666666666675,65.20833333333333,14.0,17.0
2020-04-30,Sao Paulo,-23.550520000000002,-46.633309000000004,20.635833333333338,62.458333333333336,13.0,15.67
2020-05-01,Sao Paulo,-23.550520000000002,-46.633309000000004,20.285600000000002,70.24,13.0,17.0
2020-05-02,Sao Paulo,-23.550520000000002,-46.633309000000004,20.261666666666667,75.58333333333333,15.78,18.0
2020-05-03,Sao Paulo,-23.550520000000002,-46.633309000000004,17.445416666666667,70.08333333333333,13.48,16.0
2020-05-04,Sao Paulo,-23.550520000000002,-46.633309000000004,17.304166666666664,71.75,10.89,14.44
2020-05-05,Sao Paulo,-23.550520000000002,-46.633309000000004,19.022916666666664,65.83333333333333,11.0,14.0
2020-05-06,Sao Paulo,-23.550520000000002,-46.633309000000004,19.797083333333337,60.791666666666664,14.0,15.72
2020-05-07,Sao Paulo,-23.550520000000002,-46.633309000000004,14.597916666666672,85.20833333333333,12.28,13.07
2020-05-08,Sao Paulo,-23.550520000000002,-46.633309000000004,15.20541666666667,78.75,11.0,13.0
2020-05-09,Sao Paulo,-23.550520000000002,-46.633309000000004,16.802916666666665,70.125,10.64,13.0
2020-05-10,Sao Paulo,-23.550520000000002,-46.633309000000004,17.18916666666667,68.5,9.86,13.0
2020-05-11,Sao Paulo,-23.550520000000002,-46.633309000000004,18.02958333333333,59.25,10.0,14.0
2020-05-12,Sao Paulo,-23.550520000000002,-46.633309000000004,18.85666666666667,61.208333333333336,9.0,15.0
2020-05-13,Sao Paulo,-23.550520000000002,-46.633309000000004,19.179999999999996,61.416666666666664,11.0,16.11
2020-05-14,Sao Paulo,-23.550520000000002,-46.633309000000004,18.670416666666664,73.79166666666667,15.56,17.0
2020-05-15,Sao Paulo,-23.550520000000002,-46.633309000000004,15.800833333333332,85.33333333333333,13.73,15.02
2020-05-16,Sao Paulo,-23.550520000000002,-46.633309000000004,17.65625,73.04166666666667,13.41,15.56
2020-05-17,Sao Paulo,-23.550520000000002,-46.633309000000004,16.7344,74.72,10.31,12.0
2020-05-18,Sao Paulo,-23.550520000000002,-46.633309000000004,16.69541666666667,78.54166666666667,10.0,12.0
2020-05-19,Sao Paulo,-23.550520000000002,-46.633309000000004,18.18958333333333,76.125,11.66,15.56
2020-05-20,Sao Paulo,-23.550520000000002,-46.633309000000004,19.32166666666667,73.375,14.78,16.6
2020-05-21,Sao Paulo,-23.550520000000002,-46.633309000000004,19.502916666666668,70.16666666666667,12.71,16.0
2020-05-22,Sao Paulo,-23.550520000000002,-46.633309000000004,20.74875,59.333333333333336,14.44,18.0
2020-05-23,Sao Paulo,-23.550520000000002,-46.633309000000004,20.504166666666663,72.0,15.56,19.0
2020-05-24,Sao Paulo,-23.550520000000002,-46.633309000000004,13.834583333333333,70.95833333333333,10.94,12.0
2020-05-25,Sao Paulo,-23.550520000000002,-46.633309000000004,14.618749999999999,61.791666666666664,9.88,11.11
2020-05-26,Sao Paulo,-23.550520000000002,-46.633309000000004,14.628333333333332,53.416666666666664,9.0,11.11
2020-05-27,Sao Paulo,-23.550520000000002,-46.633309000000004,14.419166666666664,56.875,6.47,11.67
2020-05-28,Sao Paulo,-23.550520000000002,-46.633309000000004,13.827083333333336,69.83333333333333,6.0,11.11
2020-05-29,Sao Paulo,-23.550520000000002,-46.633309000000004,15.587083333333334,71.5,7.16,12.0
2020-05-30,Sao Paulo,-23.550520000000002,-46.633309000000004,17.186666666666664,67.08333333333333,7.0,13.33
2020-05-31,Sao Paulo,-23.550520000000002,-46.633309000000004,17.458333333333332,55.708333333333336,8.0,13.89
2020-06-01,Sao Paulo,-23.550520000000002,-46.633309000000004,18.265416666666663,55.791666666666664,8.0,15.56
2020-06-02,Sao Paulo,-23.550520000000002,-46.633309000000004,16.707916666666666,84.375,12.8,16.11
2020-06-03,Sao Paulo,-23.550520000000002,-46.633309000000004,17.372083333333332,81.45833333333333,13.78,15.56
2020-06-04,Sao Paulo,-23.550520000000002,-46.633309000000004,18.242916666666666,81.41666666666667,15.81,16.67
2020-06-05,Sao Paulo,-23.550520000000002,-46.633309000000004,19.07916666666667,85.70833333333333,16.66,17.78
2020-06-06,Sao Paulo,-23.550520000000002,-46.633309000000004,20.309583333333332,75.20833333333333,16.79,18.0
2020-06-07,Sao Paulo,-23.550520000000002,-46.633309000000004,20.216896551724144,77.75862068965517,16.72,18.33
2020-06-08,Sao Paulo,-23.550520000000002,-46.633309000000004,20.574166666666667,76.33333333333333,12.75,18.0
2020-06-09,Sao Paulo,-23.550520000000002,-46.633309000000004,20.99041666666667,78.20833333333333,15.78,18.33
2020-06-10,Sao Paulo,-23.550520000000002,-46.633309000000004,21.709166666666665,73.04166666666667,16.67,19.44
2020-06-11,Sao Paulo,-23.550520000000002,-46.633309000000004,23.14708333333333,61.458333333333336,17.78,21.67
2020-06-12,Sao Paulo,-23.550520000000002,-46.633309000000004,22.03958333333333,63.041666666666664,14.77,19.0
2020-06-13,Sao Paulo,-23.550520000000002,-46.633309000000004,21.740000000000006,64.0,14.0,18.89
2020-06-14,Sao Paulo,-23.550520000000002,-46.633309000000004,16.985833333333332,84.25,13.33,15.0
2020-06-15,Sao Paulo,-23.550520000000002,-46.633309000000004,16.952500000000004,78.33333333333333,13.67,15.56
2020-06-16,Sao Paulo,-23.550520000000002,-46.633309000000004,17.887499999999996,75.20833333333333,14.1,17.0
2020-06-17,Sao Paulo,-23.550520000000002,-46.633309000000004,18.667083333333334,69.58333333333333,14.57,17.0
2020-06-18,Sao Paulo,-23.550520000000002,-46.633309000000004,18.417083333333334,63.041666666666664,10.0,14.0
2020-06-19,Sao Paulo,-23.550520000000002,-46.633309000000004,19.7075,58.333333333333336,12.0,16.67
2020-06-20,Sao Paulo,-23.550520000000002,-46.633309000000004,20.510416666666664,61.625,12.13,17.22
2020-06-21,Sao Paulo,-23.550520000000002,-46.633309000000004,20.969583333333333,60.875,12.95,18.33
2020-06-22,Sao Paulo,-23.550520000000002,-46.633309000000004,20.60125,55.916666666666664,12.0,16.78
2020-06-23,Sao Paulo,-23.550520000000002,-46.633309000000004,19.769583333333337,52.166666666666664,12.0,17.22
2020-06-24,Sao Paulo,-23.550520000000002,-46.633309000000004,19.17125,50.458333333333336,10.85,16.67
2020-06-25,Sao Paulo,-23.550520000000002,-46.633309000000004,20.547083333333337,59.791666666666664,11.0,18.89
2020-06-26,Sao Paulo,-23.550520000000002,-46.633309000000004,18.493750000000002,76.41666666666667,15.0,17.75
2020-06-27,Sao Paulo,-23.550520000000002,-46.633309000000004,15.150967741935487,87.96774193548387,12.18,15.0
2020-06-28,Sao Paulo,-23.550520000000002,-46.633309000000004,14.024615384615386,85.6923076923077,11.67,13.0
2020-06-29,Sao Paulo,-23.550520000000002,-46.633309000000004,15.725833333333334,79.70833333333333,12.0,13.89
2020-06-30,Sao Paulo,-23.550520000000002,-46.633309000000004,18.34041666666667,68.66666666666667,13.0,14.0
2020-07-01,Sao Paulo,-23.550520000000002,-46.633309000000004,19.247083333333332,57.791666666666664,12.0,16.67
2020-07-02,Sao Paulo,-23.550520000000002,-46.633309000000004,13.794583333333334,68.54166666666667,6.71,11.0
2020-07-03,Sao Paulo,-23.550520000000002,-46.633309000000004,13.647916666666667,74.16666666666667,8.0,11.11
2020-07-04,Sao Paulo,-23.550520000000002,-46.633309000000004,16.1275,66.125,9.77,13.0
2020-07-05,Sao Paulo,-23.550520000000002,-46.633309000000004,18.089166666666667,73.33333333333333,11.64,14.0
2020-07-06,Sao Paulo,-23.550520000000002,-46.633309000000004,20.30458333333333,63.666666666666664,13.0,17.78
2020-07-07,Sao Paulo,-23.550520000000002,-46.633309000000004,20.542083333333334,64.45833333333333,14.23,17.22
2020-07-08,Sao Paulo,-23.550520000000002,-46.633309000000004,21.859583333333333,43.083333333333336,15.0,19.0
2020-07-09,Sao Paulo,-23.550520000000002,-46.633309000000004,19.43375,60.875,13.0,15.0
2020-07-10,Sao Paulo,-23.550520000000002,-46.633309000000004,15.430833333333334,74.33333333333333,8.0,11.0
2020-07-11,Sao Paulo,-23.550520000000002,-46.633309000000004,19.43791666666667,68.16666666666667,13.0,15.0
2020-07-12,Sao Paulo,-23.550520000000002,-46.633309000000004,20.727916666666665,60.75,13.0,18.0
2020-07-13,Sao Paulo,-23.550520000000002,-46.633309000000004,21.273749999999996,60.666666666666664,14.0,19.0
2020-07-14,Sao Paulo,-23.550520000000002,-46.633309000000004,17.707083333333337,79.16666666666667,13.86,17.0
2020-07-15,Sao Paulo,-23.550520000000002,-46.633309000000004,14.604999999999999,81.58333333333333,11.99,15.0
2020-07-16,Sao Paulo,-23.550520000000002,-46.633309000000004,15.513333333333335,78.45833333333333,11.95,13.33
2020-07-17,Sao Paulo,-23.550520000000002,-46.633309000000004,17.314166666666665,76.41666666666667,12.19,14.0
2020-07-18,Sao Paulo,-23.550520000000002,-46.633309000000004,18.782083333333336,71.66666666666667,13.75,16.0
2020-07-19,Sao Paulo,-23.550520000000002,-46.633309000000004,18.62666666666667,68.83333333333333,12.65,15.0
2020-07-20,Sao Paulo,-23.550520000000002,-46.633309000000004,18.565416666666668,62.291666666666664,11.0,15.0
2020-07-21,Sao Paulo,-23.550520000000002,-46.633309000000004,19.4725,59.166666666666664,10.0,15.56
2020-07-22,Sao Paulo,-23.550520000000002,-46.633309000000004,19.82583333333334,60.791666666666664,10.65,16.11
2020-07-23,Sao Paulo,-23.550520000000002,-46.633309000000004,19.80291666666667,57.458333333333336,11.0,17.0
2020-07-24,Sao Paulo,-23.550520000000002,-46.633309000000004,19.775833333333335,57.791666666666664,11.96,17.0
2020-07-25,Sao Paulo,-23.550520000000002,-46.633309000000004,20.776666666666664,50.416666666666664,11.0,18.89
2020-07-26,Sao Paulo,-23.550520000000002,-46.633309000000004,17.218750000000004,75.04166666666667,14.3,16.11
2020-07-27,Sao Paulo,-23.550520000000002,-46.633309000000004,19.534166666666668,67.70833333333333,13.84,15.0
2020-07-28,Sao Paulo,-23.550520000000002,-46.633309000000004,21.738333333333333,56.791666666666664,13.0,19.0
2020-07-29,Sao Paulo,-23.550520000000002,-46.633309000000004,16.446,76.84,13.08,15.0
2020-07-30,Sao Paulo,-23.550520000000002,-46.633309000000004,14.391249999999994,83.375,11.76,13.0
2020-07-31,Sao Paulo,-23.550520000000002,-46.633309000000004,15.860416666666667,77.0,12.53,14.44
2020-08-01,Sao Paulo,-23.550520000000002,-46.633309000000004,16.76166666666667,73.20833333333333,12.65,15.0
2020-08-02,Sao Paulo,-23.550520000000002,-46.633309000000004,16.773333333333333,72.66666666666667,11.0,13.33
2020-08-03,Sao Paulo,-23.550520000000002,-46.633309000000004,16.492500000000003,70.125,10.11,13.89
2020-08-04,Sao Paulo,-23.550520000000002,-46.633309000000004,16.03791666666667,69.66666666666667,9.71,12.78
2020-08-05,Sao Paulo,-23.550520000000002,-46.633309000000004,16.2725,70.66666666666667,10.0,13.33
2020-08-06,Sao Paulo,-23.550520000000002,-46.633309000000004,16.423750000000002,70.0,10.81,12.78
2020-08-07,Sao Paulo,-23.550520000000002,-46.633309000000004,17.048333333333332,64.08333333333333,9.0,13.33
2020-08-08,Sao Paulo,-23.550520000000002,-46.633309000000004,17.386666666666667,64.83333333333333,9.0,13.89
2020-08-09,Sao Paulo,-23.550520000000002,-46.633309000000004,18.135416666666664,64.375,11.0,14.37
2020-08-10,Sao Paulo,-23.550520000000002,-46.633309000000004,19.416666666666668,58.166666666666664,11.6,15.56
2020-08-11,Sao Paulo,-23.550520000000002,-46.633309000000004,20.356666666666666,50.083333333333336,11.0,16.11
2020-08-12,Sao Paulo,-23.550520000000002,-46.633309000000004,19.708750000000006,60.958333333333336,12.0,15.56
2020-08-13,Sao Paulo,-23.550520000000002,-46.633309000000004,20.607083333333332,62.083333333333336,13.0,16.76
2020-08-14,Sao Paulo,-23.550520000000002,-46.633309000000004,22.27958333333333,59.5,15.77,20.0
2020-08-15,Sao Paulo,-23.550520000000002,-46.633309000000004,20.90125,67.45833333333333,16.21,21.0
2020-08-16,Sao Paulo,-23.550520000000002,-46.633309000000004,18.357083333333332,79.375,15.12,16.32
2020-08-17,Sao Paulo,-23.550520000000002,-46.633309000000004,18.193333333333335,76.91666666666667,15.6,17.0
2020-08-18,Sao Paulo,-23.550520000000002,-46.633309000000004,17.317083333333333,82.41666666666667,15.0,16.68
2020-08-19,Sao Paulo,-23.550520000000002,-46.633309000000004,18.3188,83.04,15.0,16.36
2020-08-20,Sao Paulo,-23.550520000000002,-46.633309000000004,15.540399999999995,81.6,12.0,14.0
2020-08-21,Sao Paulo,-23.550520000000002,-46.633309000000004,10.922702702702702,86.08108108108108,7.78,10.0
2020-08-22,Sao Paulo,-23.550520000000002,-46.633309000000004,10.4375,85.44444444444444,7.78,9.0
2020-08-23,Sao Paulo,-23.550520000000002,-46.633309000000004,13.011666666666668,73.5,6.0,10.0
2020-08-24,Sao Paulo,-23.550520000000002,-46.633309000000004,13.95375,71.16666666666667,8.0,10.0
2020-08-25,Sao Paulo,-23.550520000000002,-46.633309000000004,13.845833333333337,70.66666666666667,8.0,11.11
2020-08-26,Sao Paulo,-23.550520000000002,-46.633309000000004,14.387916666666667,66.54166666666667,6.0,10.3
2020-08-27,Sao Paulo,-23.550520000000002,-46.633309000000004,17.37125,67.66666666666667,9.0,12.78
2020-08-28,Sao Paulo,-23.550520000000002,-46.633309000000004,19.84875,67.83333333333333,13.0,15.0
2020-08-29,Sao Paulo,-23.550520000000002,-46.633309000000004,21.588333333333335,58.25,13.0,17.19
2020-08-30,Sao Paulo,-23.550520000000002,-46.633309000000004,22.72208333333333,54.208333333333336,13.0,20.0
2020-08-31,Sao Paulo,-23.550520000000002,-46.633309000000004,19.172500000000003,74.5,15.74,17.22
2020-09-01,Sao Paulo,-23.550520000000002,-46.633309000000004,19.330833333333334,73.91666666666667,16.57,18.33
2020-09-02,Sao Paulo,-23.550520000000002,-46.633309000000004,19.56625,70.25,15.0,17.0
2020-09-03,Sao Paulo,-23.550520000000002,-46.633309000000004,21.93375,59.333333333333336,15.54,17.22
2020-09-04,Sao Paulo,-23.550520000000002,-46.633309000000004,21.937916666666663,55.125,14.0,20.0
2020-09-05,Sao Paulo,-23.550520000000002,-46.633309000000004,20.899166666666666,64.54166666666667,15.71,17.22
2020-09-06,Sao Paulo,-23.550520000000002,-46.633309000000004,22.147500000000004,58.125,14.0,17.22
2020-09-07,Sao Paulo,-23.550520000000002,-46.633309000000004,21.090833333333332,67.29166666666667,15.94,19.0
2020-09-08,Sao Paulo,-23.550520000000002,-46.633309000000004,20.187916666666673,73.04166666666667,15.54,18.33
2020-09-09,Sao Paulo,-23.550520000000002,-46.633309000000004,20.72791666666667,74.04166666666667,15.66,18.33
2020-09-10,Sao Paulo,-23.550520000000002,-46.633309000000004,24.021666666666665,58.333333333333336,16.26,19.0
2020-09-11,Sao Paulo,-23.550520000000002,-46.633309000000004,23.31,59.666666666666664,16.48,19.0
2020-09-12,Sao Paulo,-23.550520000000002,-46.633309000000004,26.5125,42.333333333333336,18.81,23.0
2020-09-13,Sao Paulo,-23.550520000000002,-46.633309000000004,25.405833333333334,46.125,16.0,21.67
2020-09-14,Sao Paulo,-23.550520000000002,-46.633309000000004,24.536666666666665,38.291666666666664,16.0,20.0
2020-09-15,Sao Paulo,-23.550520000000002,-46.633309000000004,17.327916666666667,78.08333333333333,13.89,16.0
2020-09-16,Sao Paulo,-23.550520000000002,-46.633309000000004,20.961250000000003,65.875,14.7,17.22
2020-09-17,Sao Paulo,-23.550520000000002,-46.633309000000004,21.871666666666666,67.58333333333333,17.0,19.0
2020-09-18,Sao Paulo,-23.550520000000002,-46.633309000000004,21.237083333333334,65.58333333333333,16.1,18.33
2020-09-19,Sao Paulo,-23.550520000000002,-46.633309000000004,23.912499999999994,55.5,17.0,20.0
2020-09-20,Sao Paulo,-23.550520000000002,-46.633309000000004,18.390833333333333,75.875,14.78,17.0
2020-09-21,Sao Paulo,-23.550520000000002,-46.633309000000004,15.653846153846159,83.61538461538461,13.33,15.0
2020-09-22,Sao Paulo,-23.550520000000002,-46.633309000000004,14.49846153846154,84.11538461538461,12.78,14.0
2020-09-23,Sao Paulo,-23.550520000000002,-46.633309000000004,16.84958333333333,78.125,13.33,14.41
2020-09-24,Sao Paulo,-23.550520000000002,-46.633309000000004,19.08666666666667,72.25,15.0,16.17
2020-09-25,Sao Paulo,-23.550520000000002,-46.633309000000004,20.216666666666672,66.0,12.0,15.53
2020-09-26,Sao Paulo,-23.550520000000002,-46.633309000000004,22.909166666666664,54.5,14.0,17.78
2020-09-27,Sao Paulo,-23.550520000000002,-46.633309000000004,26.319166666666664,42.375,16.0,21.11
2020-09-28,Sao Paulo,-23.550520000000002,-46.633309000000004,23.98708333333333,55.875,19.0,22.22
2020-09-29,Sao Paulo,-23.550520000000002,-46.633309000000004,21.026666666666667,76.66666666666667,17.51,19.44
2020-09-30,Sao Paulo,-23.550520000000002,-46.633309000000004,24.795833333333334,63.0,18.02,20.0
2020-10-01,Sao Paulo,-23.550520000000002,-46.633309000000004,26.50458333333334,57.833333333333336,19.0,20.59
2020-10-02,Sao Paulo,-23.550520000000002,-46.633309000000004,30.243749999999995,35.708333333333336,21.55,26.11
2020-10-03,Sao Paulo,-23.550520000000002,-46.633309000000004,23.5544,71.84,18.75,21.11
2020-10-04,Sao Paulo,-23.550520000000002,-46.633309000000004,19.984615384615385,88.88461538461539,17.73,19.0
2020-10-05,Sao Paulo,-23.550520000000002,-46.633309000000004,23.17125,74.0,17.58,19.0
2020-10-06,Sao Paulo,-23.550520000000002,-46.633309000000004,25.227916666666673,66.75,19.0,22.52
2020-10-07,Sao Paulo,-23.550520000000002,-46.633309000000004,24.875,66.08333333333333,17.78,19.44
2020-10-08,Sao Paulo,-23.550520000000002,-46.633309000000004,22.813999999999997,74.0,16.8,20.0
2020-10-09,Sao Paulo,-23.550520000000002,-46.633309000000004,19.514242424242433,87.48484848484848,16.71,19.0
2020-10-10,Sao Paulo,-23.550520000000002,-46.633309000000004,18.379615384615384,73.5,13.97,16.67
2020-10-11,Sao Paulo,-23.550520000000002,-46.633309000000004,16.972916666666666,67.45833333333333,10.0,13.89
2020-10-12,Sao Paulo,-23.550520000000002,-46.633309000000004,18.79791666666667,68.75,11.6,15.0
2020-10-13,Sao Paulo,-23.550520000000002,-46.633309000000004,22.15625,58.666666666666664,14.0,17.22
2020-10-14,Sao Paulo,-23.550520000000002,-46.633309000000004,23.01375,60.125,16.0,18.33
2020-10-15,Sao Paulo,-23.550520000000002,-46.633309000000004,18.4564,82.84,15.56,16.67
2020-10-16,Sao Paulo,-23.550520000000002,-46.633309000000004,15.807500000000003,86.25,14.25,15.0
2020-10-17,Sao Paulo,-23.550520000000002,-46.633309000000004,16.12166666666667,80.45833333333333,13.73,15.0
2020-10-18,Sao Paulo,-23.550520000000002,-46.633309000000004,18.682499999999997,73.04166666666667,14.69,16.0
2020-10-19,Sao Paulo,-23.550520000000002,-46.633309000000004,20.48,75.88888888888889,17.0,18.33
2020-10-20,Sao Paulo,-23.550520000000002,-46.633309000000004,21.220384615384617,76.57692307692308,17.0,18.89
2020-10-21,Sao Paulo,-23.550520000000002,-46.633309000000004,20.4225,76.95833333333333,17.0,18.66
2020-10-22,Sao Paulo,-23.550520000000002,-46.633309000000004,20.0448,73.68,16.41,18.33
2020-10-23,Sao Paulo,-23.550520000000002,-46.633309000000004,20.403750000000002,65.33333333333333,15.42,17.0
2020-10-24,Sao Paulo,-23.550520000000002,-46.633309000000004,20.901666666666667,68.54166666666667,16.91,19.0
2020-10-25,Sao Paulo,-23.550520000000002,-46.633309000000004,20.88083333333333,75.33333333333333,17.21,19.0
2020-10-26,Sao Paulo,-23.550520000000002,-46.633309000000004,20.202916666666663,71.29166666666667,16.17,18.0
2020-10-27,Sao Paulo,-23.550520000000002,-46.633309000000004,22.805000000000003,66.08333333333333,16.99,18.02
2020-10-28,Sao Paulo,-23.550520000000002,-46.633309000000004,24.785000000000007,50.583333333333336,16.0,21.11
2020-10-29,Sao Paulo,-23.550520000000002,-46.633309000000004,23.194615384615382,57.23076923076923,16.64,21.0
2020-10-30,Sao Paulo,-23.550520000000002,-46.633309000000004,18.00096774193548,85.93548387096774,13.33,19.0
2020-10-31,Sao Paulo,-23.550520000000002,-46.633309000000004,16.5536,80.64,13.33,15.28
2020-11-01,Sao Paulo,-23.550520000000002,-46.633309000000004,15.25392857142857,79.35714285714286,12.7,14.0
2020-11-02,Sao Paulo,-23.550520000000002,-46.633309000000004,15.153333333333334,70.95833333333333,11.27,13.0
2020-11-03,Sao Paulo,-23.550520000000002,-46.633309000000004,16.035833333333333,66.95833333333333,10.19,13.0
2020-11-04,Sao Paulo,-23.550520000000002,-46.633309000000004,16.879166666666666,70.58333333333333,10.87,13.09
2020-11-05,Sao Paulo,-23.550520000000002,-46.633309000000004,16.318333333333335,76.70833333333333,13.52,14.46
2020-11-06,Sao Paulo,-23.550520000000002,-46.633309000000004,17.27541666666667,68.375,11.65,13.33
2020-11-07,Sao Paulo,-23.550520000000002,-46.633309000000004,18.602500000000003,65.20833333333333,11.99,15.0
2020-11-08,Sao Paulo,-23.550520000000002,-46.633309000000004,20.017083333333332,63.958333333333336,13.0,15.0
2020-11-09,Sao Paulo,-23.550520000000002,-46.633309000000004,20.622083333333332,71.25,15.0,17.12
2020-11-10,Sao Paulo,-23.550520000000002,-46.633309000000004,21.699166666666674,76.83333333333333,17.95,19.0
2020-11-11,Sao Paulo,-23.550520000000002,-46.633309000000004,21.644999999999992,77.07142857142857,18.0,19.44
2020-11-12,Sao Paulo,-23.550520000000002,-46.633309000000004,21.1924,78.2,17.0,18.89
2020-11-13,Sao Paulo,-23.550520000000002,-46.633309000000004,21.753461538461536,79.1923076923077,17.46,19.0
2020-11-14,Sao Paulo,-23.550520000000002,-46.633309000000004,22.61041666666667,72.625,18.06,20.0
2020-11-15,Sao Paulo,-23.550520000000002,-46.633309000000004,24.957916666666662,64.75,18.78,21.11
2020-11-16,Sao Paulo,-23.550520000000002,-46.633309000000004,24.845833333333335,64.83333333333333,20.0,21.62
2020-11-17,Sao Paulo,-23.550520000000002,-46.633309000000004,21.971666666666668,76.91666666666667,17.78,20.05
2020-11-18,Sao Paulo,-23.550520000000002,-46.633309000000004,17.464285714285715,83.42857142857143,15.0,16.61
2020-11-19,Sao Paulo,-23.550520000000002,-46.633309000000004,17.674615384615382,85.34615384615384,13.33,16.0
2020-11-20,Sao Paulo,-23.550520000000002,-46.633309000000004,17.175,72.54166666666667,12.76,16.53
2020-11-21,Sao Paulo,-23.550520000000002,-46.633309000000004,18.658333333333335,68.16666666666667,13.0,18.11
2020-11-22,Sao Paulo,-23.550520000000002,-46.633309000000004,19.5525,69.83333333333333,13.35,18.19
2020-11-23,Sao Paulo,-23.550520000000002,-46.633309000000004,20.38958333333333,68.70833333333333,14.62,19.58
2020-11-24,Sao Paulo,-23.550520000000002,-46.633309000000004,21.52083333333333,68.04166666666667,15.45,19.96
2020-11-25,Sao Paulo,-23.550520000000002,-46.633309000000004,23.47708333333333,60.708333333333336,15.25,20.08
2020-11-26,Sao Paulo,-23.550520000000002,-46.633309000000004,24.659583333333334,58.125,17.34,23.89
2020-11-27,Sao Paulo,-23.550520000000002,-46.633309000000004,24.09708333333333,62.541666666666664,16.0,22.46
2020-11-28,Sao Paulo,-23.550520000000002,-46.633309000000004,23.430416666666662,65.375,16.27,21.58
2020-11-29,Sao Paulo,-23.550520000000002,-46.633309000000004,24.455416666666665,62.0,17.61,21.44
2020-11-30,Sao Paulo,-23.550520000000002,-46.633309000000004,24.866250000000004,68.79166666666667,18.29,23.5
2020-12-01,Sao Paulo,-23.550520000000002,-46.633309000000004,23.092916666666667,76.41666666666667,16.82,22.0
2020-12-02,Sao Paulo,-23.550520000000002,-46.633309000000004,22.749583333333334,74.5,18.58,21.76
2020-12-03,Sao Paulo,-23.550520000000002,-46.633309000000004,24.820833333333336,67.04166666666667,18.04,22.39
2020-12-04,Sao Paulo,-23.550520000000002,-46.633309000000004,23.97583333333333,67.70833333333333,18.64,22.48
2020-12-05,Sao Paulo,-23.550520000000002,-46.633309000000004,21.974166666666665,76.70833333333333,17.96,21.76
2020-12-06,Sao Paulo,-23.550520000000002,-46.633309000000004,20.689615384615387,79.6923076923077,16.85,20.54
2020-12-07,Sao Paulo,-23.550520000000002,-46.633309000000004,21.371666666666666,80.625,18.13,22.22
2020-12-08,Sao Paulo,-23.550520000000002,-46.633309000000004,22.215,82.45833333333333,18.0,20.71
2020-12-09,Sao Paulo,-23.550520000000002,-46.633309000000004,21.904166666666665,74.25,15.88,20.39
2020-12-10,Sao Paulo,-23.550520000000002,-46.633309000000004,21.99791666666667,68.91666666666667,15.74,19.76
2020-12-11,Sao Paulo,-23.550520000000002,-46.633309000000004,22.496400000000005,71.48,16.38,20.29
2020-12-12,Sao Paulo,-23.550520000000002,-46.633309000000004,23.64333333333333,69.25,18.21,24.44
2020-12-13,Sao Paulo,-23.550520000000002,-46.633309000000004,24.16208333333334,72.5,18.88,22.14
2020-12-14,Sao Paulo,-23.550520000000002,-46.633309000000004,25.27208333333333,66.95833333333333,19.0,23.77
2020-12-15,Sao Paulo,-23.550520000000002,-46.633309000000004,24.63208333333333,68.41666666666667,19.46,22.36
2020-12-16,Sao Paulo,-23.550520000000002,-46.633309000000004,23.67,76.04166666666667,17.46,21.5
2020-12-17,Sao Paulo,-23.550520000000002,-46.633309000000004,24.085000000000004,71.84615384615384,18.56,21.92
2020-12-18,Sao Paulo,-23.550520000000002,-46.633309000000004,23.640833333333333,73.04166666666667,18.84,22.44
2020-12-19,Sao Paulo,-23.550520000000002,-46.633309000000004,25.075833333333332,67.95833333333333,18.06,21.86
2020-12-20,Sao Paulo,-23.550520000000002,-46.633309000000004,25.0412,72.88,18.73,22.67
2020-12-21,Sao Paulo,-23.550520000000002,-46.633309000000004,24.76541666666667,75.20833333333333,19.49,23.0
2020-12-22,Sao Paulo,-23.550520000000002,-46.633309000000004,21.251666666666665,83.375,16.82,22.22
2020-12-23,Sao Paulo,-23.550520000000002,-46.633309000000004,20.212916666666665,74.41666666666667,15.66,19.51
2020-12-24,Sao Paulo,-23.550520000000002,-46.633309000000004,20.272499999999997,73.70833333333333,15.38,20.69
2020-12-25,Sao Paulo,-23.550520000000002,-46.633309000000004,19.41958333333334,75.0,15.0,19.3
2020-12-26,Sao Paulo,-23.550520000000002,-46.633309000000004,20.114166666666662,75.79166666666667,14.11,18.35
2020-12-27,Sao Paulo,-23.550520000000002,-46.633309000000004,21.466400000000004,82.08,17.42,20.56
2020-12-28,Sao Paulo,-23.550520000000002,-46.633309000000004,22.2756,74.2,17.0,21.18
2020-12-29,Sao Paulo,-23.550520000000002,-46.633309000000004,23.578333333333333,76.125,17.62,22.52
2020-12-30,Sao Paulo,-23.550520000000002,-46.633309000000004,24.603749999999994,67.29166666666667,17.89,22.87
2020-12-31,Sao Paulo,-23.550520000000002,-46.633309000000004,25.02833333333334,69.625,18.96,25.1
2021-01-01,Sao Paulo,-23.550520000000002,-46.633309000000004,22.5412,82.88,18.76,22.24
2021-01-02,Sao Paulo,-23.550520000000002,-46.633309000000004,21.004583333333333,81.5,18.08,20.73
2021-01-03,Sao Paulo,-23.550520000000002,-46.633309000000004,20.947916666666668,74.0,16.4,20.8
2021-01-04,Sao Paulo,-23.550520000000002,-46.633309000000004,22.19875,68.83333333333333,15.91,22.22
2021-01-05,Sao Paulo,-23.550520000000002,-46.633309000000004,24.129999999999995,66.91666666666667,16.99,21.02
2021-01-06,Sao Paulo,-23.550520000000002,-46.633309000000004,26.198333333333334,65.08333333333333,19.42,25.56
2021-01-07,Sao Paulo,-23.550520000000002,-46.633309000000004,25.548333333333336,68.83333333333333,19.08,24.79
2021-01-08,Sao Paulo,-23.550520000000002,-46.633309000000004,23.87041666666666,73.58333333333333,18.91,22.0
2021-01-09,Sao Paulo,-23.550520000000002,-46.633309000000004,23.581153846153846,80.26923076923077,18.73,23.4
2021-01-10,Sao Paulo,-23.550520000000002,-46.633309000000004,23.649999999999995,79.88,18.66,23.05
2021-01-11,Sao Paulo,-23.550520000000002,-46.633309000000004,24.534999999999997,77.45833333333333,19.48,23.53
2021-01-12,Sao Paulo,-23.550520000000002,-46.633309000000004,24.920000000000005,79.29166666666667,20.55,23.57
2021-01-13,Sao Paulo,-23.550520000000002,-46.633309000000004,24.244800000000005,77.2,20.37,23.41
2021-01-14,Sao Paulo,-23.550520000000002,-46.633309000000004,23.6525,76.79166666666667,19.11,23.15
2021-01-15,Sao Paulo,-23.550520000000002,-46.633309000000004,22.272307692307688,84.07692307692308,17.62,21.98
2021-01-16,Sao Paulo,-23.550520000000002,-46.633309000000004,23.314999999999998,73.75,17.16,22.09
2021-01-17,Sao Paulo,-23.550520000000002,-46.633309000000004,25.705,60.791666666666664,18.66,24.32
2021-01-18,Sao Paulo,-23.550520000000002,-46.633309000000004,25.540416666666662,66.16666666666667,18.84,24.14
2021-01-19,Sao Paulo,-23.550520000000002,-46.633309000000004,23.737199999999998,77.4,19.47,23.17
2021-01-20,Sao Paulo,-23.550520000000002,-46.633309000000004,23.495000000000008,75.33333333333333,17.94,22.13
2021-01-21,Sao Paulo,-23.550520000000002,-46.633309000000004,23.492400000000004,74.88,17.02,21.86
2021-01-22,Sao Paulo,-23.550520000000002,-46.633309000000004,23.8008,73.0,17.0,22.04
2021-01-23,Sao Paulo,-23.550520000000002,-46.633309000000004,23.85333333333334,72.41666666666667,17.07,22.68
2021-01-24,Sao Paulo,-23.550520000000002,-46.633309000000004,23.041200000000003,76.92,16.5,21.73
2021-01-25,Sao Paulo,-23.550520000000002,-46.633309000000004,24.078749999999996,69.75,17.19,21.81
2021-01-26,Sao Paulo,-23.550520000000002,-46.633309000000004,23.985833333333332,72.45833333333333,18.53,23.89
2021-01-27,Sao Paulo,-23.550520000000002,-46.633309000000004,26.429999999999996,60.666666666666664,18.07,24.44
2021-01-28,Sao Paulo,-23.550520000000002,-46.633309000000004,26.284999999999993,63.75,18.44,24.74
2021-01-29,Sao Paulo,-23.550520000000002,-46.633309000000004,26.88333333333334,59.041666666666664,18.18,27.22
2021-01-30,Sao Paulo,-23.550520000000002,-46.633309000000004,27.42958333333333,58.791666666666664,19.0,24.46
2021-01-31,Sao Paulo,-23.550520000000002,-46.633309000000004,27.16125,61.875,18.92,24.93
2021-02-01,Sao Paulo,-23.550520000000002,-46.633309000000004,25.112916666666663,65.20833333333333,19.08,24.24
2021-02-02,Sao Paulo,-23.550520000000002,-46.633309000000004,24.638799999999996,74.88,17.43,24.18
2021-02-03,Sao Paulo,-23.550520000000002,-46.633309000000004,24.755416666666665,70.91666666666667,17.4,22.87
2021-02-04,Sao Paulo,-23.550520000000002,-46.633309000000004,26.700416666666666,71.25,18.61,24.09
2021-02-05,Sao Paulo,-23.550520000000002,-46.633309000000004,23.511599999999998,74.68,19.0,22.78
2021-02-06,Sao Paulo,-23.550520000000002,-46.633309000000004,21.674166666666668,71.0,15.66,20.61
2021-02-07,Sao Paulo,-23.550520000000002,-46.633309000000004,20.545833333333338,71.66666666666667,15.66,21.25
2021-02-08,Sao Paulo,-23.550520000000002,-46.633309000000004,20.86583333333333,67.54166666666667,14.25,20.61
2021-02-09,Sao Paulo,-23.550520000000002,-46.633309000000004,20.692083333333333,68.70833333333333,14.43,20.39
2021-02-10,Sao Paulo,-23.550520000000002,-46.633309000000004,21.485416666666676,72.45833333333333,14.79,20.98
2021-02-11,Sao Paulo,-23.550520000000002,-46.633309000000004,21.430833333333336,80.875,15.46,21.09
2021-02-12,Sao Paulo,-23.550520000000002,-46.633309000000004,21.444583333333338,78.20833333333333,16.78,20.98
2021-02-13,Sao Paulo,-23.550520000000002,-46.633309000000004,21.317499999999995,86.70833333333333,18.43,22.09
2021-02-14,Sao Paulo,-23.550520000000002,-46.633309000000004,22.945416666666663,76.75,16.81,21.76
2021-02-15,Sao Paulo,-23.550520000000002,-46.633309000000004,24.681250000000002,68.25,16.89,23.41
2021-02-16,Sao Paulo,-23.550520000000002,-46.633309000000004,23.845416666666665,67.79166666666667,15.87,22.7
2021-02-17,Sao Paulo,-23.550520000000002,-46.633309000000004,23.079583333333336,75.5,16.47,22.89
2021-02-18,Sao Paulo,-23.550520000000002,-46.633309000000004,22.77153846153846,75.03846153846153,16.62,22.16
2021-02-19,Sao Paulo,-23.550520000000002,-46.633309000000004,23.504166666666674,74.70833333333333,16.42,22.23
2021-02-20,Sao Paulo,-23.550520000000002,-46.633309000000004,23.288333333333338,73.125,16.11,21.6
2021-02-21,Sao Paulo,-23.550520000000002,-46.633309000000004,23.082083333333333,72.75,16.92,22.01
2021-02-22,Sao Paulo,-23.550520000000002,-46.633309000000004,23.21291666666667,70.625,17.34,22.29
2021-02-23,Sao Paulo,-23.550520000000002,-46.633309000000004,24.397500000000004,62.291666666666664,14.77,20.46
2021-02-24,Sao Paulo,-23.550520000000002,-46.633309000000004,24.365416666666675,64.625,16.27,22.69
2021-02-25,Sao Paulo,-23.550520000000002,-46.633309000000004,21.781999999999996,80.44,16.81,22.36
2021-02-26,Sao Paulo,-23.550520000000002,-46.633309000000004,20.931600000000003,82.48,17.03,21.27
2021-02-27,Sao Paulo,-23.550520000000002,-46.633309000000004,21.391599999999997,82.16,16.96,20.75
2021-02-28,Sao Paulo,-23.550520000000002,-46.633309000000004,22.24791666666667,80.45833333333333,16.77,21.74
2021-03-01,Sao Paulo,-23.550520000000002,-46.633309000000004,23.202083333333334,74.54166666666667,16.88,22.02
2021-03-02,Sao Paulo,-23.550520000000002,-46.633309000000004,23.706249999999994,73.83333333333333,17.06,22.27
2021-03-03,Sao Paulo,-23.550520000000002,-46.633309000000004,24.757083333333338,63.875,19.12,22.51
2021-03-04,Sao Paulo,-23.550520000000002,-46.633309000000004,24.217500000000005,69.58333333333333,18.23,24.44
2021-03-05,Sao Paulo,-23.550520000000002,-46.633309000000004,23.03666666666666,75.41666666666667,18.83,23.65
2021-03-06,Sao Paulo,-23.550520000000002,-46.633309000000004,21.488214285714285,87.25,18.78,21.0
2021-03-07,Sao Paulo,-23.550520000000002,-46.633309000000004,21.272222222222222,85.37037037037037,17.49,21.35
2021-03-08,Sao Paulo,-23.550520000000002,-46.633309000000004,22.308333333333337,76.79166666666667,15.96,20.62
2021-03-09,Sao Paulo,-23.550520000000002,-46.633309000000004,22.670416666666668,69.16666666666667,14.99,20.61
2021-03-10,Sao Paulo,-23.550520000000002,-46.633309000000004,21.780416666666667,67.75,14.62,20.15
2021-03-11,Sao Paulo,-23.550520000000002,-46.633309000000004,22.91916666666667,72.125,16.05,20.68
2021-03-12,Sao Paulo,-23.550520000000002,-46.633309000000004,23.5788,74.64,16.85,21.45
2021-03-13,Sao Paulo,-23.550520000000002,-46.633309000000004,23.677916666666665,74.08333333333333,17.51,22.05
2021-03-14,Sao Paulo,-23.550520000000002,-46.633309000000004,24.05333333333333,71.25,17.05,21.62
2021-03-15,Sao Paulo,-23.550520000000002,-46.633309000000004,23.84708333333334,70.04166666666667,16.43,21.17
2021-03-16,Sao Paulo,-23.550520000000002,-46.633309000000004,23.609583333333333,72.125,16.8,21.56
2021-03-17,Sao Paulo,-23.550520000000002,-46.633309000000004,24.73375,66.20833333333333,16.35,21.85
2021-03-18,Sao Paulo,-23.550520000000002,-46.633309000000004,23.602800000000002,75.16,17.38,23.38
2021-03-19,Sao Paulo,-23.550520000000002,-46.633309000000004,22.673999999999996,81.0,17.69,22.0
2021-03-20,Sao Paulo,-23.550520000000002,-46.633309000000004,23.663333333333338,76.66666666666667,17.14,21.98
2021-03-21,Sao Paulo,-23.550520000000002,-46.633309000000004,24.671666666666667,68.58333333333333,17.21,22.04
2021-03-22,Sao Paulo,-23.550520000000002,-46.633309000000004,25.372083333333336,68.91666666666667,16.49,24.0
2021-03-23,Sao Paulo,-23.550520000000002,-46.633309000000004,24.25833333333333,67.83333333333333,16.65,21.68
2021-03-24,Sao Paulo,-23.550520000000002,-46.633309000000004,24.572916666666668,68.45833333333333,17.3,22.55
2021-03-25,Sao Paulo,-23.550520000000002,-46.633309000000004,23.769166666666667,69.41666666666667,17.88,21.0
2021-03-26,Sao Paulo,-23.550520000000002,-46.633309000000004,24.69083333333333,66.0,17.24,22.0
2021-03-27,Sao Paulo,-23.550520000000002,-46.633309000000004,25.29958333333333,65.375,17.46,22.93
2021-03-28,Sao Paulo,-23.550520000000002,-46.633309000000004,24.915000000000003,65.04166666666667,17.39,23.78
2021-03-29,Sao Paulo,-23.550520000000002,-46.633309000000004,24.74875,63.333333333333336,17.22,23.15
2021-03-30,Sao Paulo,-23.550520000000002,-46.633309000000004,22.785,68.66666666666667,16.67,21.33
2021-03-31,Sao Paulo,-23.550520000000002,-46.633309000000004,20.232083333333335,71.0,15.04,19.99
2021-04-01,Sao Paulo,-23.550520000000002,-46.633309000000004,19.410833333333336,67.75,12.75,18.75
2021-04-02,Sao Paulo,-23.550520000000002,-46.633309000000004,19.845,72.16666666666667,14.67,18.0
2021-04-03,Sao Paulo,-23.550520000000002,-46.633309000000004,20.055833333333332,74.25,13.47,18.97
2021-04-04,Sao Paulo,-23.550520000000002,-46.633309000000004,20.563333333333336,70.0,14.45,19.75
2021-04-05,Sao Paulo,-23.550520000000002,-46.633309000000004,20.68583333333334,70.125,14.16,20.73
2021-04-06,Sao Paulo,-23.550520000000002,-46.633309000000004,19.699166666666674,79.20833333333333,13.98,19.58
2021-04-07,Sao Paulo,-23.550520000000002,-46.633309000000004,20.216666666666665,75.20833333333333,14.34,20.47
2021-04-08,Sao Paulo,-23.550520000000002,-46.633309000000004,20.424583333333334,68.25,13.49,19.19
2021-04-09,Sao Paulo,-23.550520000000002,-46.633309000000004,20.87208333333334,66.29166666666667,12.47,19.17
2021-04-10,Sao Paulo,-23.550520000000002,-46.633309000000004,22.28041666666667,62.041666666666664,13.09,19.89
2021-04-11,Sao Paulo,-23.550520000000002,-46.633309000000004,22.666666666666668,56.416666666666664,12.63,21.11
2021-04-12,Sao Paulo,-23.550520000000002,-46.633309000000004,22.277083333333334,62.875,12.48,21.68
2021-04-13,Sao Paulo,-23.550520000000002,-46.633309000000004,19.466800000000003,77.4,15.75,20.87
2021-04-14,Sao Paulo,-23.550520000000002,-46.633309000000004,18.93583333333333,72.375,12.77,19.87
2021-04-15,Sao Paulo,-23.550520000000002,-46.633309000000004,19.659166666666668,71.375,14.19,19.64
2021-04-16,Sao Paulo,-23.550520000000002,-46.633309000000004,19.98708333333333,72.75,13.15,19.05
2021-04-17,Sao Paulo,-23.550520000000002,-46.633309000000004,21.059166666666666,68.91666666666667,14.45,19.95
2021-04-18,Sao Paulo,-23.550520000000002,-46.633309000000004,19.72416666666667,81.375,15.69,19.57
2021-04-19,Sao Paulo,-23.550520000000002,-46.633309000000004,18.526,80.68,15.53,19.05
2021-04-20,Sao Paulo,-23.550520000000002,-46.633309000000004,18.330000000000002,77.25,14.31,18.35
2021-04-21,Sao Paulo,-23.550520000000002,-46.633309000000004,18.175833333333333,77.16666666666667,13.89,18.31
2021-04-22,Sao Paulo,-23.550520000000002,-46.633309000000004,17.482307692307693,81.38461538461539,13.93,18.3
2021-04-23,Sao Paulo,-23.550520000000002,-46.633309000000004,17.812083333333337,75.33333333333333,11.0,17.46
2021-04-24,Sao Paulo,-23.550520000000002,-46.633309000000004,19.737916666666667,67.04166666666667,11.77,18.0
2021-04-25,Sao Paulo,-23.550520000000002,-46.633309000000004,20.69625,72.04166666666667,13.14,19.04
2021-04-26,Sao Paulo,-23.550520000000002,-46.633309000000004,20.449166666666667,76.625,15.35,19.41
2021-04-27,Sao Paulo,-23.550520000000002,-46.633309000000004,19.178749999999997,78.875,13.89,19.45
2021-04-28,Sao Paulo,-23.550520000000002,-46.633309000000004,18.619999999999997,72.375,13.89,18.38
2021-04-29,Sao Paulo,-23.550520000000002,-46.633309000000004,17.284583333333334,73.95833333333333,12.81,17.21
2021-04-30,Sao Paulo,-23.550520000000002,-46.633309000000004,17.652916666666666,72.33333333333333,12.79,18.8
2021-05-01,Sao Paulo,-23.550520000000002,-46.633309000000004,17.839583333333334,73.0,11.32,17.12
2021-05-02,Sao Paulo,-23.550520000000002,-46.633309000000004,18.733749999999997,70.16666666666667,12.01,17.22
2021-05-03,Sao Paulo,-23.550520000000002,-46.633309000000004,18.762083333333333,76.70833333333333,11.47,17.27
2021-05-04,Sao Paulo,-23.550520000000002,-46.633309000000004,20.17375,68.08333333333333,11.67,17.85
2021-05-05,Sao Paulo,-23.550520000000002,-46.633309000000004,20.865000000000006,64.95833333333333,11.87,20.56
2021-05-06,Sao Paulo,-23.550520000000002,-46.633309000000004,21.092916666666664,66.20833333333333,12.64,19.04
2021-05-07,Sao Paulo,-23.550520000000002,-46.633309000000004,17.23875,79.91666666666667,14.89,18.09
2021-05-08,Sao Paulo,-23.550520000000002,-46.633309000000004,16.669999999999998,77.29166666666667,12.71,17.81
2021-05-09,Sao Paulo,-23.550520000000002,-46.633309000000004,17.67875,74.375,12.25,17.35
2021-05-10,Sao Paulo,-23.550520000000002,-46.633309000000004,18.24833333333333,70.08333333333333,13.18,17.04
2021-05-11,Sao Paulo,-23.550520000000002,-46.633309000000004,18.977500000000003,70.83333333333333,11.42,17.32
2021-05-12,Sao Paulo,-23.550520000000002,-46.633309000000004,17.551153846153845,79.11538461538461,11.94,17.34
2021-05-13,Sao Paulo,-23.550520000000002,-46.633309000000004,15.758571428571429,84.46428571428571,11.67,17.06
2021-05-14,Sao Paulo,-23.550520000000002,-46.633309000000004,16.57708333333333,74.25,12.0,14.0
2021-05-15,Sao Paulo,-23.550520000000002,-46.633309000000004,17.3225,77.08333333333333,12.72,17.79
2021-05-16,Sao Paulo,-23.550520000000002,-46.633309000000004,17.96666666666667,75.66666666666667,11.46,18.12
