Reported_Date,City,daily_temp,daily_humidity,mavg_7_temp,mavg_7_humidity,mavg_15_temp,mavg_15_humidity
2020-01-01,New York,4.07,60.71,,,,
2020-01-02,New York,3.26,58.62,,,,
2020-01-03,New York,7.42,78.12,,,,
2020-01-04,New York,8.63,94.88,,,,
2020-01-05,New York,4.92,59.67,,,,
2020-01-06,New York,2.7,67.04,,,,
2020-01-07,New York,4.41,51.67,,,,
2020-01-08,New York,2.37,67.79,5.058571428571429,67.24428571428572,,
2020-01-09,New York,-1.83,45.54,4.815714285714286,68.25571428571429,,
2020-01-10,New York,3.99,67.29,4.088571428571429,66.38714285714286,,
2020-01-11,New York,12.98,72.46,3.5985714285714288,64.84,,
2020-01-12,New York,16.91,66.38,4.220000000000001,61.63714285714286,,
2020-01-13,New York,6.19,66.04,5.932857142857143,62.59571428571429,,
2020-01-14,New York,5.18,81.96,6.431428571428571,62.452857142857134,,
2020-01-15,New York,7.21,76.75,6.541428571428571,66.78,,
2020-01-16,New York,6.97,71.04,7.232857142857143,68.06,5.894,67.66133333333333
2020-01-17,New York,-1.48,40.42,8.49,71.70285714285714,6.0873333333333335,68.35
2020-01-18,New York,-4.42,56.04,7.708571428571429,67.86428571428571,5.771333333333334,67.13666666666667
2020-01-19,New York,3.39,76.44,5.222857142857143,65.51857142857143,4.982,65.66466666666666
2020-01-20,New York,-2.58,45.25,3.2914285714285714,66.95571428571428,4.632666666666667,64.43533333333333
2020-01-21,New York,-3.47,46.88,2.0385714285714287,63.98571428571428,4.132666666666667,63.474000000000004
2020-01-22,New York,-1.12,54.21,0.8028571428571427,58.97428571428571,3.7213333333333334,62.13
2020-01-23,New York,1.97,59.67,-0.3871428571428571,55.75428571428571,3.3526666666666665,62.29933333333334
2020-01-24,New York,4.68,57.88,-1.1014285714285714,54.13,3.326,61.758
2020-01-25,New York,5.69,79.38,-0.22142857142857153,56.62428571428571,3.76,62.580666666666666
2020-01-26,New York,5.55,75.75,1.2228571428571426,59.95857142857143,3.873333333333333,63.38666666666666
2020-01-27,New York,4.42,63.42,1.5314285714285714,59.86,3.378,63.606
2020-01-28,New York,4.47,55.88,2.531428571428571,62.455714285714286,2.5453333333333337,63.408666666666676
2020-01-29,New York,2.69,49.5,3.665714285714285,63.74142857142857,2.4306666666666668,62.73133333333333
2020-01-30,New York,-0.49,49.83,4.21,63.06857142857143,2.2646666666666664,60.56733333333334
2020-01-31,New York,2.23,71.88,3.858571428571428,61.66285714285715,1.751333333333333,58.772666666666666
2020-02-01,New York,4.19,85.88,3.5085714285714285,63.66285714285714,1.4353333333333331,58.82866666666666
2020-02-02,New York,3.97,76.32,3.294285714285714,64.59142857142857,1.8133333333333332,61.85933333333333
2020-02-03,New York,6.07,76.12,3.068571428571428,64.67285714285715,2.3726666666666665,63.211333333333336
2020-02-04,New York,8.35,71.62,3.3042857142857147,66.48714285714286,2.551333333333333,63.190000000000005
2020-02-05,New York,6.99,69.79,3.858571428571429,68.73571428571428,3.2800000000000002,64.94800000000001
2020-02-06,New York,4.28,81.67,4.472857142857143,71.63428571428571,3.9773333333333336,66.47533333333334
2020-02-07,New York,5.37,89.38,5.154285714285715,76.18285714285715,4.3373333333333335,68.306
2020-02-08,New York,1.57,51.92,5.602857142857142,78.68285714285715,4.564000000000001,70.28666666666666
2020-02-09,New York,2.28,65.92,5.228571428571429,73.83142857142856,4.3566666666666665,69.88933333333333
2020-02-10,New York,5.98,76.25,4.9871428571428575,72.3457142857143,4.129333333333333,68.992
2020-02-11,New York,7.13,94.54,4.974285714285714,72.36428571428573,4.1579999999999995,69.02533333333334
2020-02-12,New York,5.98,56.62,4.8,75.63857142857144,4.338666666666667,71.1
2020-02-13,New York,4.23,86.67,4.655714285714285,73.75714285714287,4.439333333333334,71.14933333333333
2020-02-14,New York,1.42,54.29,4.648571428571429,74.47142857142856,4.542,73.62733333333333
2020-02-15,New York,-5.86,49.29,4.0842857142857145,69.45857142857143,4.6693333333333324,73.92466666666668
2020-02-16,New York,0.99,66.42,3.0228571428571427,69.08285714285714,4.13,72.41866666666667
2020-02-17,New York,5.48,53.0,2.8385714285714285,69.1542857142857,3.9166666666666665,71.12133333333334
2020-02-18,New York,5.43,67.29,2.7671428571428573,65.83285714285715,4.017333333333334,69.56666666666666
2020-02-19,New York,6.72,56.54,2.5242857142857145,61.940000000000005,3.974666666666667,68.97800000000001
2020-02-20,New York,0.69,43.58,2.63,61.92857142857143,3.866,67.97266666666667
2020-02-21,New York,-2.29,40.88,2.1242857142857146,55.77285714285715,3.4459999999999997,66.22533333333334
2020-02-22,New York,2.56,39.54,1.594285714285714,53.857142857142854,3.008,63.506
2020-02-23,New York,6.25,35.38,2.7971428571428567,52.464285714285715,2.820666666666667,60.183333333333344
2020-02-24,New York,7.8,48.92,3.548571428571429,48.03000000000001,3.1326666666666667,59.080666666666666
2020-02-25,New York,8.67,76.96,3.8799999999999994,47.44714285714286,3.5006666666666666,57.94733333333333
2020-02-26,New York,7.75,93.25,4.3428571428571425,48.82857142857142,3.68,57.994666666666674
2020-02-27,New York,5.8,72.92,4.49,54.07285714285714,3.7213333333333334,57.90866666666667
2020-02-28,New York,1.09,45.76,5.22,58.26428571428571,3.7093333333333334,58.99533333333333
2020-02-29,New York,0.4,44.08,5.702857142857143,58.96142857142856,3.5,56.268
2020-03-01,New York,-0.1,45.71,5.394285714285714,59.61000000000001,3.432,55.58733333333334
2020-03-02,New York,6.61,52.25,4.4871428571428575,61.08571428571428,3.8160000000000003,55.34866666666667
2020-03-03,New York,11.27,70.72,4.317142857142858,61.56142857142857,4.190666666666667,54.403999999999996
2020-03-04,New York,10.21,58.76,4.688571428571429,60.67000000000001,4.576666666666667,55.58533333333333
2020-03-05,New York,7.84,48.25,5.04,55.74285714285715,4.895333333333334,55.016666666666666
2020-03-06,New York,5.15,77.19,5.331428571428572,52.21857142857143,4.97,54.46399999999999
2020-03-07,New York,4.51,59.54,5.911428571428572,56.70857142857143,5.267333333333334,56.70466666666667
2020-03-08,New York,6.38,37.08,6.498571428571428,58.91714285714285,5.720666666666667,57.94866666666667
2020-03-09,New York,12.35,36.33,7.424285714285714,57.68428571428571,5.975333333333334,57.784666666666666
2020-03-10,New York,14.87,48.21,8.244285714285715,55.410000000000004,6.382000000000001,57.84799999999999
2020-03-11,New York,11.42,54.38,8.758571428571427,52.194285714285705,6.8533333333333335,57.800666666666665
2020-03-12,New York,7.59,61.71,8.93142857142857,51.568571428571424,7.036666666666666,56.29533333333333
2020-03-13,New York,11.84,81.48,8.895714285714286,53.491428571428564,7.026000000000001,54.19266666666667
2020-03-14,New York,10.22,33.46,9.851428571428572,54.104285714285716,7.4286666666666665,54.763333333333335
2020-03-15,New York,8.44,39.46,10.667142857142858,50.37857142857143,8.037333333333333,53.943333333333335
2020-03-16,New York,4.49,43.0,10.961428571428572,50.71857142857143,8.573333333333332,53.63533333333333
2020-03-17,New York,7.22,78.04,9.838571428571427,51.67142857142857,8.879333333333333,53.45466666666666
2020-03-18,New York,8.53,52.33,8.745714285714286,55.932857142857145,8.919999999999998,55.17399999999999
2020-03-19,New York,7.36,82.41,8.332857142857142,55.64,8.737333333333334,53.948
2020-03-20,New York,12.33,83.17,8.299999999999999,58.59714285714285,8.547333333333333,55.52466666666667
2020-03-21,New York,11.95,44.62,8.370000000000001,58.83857142857143,8.846666666666666,57.85266666666667
2020-03-22,New York,4.13,36.67,8.617142857142857,60.43285714285714,9.3,55.681333333333335
2020-03-23,New York,3.63,80.72,8.001428571428571,60.034285714285716,9.274666666666667,54.156666666666666
2020-03-24,New York,6.22,70.75,7.878571428571428,65.42285714285715,9.091333333333333,57.066
2020-03-25,New York,6.35,71.75,7.735714285714286,64.38142857142857,8.682666666666668,59.360666666666674
2020-03-26,New York,7.18,61.58,7.424285714285714,67.1557142857143,8.114666666666666,60.93
2020-03-27,New York,12.93,58.38,7.398571428571429,64.18,7.831999999999999,61.41
2020-03-28,New York,9.76,59.32,7.484285714285713,60.63857142857143,8.187999999999999,61.187999999999995
2020-03-29,New York,7.92,92.83,7.171428571428571,62.73857142857143,8.049333333333333,59.71066666666666
2020-03-30,New York,7.89,86.29,7.712857142857142,70.76142857142857,7.896,63.668666666666674
2020-03-31,New York,6.67,81.88,8.321428571428571,71.55714285714286,7.859333333333334,66.79066666666667
2020-04-01,New York,7.19,60.25,8.385714285714286,73.14714285714285,8.004666666666667,69.38266666666667
2020-04-02,New York,8.88,45.58,8.505714285714285,71.50428571428571,8.002666666666666,68.19666666666667
2020-04-03,New York,9.86,60.88,8.748571428571429,69.21857142857142,8.026,67.74666666666667
2020-04-04,New York,10.71,72.04,8.31,69.57571428571428,8.192666666666666,66.31133333333334
2020-04-05,New York,10.81,76.21,8.445714285714287,71.39285714285714,8.084666666666667,65.56933333333333
2020-04-06,New York,12.84,61.5,8.858571428571429,69.01857142857143,8.008666666666667,67.67533333333333
2020-04-07,New York,13.93,35.54,9.565714285714288,65.47714285714285,8.589333333333334,69.33066666666667
2020-04-08,New York,14.0,67.75,10.602857142857143,58.857142857142854,9.276000000000002,66.31866666666666
2020-04-09,New York,10.93,76.96,11.575714285714286,59.92857142857143,9.794666666666668,66.11866666666667
2020-04-10,New York,6.9,53.54,11.86857142857143,64.41142857142857,10.1,66.466
2020-04-11,New York,7.62,39.04,11.445714285714287,63.362857142857145,10.081333333333333,65.93
2020-04-12,New York,10.67,48.96,11.004285714285714,58.64857142857142,9.727333333333332,64.64066666666666
2020-04-13,New York,14.32,88.31,10.984285714285715,54.75571428571429,9.788,63.95
2020-04-14,New York,12.49,49.67,11.195714285714287,58.58571428571429,10.214666666666666,63.64866666666667
2020-04-15,New York,8.79,44.67,10.99,60.604285714285716,10.521333333333333,61.20733333333333
2020-04-16,New York,7.69,39.0,10.245714285714286,57.30714285714286,10.662666666666667,58.72666666666667
2020-04-17,New York,5.62,48.58,9.782857142857143,51.884285714285724,10.696,57.309999999999995
2020-04-18,New York,6.64,82.36,9.6,51.175714285714285,10.478666666666667,57.51
2020-04-19,New York,9.08,51.79,9.459999999999999,57.36428571428572,10.264000000000001,58.942
2020-04-20,New York,11.78,46.96,9.232857142857142,57.76857142857143,10.155333333333335,57.592
2020-04-21,New York,10.2,66.56,8.870000000000001,51.86142857142857,10.22,55.642
2020-04-22,New York,6.25,37.42,8.542857142857143,54.27428571428571,10.044,55.97933333333333
2020-04-23,New York,6.89,37.79,8.18,53.23857142857143,9.532,56.10466666666667
2020-04-24,New York,7.35,85.29,8.065714285714284,53.065714285714286,9.057999999999998,54.10733333333334
2020-04-25,New York,10.68,70.42,8.312857142857142,58.309999999999995,8.819333333333333,54.66266666666666
2020-04-26,New York,9.08,75.74,8.889999999999999,56.60428571428571,9.071333333333333,55.788000000000004
2020-04-27,New York,6.84,78.69,8.889999999999999,60.02571428571429,9.168666666666667,58.23466666666666
2020-04-28,New York,10.25,57.79,8.184285714285714,64.55857142857143,8.913333333333332,60.21666666666667
2020-04-29,New York,10.78,74.04,8.191428571428572,63.305714285714295,8.642,58.182
2020-04-30,New York,11.9,84.81,8.838571428571429,68.53714285714285,8.527999999999999,59.806666666666665
2020-05-01,New York,13.85,88.7,9.554285714285713,75.25428571428571,8.735333333333333,62.48266666666667
2020-05-02,New York,16.6,47.75,10.482857142857142,75.74142857142859,9.145999999999999,65.796
2020-05-03,New York,18.88,55.46,11.328571428571427,72.50285714285715,9.877999999999998,65.74066666666667
2020-05-04,New York,18.86,45.0,12.728571428571428,69.60571428571428,10.693999999999999,63.94733333333333
2020-05-05,New York,11.8,39.54,14.445714285714287,64.79285714285714,11.346,63.494666666666674
2020-05-06,New York,10.57,59.29,14.667142857142858,62.18571428571429,11.347333333333331,63.0
2020-05-07,New York,12.03,54.04,14.637142857142857,60.07857142857142,11.371999999999998,62.51533333333334
2020-05-08,New York,11.26,48.79,14.655714285714286,55.682857142857145,11.757333333333332,63.62333333333333
2020-05-09,New York,5.15,58.58,14.285714285714286,49.98142857142857,12.048666666666668,64.35666666666667
2020-05-10,New York,9.42,44.42,12.65,51.528571428571425,11.902,62.576
2020-05-11,New York,12.26,59.88,11.298571428571426,49.95142857142857,11.818000000000001,60.842666666666666
2020-05-12,New York,10.31,44.58,10.355714285714285,52.07714285714286,12.03,59.78533333333334
2020-05-13,New York,11.29,36.33,10.142857142857142,52.79714285714285,12.261333333333333,57.51133333333334
2020-05-14,New York,13.29,49.38,10.245714285714286,49.51714285714286,12.330666666666666,56.080666666666666
2020-05-15,New York,20.42,64.29,10.425714285714287,48.85142857142857,12.498,54.43666666666666
2020-05-16,New York,21.88,57.04,11.734285714285715,51.065714285714286,13.065999999999999,53.068666666666665
2020-05-17,New York,16.0,58.54,14.124285714285715,50.84571428571429,13.601333333333333,50.958
2020-05-18,New York,15.34,61.62,15.064285714285715,52.86285714285714,13.561333333333332,51.67733333333333
2020-05-19,New York,15.82,51.0,15.504285714285714,53.11142857142857,13.325333333333333,52.087999999999994
2020-05-20,New York,13.64,47.46,16.291428571428572,54.028571428571425,13.122666666666666,52.48799999999999
2020-05-21,New York,12.87,60.62,16.627142857142857,55.618571428571435,13.245333333333333,53.016
2020-05-22,New York,16.64,74.44,16.56714285714286,57.22428571428571,13.398666666666667,53.10466666666667
2020-05-23,New York,17.19,91.86,16.027142857142856,58.674285714285716,13.706,54.46466666666666
2020-05-24,New York,14.67,65.12,15.357142857142858,63.64857142857142,14.101333333333333,57.336
2020-05-25,New York,16.24,75.71,15.167142857142858,64.58857142857143,14.735999999999999,57.772000000000006
2020-05-26,New York,18.04,81.88,15.295714285714284,66.60142857142857,15.190666666666667,59.858
2020-05-27,New York,18.79,80.5,15.612857142857143,71.01285714285714,15.576,61.324666666666666
2020-05-28,New York,19.75,86.54,16.34857142857143,75.73285714285714,16.141333333333332,63.71933333333333
2020-05-29,New York,22.15,82.29,17.33142857142857,79.4357142857143,16.705333333333332,67.06666666666666
2020-05-30,New York,22.93,65.38,18.11857142857143,80.55714285714285,17.296,69.26066666666667
2020-05-31,New York,19.1,42.17,18.93857142857143,76.77428571428572,17.46333333333333,69.33333333333333
2020-06-01,New York,16.04,40.38,19.571428571428573,73.49571428571429,17.278000000000002,68.342
2020-06-02,New York,18.56,47.25,19.54285714285714,68.44857142857143,17.28066666666667,67.13133333333333
2020-06-03,New York,20.53,70.73,19.617142857142856,63.50142857142857,17.495333333333335,66.17333333333333
2020-06-04,New York,23.69,70.21,19.865714285714287,62.105714285714285,17.80933333333333,67.48866666666667
2020-06-05,New York,22.86,79.64,20.428571428571427,59.77285714285715,18.479333333333333,69.00533333333333
2020-06-06,New York,24.5,80.4,20.53,59.394285714285715,19.145333333333333,70.27333333333333
2020-06-07,New York,22.34,42.96,20.754285714285714,61.54,19.669333333333334,70.67066666666666
2020-06-08,New York,21.09,42.75,21.217142857142857,61.652857142857144,20.012666666666668,67.41066666666667
2020-06-09,New York,23.99,52.79,21.93857142857143,61.99142857142857,20.44066666666667,65.91933333333333
2020-06-10,New York,25.38,62.21,22.714285714285715,62.78285714285715,20.95733333333333,64.39133333333334
2020-06-11,New York,23.78,81.63,23.407142857142855,61.565714285714286,21.44666666666667,63.08
2020-06-12,New York,24.78,63.62,23.419999999999998,63.19714285714286,21.779333333333334,63.15533333333333
2020-06-13,New York,21.16,44.25,23.694285714285712,60.90857142857143,22.11466666666667,61.62733333333333
2020-06-14,New York,17.75,47.21,23.217142857142854,55.744285714285716,22.04866666666667,59.091333333333324
2020-06-15,New York,19.01,59.46,22.561428571428568,56.35142857142857,21.703333333333333,57.88
2020-06-16,New York,19.57,59.79,22.264285714285712,58.73857142857143,21.697333333333333,59.032666666666664
2020-06-17,New York,20.13,65.17,21.632857142857144,59.738571428571426,21.932666666666663,60.32666666666667
2020-06-18,New York,20.51,82.33,20.882857142857144,60.16142857142857,22.037333333333333,61.52133333333333
2020-06-19,New York,22.07,78.96,20.41571428571429,60.26142857142857,22.036,62.294666666666664
2020-06-20,New York,24.01,71.67,20.028571428571432,62.452857142857134,21.928,62.87800000000001
2020-06-21,New York,24.48,71.12,20.435714285714287,66.36999999999999,22.004666666666665,62.346666666666664
2020-06-22,New York,26.32,68.12,21.397142857142857,69.78571428571429,22.003333333333334,61.727999999999994
2020-06-23,New York,26.12,69.38,22.44142857142857,71.02285714285713,22.268666666666668,63.40533333333334
2020-06-24,New York,26.12,66.0,23.377142857142854,72.39285714285714,22.604,65.18066666666667
2020-06-25,New York,25.58,49.88,24.232857142857142,72.51142857142857,22.746000000000002,66.06133333333334
2020-06-26,New York,25.04,60.33,24.957142857142856,67.87571428571428,22.759333333333338,65.23933333333333
2020-06-27,New York,24.64,65.67,25.381428571428575,65.21428571428571,22.84333333333333,63.81933333333334
2020-06-28,New York,26.19,75.76,25.471428571428568,64.35714285714286,22.834000000000003,63.956
2020-06-29,New York,25.4,68.12,25.715714285714284,65.02000000000001,23.169333333333334,66.05666666666667
2020-06-30,New York,22.82,72.83,25.584285714285716,65.02000000000001,23.679333333333332,67.45066666666666
2020-07-01,New York,22.59,77.92,25.11285714285714,65.51285714285714,23.933333333333334,68.34200000000001
2020-07-02,New York,25.68,66.79,24.608571428571427,67.2157142857143,24.134666666666668,69.55066666666667
2020-07-03,New York,28.53,56.46,24.622857142857146,69.63142857142859,24.50466666666667,69.65866666666666
2020-07-04,New York,23.95,77.33,25.12142857142857,69.07857142857144,25.03933333333333,67.934
2020-07-05,New York,26.41,69.88,25.02285714285714,70.74428571428571,25.164666666666665,67.82533333333333
2020-07-06,New York,27.23,65.12,25.054285714285715,69.9042857142857,25.324666666666666,67.706
2020-07-07,New York,24.08,79.75,25.315714285714286,69.47571428571429,25.508,67.306
2020-07-08,New York,25.81,80.0,25.495714285714286,70.46428571428571,25.358666666666668,68.08133333333333
2020-07-09,New York,26.52,76.83,25.955714285714286,70.76142857142857,25.338,68.78933333333335
2020-07-10,New York,24.25,89.7,26.075714285714287,72.19571428571427,25.364666666666665,69.51133333333334
2020-07-11,New York,25.17,84.72,25.464285714285715,76.94428571428571,25.276,72.166
2020-07-12,New York,26.59,65.08,25.638571428571428,78.0,25.28466666666667,73.792
2020-07-13,New York,26.85,61.83,25.664285714285715,77.31428571428572,25.414666666666665,73.75266666666667
2020-07-14,New York,26.15,54.29,25.609999999999996,76.8442857142857,25.458666666666666,72.824
2020-07-15,New York,24.63,66.92,25.905714285714286,73.20714285714287,25.508666666666667,71.902
2020-07-16,New York,22.99,67.83,25.737142857142857,71.33857142857143,25.62933333333333,71.508
2020-07-17,New York,23.42,74.96,25.232857142857142,70.05285714285715,25.656,70.83533333333334
2020-07-18,New York,27.52,66.58,25.114285714285717,67.94714285714285,25.505333333333333,71.38000000000001
2020-07-19,New York,29.01,65.5,25.45,65.35571428571428,25.438,72.05466666666666
2020-07-20,New York,30.42,65.38,25.795714285714286,65.41571428571429,25.775333333333332,71.266
2020-07-21,New York,29.63,52.04,26.305714285714284,65.92285714285715,26.042666666666666,70.966
2020-07-22,New York,28.21,73.73,26.802857142857142,65.60142857142857,26.202666666666666,70.09400000000001
2020-07-23,New York,25.79,83.23,27.314285714285717,66.57428571428571,26.478,69.69266666666665
2020-07-24,New York,25.28,82.58,27.714285714285715,68.77428571428571,26.476666666666667,69.90799999999999
2020-07-25,New York,26.5,74.83,27.979999999999997,69.86285714285715,26.394000000000002,70.29133333333333
2020-07-26,New York,28.97,65.21,27.834285714285716,71.04142857142857,26.544,69.3
2020-07-27,New York,29.99,52.71,27.828571428571426,71.0,26.79733333333333,67.99933333333334
2020-07-28,New York,30.42,61.88,27.767142857142858,69.19,27.024,67.17466666666665
2020-07-29,New York,28.59,61.21,27.88,70.5957142857143,27.262,67.17800000000001
2020-07-30,New York,28.83,57.46,27.934285714285714,68.80714285714285,27.424666666666667,67.63933333333333
2020-07-31,New York,24.91,78.11,28.368571428571432,65.12571428571428,27.704666666666665,67.00866666666667
2020-08-01,New York,26.23,68.96,28.315714285714286,64.48714285714286,27.832666666666668,67.694
2020-08-02,New York,27.31,73.83,28.277142857142856,63.64857142857143,28.02,67.294
2020-08-03,New York,28.72,62.79,28.04,64.88000000000001,28.006000000000004,67.77733333333333
2020-08-04,New York,24.85,80.97,27.858571428571427,66.32000000000001,27.986666666666668,67.59666666666666
2020-08-05,New York,26.46,66.67,27.062857142857144,69.04714285714286,27.615333333333336,68.636
2020-08-06,New York,24.69,60.29,26.75857142857143,69.82714285714286,27.404,69.61133333333333
2020-08-07,New York,23.52,68.88,26.167142857142856,70.23142857142857,27.16933333333333,68.71533333333333
2020-08-08,New York,23.79,79.4,25.96857142857143,68.91285714285713,27.017999999999997,67.75866666666667
2020-08-09,New York,25.42,77.17,25.62,70.4042857142857,26.918666666666663,67.54666666666667
2020-08-10,New York,28.03,72.75,25.349999999999998,70.88142857142857,26.846666666666668,67.70266666666666
2020-08-11,New York,27.83,73.08,25.25142857142857,72.30428571428571,26.784,68.20533333333333
2020-08-12,New York,27.52,76.85,25.677142857142858,71.17714285714285,26.64,69.56333333333333
2020-08-13,New York,25.47,81.73,25.82857142857143,72.63142857142857,26.446666666666665,70.56133333333332
2020-08-14,New York,26.02,68.42,25.94,75.69428571428571,26.238666666666667,71.92933333333333
2020-08-15,New York,25.1,56.71,26.297142857142855,75.62857142857145,26.051333333333336,72.66000000000001
2020-08-16,New York,21.26,78.88,26.48428571428571,72.38714285714285,26.064,71.23333333333333
2020-08-17,New York,21.91,70.58,25.889999999999997,72.63142857142857,25.732666666666667,71.89466666666667
2020-08-18,New York,23.05,72.69,25.015714285714285,72.32142857142857,25.372666666666664,71.67800000000001
2020-08-19,New York,22.46,72.4,24.332857142857144,72.26571428571428,24.994666666666667,72.338
2020-08-20,New York,22.38,57.62,23.609999999999996,71.63,24.83533333333333,71.76666666666667
2020-08-21,New York,24.09,65.88,23.16857142857143,68.18571428571428,24.563333333333333,71.16333333333334
2020-08-22,New York,26.52,72.79,22.892857142857142,67.82285714285715,24.523333333333333,71.536
2020-08-23,New York,26.12,74.21,23.095714285714283,70.12,24.723333333333336,71.79666666666667
2020-08-24,New York,27.37,71.71,23.79,69.45285714285714,24.878666666666668,71.45066666666666
2020-08-25,New York,27.79,65.38,24.57,69.61428571428571,25.008666666666667,71.08666666666666
2020-08-26,New York,23.51,51.0,25.247142857142855,68.57,24.99266666666667,70.59533333333334
2020-08-27,New York,25.66,60.12,25.397142857142857,65.51285714285714,24.704666666666665,69.12333333333332
2020-08-28,New York,25.57,72.04,25.865714285714287,65.86999999999999,24.580666666666666,68.008
2020-08-29,New York,24.21,85.79,26.07714285714286,66.75,24.587333333333337,67.362
2020-08-30,New York,23.62,58.29,25.747142857142858,68.60714285714286,24.466666666666665,68.52
2020-08-31,New York,21.32,55.62,25.389999999999997,66.33285714285714,24.368000000000002,68.62533333333333
2020-09-01,New York,22.28,75.04,24.525714285714287,64.03428571428572,24.372,67.07466666666667
2020-09-02,New York,23.15,84.22,23.73857142857143,65.41428571428573,24.396666666666665,67.372
2020-09-03,New York,25.88,68.96,23.687142857142856,70.16,24.403333333333332,68.14066666666666
2020-09-04,New York,24.78,75.85,23.718571428571426,71.42285714285715,24.631333333333334,67.91133333333333
2020-09-05,New York,23.1,46.83,23.60571428571429,71.96714285714286,24.791333333333334,69.12666666666668
2020-09-06,New York,22.88,60.67,23.44714285714286,66.40142857142857,24.72533333333333,67.85666666666667
2020-09-07,New York,23.0,66.79,23.341428571428573,66.74142857142857,24.482666666666667,67.04866666666666
2020-09-08,New York,23.53,72.04,23.58142857142857,68.33714285714287,24.27466666666667,66.554
2020-09-09,New York,23.21,82.46,23.759999999999998,67.90857142857143,24.018666666666668,66.576
2020-09-10,New York,24.53,87.37,23.76857142857143,67.65714285714286,23.71333333333333,67.71466666666667
2020-09-11,New York,23.29,77.71,23.575714285714287,70.28714285714285,23.781333333333333,70.13933333333333
2020-09-12,New York,19.25,64.58,23.36285714285714,70.55285714285715,23.623333333333335,71.312
2020-09-13,New York,20.13,73.62,22.812857142857144,73.08857142857143,23.201999999999998,70.81466666666667
2020-09-14,New York,22.39,64.58,22.419999999999998,74.93857142857144,22.93,70.00333333333333
2020-09-15,New York,15.96,51.62,22.33285714285714,74.62285714285714,22.848,70.42266666666666
2020-09-16,New York,17.62,64.92,21.25142857142857,71.70571428571428,22.490666666666666,70.15599999999999
2020-09-17,New York,20.32,74.33,20.452857142857145,69.2,22.180000000000003,69.48133333333334
2020-09-18,New York,19.52,68.08,19.851428571428574,67.33714285714287,21.991333333333333,68.82199999999999
2020-09-19,New York,14.24,37.38,19.312857142857144,65.96142857142857,21.567333333333334,68.76333333333334
2020-09-20,New York,13.66,37.88,18.59714285714286,62.075714285714284,20.86466666666667,66.19866666666667
2020-09-21,New York,13.89,44.62,17.672857142857143,56.96999999999999,20.235333333333337,65.602
2020-09-22,New York,15.59,45.83,16.458571428571428,54.11857142857143,19.636000000000003,64.532
2020-09-23,New York,19.84,48.08,16.405714285714286,53.29142857142857,19.142,63.134666666666675
2020-09-24,New York,20.7,60.17,16.722857142857144,50.88571428571429,18.896,61.53733333333333
2020-09-25,New York,20.44,72.79,16.777142857142856,48.86285714285714,18.728666666666665,60.05133333333333
2020-09-26,New York,20.32,77.54,16.908571428571427,49.535714285714285,18.456000000000003,59.07933333333334
2020-09-27,New York,21.77,82.0,17.777142857142856,55.27285714285715,18.258,59.068
2020-09-28,New York,22.36,85.42,18.935714285714283,61.57571428571429,18.426,60.22933333333333
2020-09-29,New York,21.28,85.08,20.145714285714284,67.40428571428572,18.574666666666666,61.016
2020-09-30,New York,19.8,77.69,20.958571428571428,73.01142857142858,18.50066666666667,62.382666666666665
2020-10-01,New York,18.52,62.58,20.952857142857145,77.24142857142856,18.756666666666664,64.12066666666666
2020-10-02,New York,16.42,63.0,20.641428571428573,77.58571428571429,18.816666666666666,63.964666666666666
2020-10-03,New York,15.43,54.25,20.06714285714286,76.18714285714285,18.556666666666665,63.20933333333334
2020-10-04,New York,15.29,59.54,19.368571428571432,72.86,18.284,62.28733333333333
2020-10-05,New York,16.24,63.92,18.442857142857143,69.65142857142857,18.354,63.76466666666667
2020-10-06,New York,17.06,68.71,17.568571428571428,66.58,18.526,65.50066666666666
2020-10-07,New York,18.63,65.33,16.965714285714284,64.24142857142856,18.737333333333332,67.10666666666667
2020-10-08,New York,15.99,48.83,16.798571428571428,62.47571428571428,18.94,68.40666666666667
2020-10-09,New York,15.16,51.29,16.437142857142856,60.51142857142857,18.683333333333334,68.45666666666666
2020-10-10,New York,17.86,66.46,16.257142857142856,58.83857142857143,18.314,67.86466666666666
2020-10-11,New York,18.48,73.12,16.604285714285712,60.582857142857144,18.142,67.44266666666667
2020-10-12,New York,12.36,84.74,17.06,62.52285714285714,18.019333333333336,67.148
2020-10-13,New York,13.42,90.94,16.505714285714287,65.49714285714286,17.392,67.33066666666667
2020-10-14,New York,15.27,63.67,15.985714285714286,68.67285714285714,16.796,67.69866666666665
2020-10-15,New York,17.58,64.29,15.505714285714287,68.43571428571428,16.395333333333333,66.27133333333333
2020-10-16,New York,14.8,87.86,15.732857142857142,70.64428571428572,16.247333333333334,65.378
2020-10-17,New York,11.27,65.38,15.68142857142857,75.86857142857141,15.999333333333334,67.06333333333333
2020-10-18,New York,12.62,59.83,14.74,75.71428571428571,15.655999999999999,67.22200000000001
2020-10-19,New York,14.87,71.58,13.902857142857142,73.8157142857143,15.468666666666666,67.594
2020-10-20,New York,17.01,84.52,14.26142857142857,71.93571428571428,15.440666666666665,68.39666666666668
2020-10-21,New York,17.7,91.64,14.774285714285712,71.01857142857143,15.491999999999999,69.77
2020-10-22,New York,18.53,92.12,15.12142857142857,75.01428571428572,15.534666666666668,71.29866666666666
2020-10-23,New York,18.05,90.04,15.257142857142856,78.99000000000001,15.527999999999999,73.08466666666666
2020-10-24,New York,17.71,83.04,15.721428571428573,79.30142857142857,15.665333333333335,75.83200000000001
2020-10-25,New York,9.81,58.21,16.64142857142857,81.82428571428571,15.835333333333333,77.94866666666667
2020-10-26,New York,12.07,89.41,16.240000000000002,81.59285714285714,15.298666666666666,77.39866666666666
2020-10-27,New York,13.86,82.71,15.84,84.14,14.871333333333332,78.48466666666667
2020-10-28,New York,12.32,82.53,15.39,83.88142857142857,14.971333333333332,78.34933333333333
2020-10-29,New York,11.23,87.19,14.621428571428572,82.58000000000001,14.898,77.78866666666666
2020-10-30,New York,6.12,88.88,13.578571428571431,81.87571428571428,14.628666666666668,79.35666666666667
2020-10-31,New York,4.07,71.04,11.874285714285714,81.71000000000001,13.864666666666666,80.996
2020-11-01,New York,9.26,70.42,9.925714285714287,79.99571428571429,13.149333333333335,79.87466666666666
2020-11-02,New York,6.42,51.21,9.847142857142858,81.74,13.015333333333334,80.21066666666665
2020-11-03,New York,7.56,49.75,9.040000000000001,76.28285714285714,12.602,79.636
2020-11-04,New York,10.15,58.04,8.139999999999999,71.57428571428571,12.114666666666666,78.18066666666667
2020-11-05,New York,13.9,72.21,7.83,68.07571428571428,11.657333333333332,76.41533333333334
2020-11-06,New York,15.49,69.17,8.211428571428572,65.93571428571428,11.404,75.11999999999999
2020-11-07,New York,16.92,54.25,9.549999999999999,63.120000000000005,11.201333333333334,73.59
2020-11-08,New York,17.08,54.71,11.385714285714286,60.721428571428575,11.126000000000001,71.204
2020-11-09,New York,16.11,61.92,12.502857142857142,58.47714285714285,11.084000000000001,69.31533333333333
2020-11-10,New York,17.49,71.75,13.887142857142859,60.00714285714286,11.504,69.56266666666667
2020-11-11,New York,18.38,86.67,15.305714285714286,63.15,11.865333333333334,68.38533333333334
2020-11-12,New York,15.8,91.46,16.48142857142857,67.24,12.166666666666666,68.64933333333333
2020-11-13,New York,9.13,85.23,16.752857142857145,69.99,12.398666666666667,69.24466666666667
2020-11-14,New York,8.93,60.71,15.844285714285714,72.28428571428572,12.258666666666667,69.114
2020-11-15,New York,9.43,64.88,14.702857142857141,73.20714285714287,12.446,67.236
2020-11-16,New York,11.32,50.5,13.61,74.66,12.803333333333333,66.82533333333333
2020-11-17,New York,7.33,52.54,12.925714285714283,73.02857142857142,12.940666666666665,65.49733333333333
2020-11-18,New York,1.84,46.75,11.474285714285713,70.28428571428572,13.001333333333333,65.586
2020-11-19,New York,2.47,53.08,9.111428571428572,64.58142857142857,12.620000000000001,65.386
2020-11-20,New York,9.75,55.58,7.207142857142857,59.098571428571425,12.108,65.05533333333334
2020-11-21,New York,13.47,52.38,7.295714285714285,54.86285714285714,11.831333333333333,63.94666666666667
2020-11-22,New York,9.31,62.29,7.944285714285714,53.67285714285714,11.696666666666665,62.827333333333335
2020-11-23,New York,11.95,77.58,7.927142857142857,53.30285714285714,11.189333333333334,63.36333333333334
2020-11-24,New York,6.61,53.21,8.017142857142856,57.17142857142857,10.847333333333331,64.88799999999999
2020-11-25,New York,8.69,59.29,7.914285714285714,57.26714285714285,10.214,64.30733333333333
2020-11-26,New York,14.04,77.73,8.892857142857142,59.058571428571426,9.627333333333333,63.47666666666666
2020-11-27,New York,12.86,70.96,10.545714285714284,62.58,9.338,62.88066666666666
2020-11-28,New York,10.7,59.54,10.989999999999998,64.77714285714286,9.142,61.514
2020-11-29,New York,8.02,52.29,10.594285714285714,65.8,9.246666666666666,59.80133333333333
2020-11-30,New York,12.63,77.89,10.409999999999998,64.37142857142857,9.186,59.24
2020-12-01,New York,11.66,78.79,10.507142857142856,64.41571428571429,9.399333333333333,60.10733333333334
2020-12-02,New York,4.16,63.0,11.228571428571428,68.07000000000001,9.421999999999999,61.99333333333333
2020-12-03,New York,4.68,56.38,10.581428571428573,68.6,9.210666666666668,62.690666666666665
2020-12-04,New York,8.2,61.04,9.244285714285713,65.55,9.4,63.33266666666667
2020-12-05,New York,6.67,85.07,8.578571428571427,64.13285714285715,9.782000000000002,63.86333333333334
2020-12-06,New York,3.38,54.62,8.002857142857142,67.78,9.576666666666666,65.82933333333332
2020-12-07,New York,1.38,55.75,7.340000000000001,68.11285714285715,8.904,65.97866666666667
2020-12-08,New York,0.56,59.21,5.732857142857143,64.95,8.375333333333334,65.54266666666666
2020-12-09,New York,0.89,66.0,4.147142857142857,62.152857142857144,7.616,64.318
2020-12-10,New York,4.84,68.17,3.6799999999999997,62.58142857142857,7.234666666666667,65.17066666666668
2020-12-11,New York,6.95,63.75,3.7028571428571424,64.26571428571428,6.977999999999999,65.76266666666666
2020-12-12,New York,8.97,81.88,3.524285714285714,64.65285714285714,6.505333333333334,64.83066666666667
2020-12-13,New York,11.73,72.67,3.8528571428571428,64.19714285714285,6.2459999999999996,65.55866666666667
2020-12-14,New York,5.48,73.28,5.045714285714285,66.77571428571429,6.314666666666667,66.434
2020-12-15,New York,2.16,52.96,5.631428571428572,69.28,6.145333333333334,67.83333333333333
2020-12-16,New York,-1.55,57.92,5.86,68.38714285714286,5.447333333333333,66.17133333333332
2020-12-17,New York,-2.14,88.66,5.5114285714285725,67.23285714285714,4.566666666666666,64.78
2020-12-18,New York,-2.57,70.12,4.514285714285714,70.16,4.1466666666666665,66.49066666666667
2020-12-19,New York,-3.57,66.04,3.1542857142857144,71.07000000000001,3.6633333333333336,67.40666666666667
2020-12-20,New York,0.05,69.92,1.362857142857143,68.80714285714286,2.8786666666666667,67.74
2020-12-21,New York,3.54,80.92,-0.30571428571428566,68.41428571428571,2.4373333333333336,66.73
2020-12-22,New York,4.46,73.25,-0.5828571428571429,69.50571428571429,2.448,68.48333333333333
2020-12-23,New York,4.43,50.25,-0.25428571428571434,72.4042857142857,2.6533333333333333,69.65
2020-12-24,New York,9.03,75.67,0.5999999999999999,71.30857142857143,2.9113333333333333,69.05266666666667
2020-12-25,New York,12.67,89.44,2.1957142857142857,69.45285714285714,3.454,69.69733333333333
2020-12-26,New York,-1.66,62.83,4.372857142857143,72.21285714285715,3.976,71.11533333333334
2020-12-27,New York,-1.44,60.5,4.645714285714285,71.75428571428571,3.4019999999999997,71.054
2020-12-28,New York,4.48,66.04,4.432857142857143,70.40857142857143,2.7079999999999997,69.62866666666667
2020-12-29,New York,4.03,47.92,4.567142857142857,68.28285714285714,2.224666666666667,69.18666666666668
2020-12-30,New York,0.46,52.08,4.505714285714285,64.66428571428573,2.1279999999999997,67.496
2020-12-31,New York,6.22,73.75,3.9385714285714286,64.92571428571429,2.0146666666666664,67.43733333333334
2021-01-01,New York,2.32,63.12,3.5371428571428574,64.65142857142857,2.532666666666666,68.49266666666666
2021-01-02,New York,5.13,82.89,2.0585714285714287,60.89142857142857,2.8299999999999996,66.79
2021-01-03,New York,2.58,78.44,3.028571428571429,63.75714285714286,3.3433333333333333,67.64133333333334
2021-01-04,New York,3.12,82.76,3.602857142857143,66.32000000000001,3.753333333333333,68.468
2021-01-05,New York,3.55,73.04,3.408571428571429,68.70857142857143,3.958,69.324
2021-01-06,New York,3.07,65.96,3.3400000000000003,72.29714285714286,3.9586666666666663,68.79866666666666
2021-01-07,New York,2.03,57.33,3.7128571428571426,74.28,3.866,68.31266666666667
2021-01-08,New York,0.2,64.38,3.1142857142857143,71.9342857142857,3.7060000000000004,68.78466666666667
2021-01-09,New York,-0.53,57.38,2.8114285714285714,72.11428571428571,3.1173333333333333,68.032
2021-01-10,New York,1.39,51.79,2.0028571428571427,68.47,2.2373333333333334,65.89466666666667
2021-01-11,New York,0.34,61.71,1.832857142857143,64.66285714285713,2.4406666666666665,65.15866666666666
2021-01-12,New York,2.36,63.29,1.4357142857142857,61.65571428571429,2.5593333333333335,65.23933333333333
2021-01-13,New York,3.0,61.62,1.2657142857142856,60.262857142857136,2.4179999999999997,65.056
2021-01-14,New York,4.76,63.33,1.2557142857142856,59.642857142857146,2.3493333333333335,65.96933333333334
2021-01-15,New York,4.72,77.12,1.6457142857142857,60.49999999999999,2.636,66.71933333333332
2021-01-16,New York,6.64,84.42,2.2914285714285714,62.32,2.536,66.944
2021-01-17,New York,3.97,60.62,3.315714285714286,66.18285714285715,2.824,68.364
2021-01-18,New York,5.03,58.21,3.684285714285714,67.44428571428571,2.7466666666666666,66.87933333333334
2021-01-19,New York,3.18,59.5,4.354285714285714,66.94428571428571,2.9099999999999997,65.53066666666666
2021-01-20,New York,2.21,57.96,4.471428571428571,66.40285714285714,2.9139999999999997,63.98
2021-01-21,New York,0.03,55.0,4.3585714285714285,65.88000000000001,2.8246666666666664,62.974666666666664
2021-01-22,New York,3.99,54.17,3.682857142857143,64.69000000000001,2.622,62.244
2021-01-23,New York,0.17,44.25,3.5785714285714287,61.41142857142858,2.752666666666667,62.03333333333333
2021-01-24,New York,-3.07,43.88,2.6542857142857144,55.67285714285715,2.750666666666667,60.69133333333333
2021-01-25,New York,-1.26,49.04,1.6485714285714284,53.28142857142858,2.5813333333333337,59.791333333333334
2021-01-26,New York,0.63,63.72,0.75,51.97142857142857,2.4046666666666665,59.608
2021-01-27,New York,1.47,80.65,0.38571428571428573,52.574285714285715,2.424,59.742
2021-01-28,New York,-0.8,54.5,0.27999999999999997,55.81571428571429,2.3646666666666665,60.89933333333333
2021-01-29,New York,-6.02,45.96,0.16142857142857142,55.744285714285716,2.111333333333333,60.42466666666667
2021-01-30,New York,-5.49,51.33,-1.2685714285714285,54.57142857142857,1.3926666666666665,59.266666666666666
2021-01-31,New York,-4.61,58.5,-2.077142857142857,55.582857142857144,0.712,57.547333333333334
2021-02-01,New York,-2.66,89.17,-2.2971428571428567,57.67142857142857,-0.03800000000000002,55.81933333333333
2021-02-02,New York,-0.06,87.5,-2.4971428571428573,63.40428571428572,-0.4800000000000001,57.72266666666666
2021-02-03,New York,0.11,77.8,-2.5957142857142856,66.80142857142857,-0.8193333333333334,59.67533333333334
2021-02-04,New York,1.36,56.0,-2.79,66.39428571428572,-1.024,60.89533333333334
2021-02-05,New York,3.48,66.75,-2.4814285714285718,66.60857142857142,-1.0806666666666667,60.76466666666667
2021-02-06,New York,3.4,49.38,-1.1242857142857143,69.57857142857144,-0.8506666666666668,61.548
2021-02-07,New York,0.61,75.43,0.14571428571428566,69.3,-0.8900000000000001,61.22866666666667
2021-02-08,New York,-4.33,64.46,0.8914285714285715,71.71857142857144,-0.8606666666666667,63.30733333333334
2021-02-09,New York,-1.95,74.61,0.6528571428571429,68.18857142857142,-0.9446666666666667,64.67933333333333
2021-02-10,New York,-1.91,65.83,0.38285714285714284,66.34714285714286,-0.9906666666666666,66.384
2021-02-11,New York,-1.68,72.71,0.09428571428571438,64.63714285714285,-1.1600000000000001,66.52466666666668
2021-02-12,New York,-3.39,49.58,-0.33999999999999997,67.02428571428571,-1.37,65.99533333333333
2021-02-13,New York,-2.66,48.12,-1.3214285714285714,64.57142857142857,-1.5426666666666666,65.66733333333333
2021-02-14,New York,-0.87,72.88,-2.187142857142857,64.39142857142858,-1.3186666666666667,65.81133333333334
2021-02-15,New York,0.64,70.76,-2.3985714285714286,64.02714285714285,-1.0106666666666666,67.248
2021-02-16,New York,3.61,87.5,-1.6885714285714286,64.92714285714285,-0.6606666666666666,68.06533333333333
2021-02-17,New York,-1.1,46.33,-0.8942857142857142,66.76857142857143,-0.24266666666666664,67.954
2021-02-18,New York,-2.61,71.16,-0.7785714285714285,63.98285714285714,-0.312,65.20933333333332
2021-02-19,New York,-1.53,89.57,-0.9114285714285714,63.76142857142856,-0.49333333333333335,64.76666666666667
2021-02-20,New York,-0.32,69.26,-0.6457142857142858,69.4742857142857,-0.6859999999999999,67.00466666666667
2021-02-21,New York,-1.58,55.17,-0.31142857142857144,72.49428571428571,-0.9393333333333334,67.172
2021-02-22,New York,0.57,75.03,-0.41285714285714287,69.96428571428571,-1.2713333333333334,67.558
2021-02-23,New York,3.01,79.29,-0.42285714285714293,70.57428571428571,-1.2740000000000002,67.53133333333334
2021-02-24,New York,6.46,55.33,-0.5085714285714287,69.40142857142857,-0.7846666666666666,68.52
2021-02-25,New York,7.22,47.38,0.5714285714285714,70.68714285714286,-0.2240000000000001,67.23466666666667
2021-02-26,New York,3.85,42.96,1.9757142857142855,67.28999999999999,0.38466666666666666,66.00466666666667
2021-02-27,New York,5.77,81.87,2.7442857142857138,60.63142857142858,0.7533333333333333,64.02133333333333
2021-02-28,New York,5.27,76.46,3.614285714285714,62.43285714285714,1.364,66.174
2021-03-01,New York,5.75,87.35,4.5928571428571425,65.47428571428573,1.8926666666666667,68.06333333333333
2021-03-02,New York,-1.08,37.0,5.332857142857143,67.23428571428572,2.334,69.028
2021-03-03,New York,3.25,43.46,4.748571428571429,61.192857142857136,2.219333333333333,66.77733333333333
2021-03-04,New York,5.12,47.96,4.29,59.49714285714286,2.195333333333333,63.84133333333333
2021-03-05,New York,-1.19,37.75,3.9899999999999998,59.58,2.61,63.95
2021-03-06,New York,0.58,41.88,3.27,58.83571428571429,2.7046666666666668,61.72266666666666
2021-03-07,New York,0.34,45.5,2.5285714285714285,53.12285714285714,2.8453333333333335,58.54333333333334
2021-03-08,New York,0.89,40.75,1.8242857142857143,48.699999999999996,2.8893333333333335,56.95933333333334
2021-03-09,New York,8.45,37.83,1.1300000000000001,42.042857142857144,3.0540000000000003,55.998000000000005
2021-03-10,New York,7.91,52.5,2.491428571428571,42.16142857142857,3.579333333333333,53.518
2021-03-11,New York,10.96,69.5,3.1571428571428575,43.45285714285715,3.906,51.732
2021-03-12,New York,15.85,40.42,3.991428571428571,46.53000000000001,4.206,52.67666666666666
2021-03-13,New York,7.51,29.21,6.425714285714286,46.91142857142858,4.781333333333333,52.21266666666667
2021-03-14,New York,7.32,31.75,7.415714285714286,45.10142857142857,5.025333333333333,51.296
2021-03-15,New York,-0.29,28.38,8.412857142857144,43.137142857142855,5.128666666666666,47.95466666666666
2021-03-16,New York,0.27,39.29,8.244285714285715,41.37,4.758,44.74933333333333
2021-03-17,New York,3.71,76.42,7.075714285714286,41.57857142857143,4.392666666666667,41.54533333333334
2021-03-18,New York,6.6,88.27,6.475714285714285,44.99571428571429,4.712000000000001,44.17333333333333
2021-03-19,New York,3.71,52.12,5.852857142857142,47.67714285714286,4.935333333333333,47.160666666666664
2021-03-20,New York,5.75,36.96,4.118571428571428,49.348571428571425,4.841333333333333,47.438
2021-03-21,New York,9.19,46.88,3.867142857142857,50.455714285714286,5.303999999999999,47.38533333333333
2021-03-22,New York,9.2,58.67,4.134285714285714,52.61714285714286,5.877999999999999,47.718666666666664
2021-03-23,New York,9.88,72.0,5.49,56.94428571428572,6.468666666666667,48.596666666666664
2021-03-24,New York,10.56,81.93,6.862857142857143,61.61714285714286,7.0680000000000005,50.67999999999999
2021-03-25,New York,12.62,92.54,7.841428571428572,62.40428571428571,7.208666666666667,53.620000000000005
2021-03-26,New York,16.1,74.96,8.701428571428572,63.01428571428572,7.522666666666667,56.28933333333334
2021-03-27,New York,14.11,51.17,10.471428571428573,66.27714285714286,7.865333333333333,56.653333333333336
2021-03-28,New York,11.82,81.44,11.665714285714285,68.30714285714286,7.749333333333334,57.37
2021-03-29,New York,10.64,50.28,12.041428571428572,73.24428571428572,8.036666666666667,60.852000000000004
2021-03-30,New York,9.76,42.79,12.247142857142858,72.04571428571428,8.258000000000001,62.08733333333334
2021-03-31,New York,12.12,78.17,12.230000000000002,67.87285714285714,8.927999999999999,63.048
2021-04-01,New York,9.49,76.26,12.452857142857143,67.33571428571429,9.717999999999998,65.64
2021-04-02,New York,1.87,43.96,12.005714285714287,65.01,10.103333333333333,65.62933333333334
2021-04-03,New York,4.27,33.38,9.97285714285714,60.58142857142857,9.788000000000002,62.675333333333334
2021-04-04,New York,10.25,42.83,8.567142857142857,58.04,9.825333333333333,61.426
2021-04-05,New York,13.66,33.42,8.342857142857143,52.52428571428571,10.125333333333334,61.81733333333333
2021-04-06,New York,13.97,27.42,8.774285714285714,50.11571428571428,10.423333333333334,60.919999999999995
2021-04-07,New York,14.56,37.38,9.375714285714285,47.92,10.741333333333332,58.83666666666667
2021-04-08,New York,13.51,55.46,9.724285714285713,42.09285714285714,11.053333333333333,56.52866666666667
2021-04-09,New York,10.98,74.21,10.29857142857143,39.121428571428574,11.25,54.764
2021-04-10,New York,12.67,82.96,11.6,43.44285714285714,11.140666666666666,53.542
2021-04-11,New York,12.63,94.64,12.799999999999999,50.52571428571429,10.912,54.07533333333333
2021-04-12,New York,8.41,86.74,13.14,57.92714285714286,10.813333333333334,56.973333333333336
2021-04-13,New York,10.61,71.24,12.39,65.54428571428572,10.586,57.32666666666667
2021-04-14,New York,13.59,66.62,11.91,71.80428571428571,10.584,58.724000000000004
2021-04-15,New York,12.46,86.12,11.771428571428572,75.98142857142857,10.839333333333334,60.31266666666667
2021-04-16,New York,8.1,72.21,11.62142857142857,80.36142857142856,10.862,60.842666666666666
2021-04-17,New York,8.93,63.29,11.209999999999999,80.07571428571428,10.769333333333332,60.57266666666666
2021-04-18,New York,12.01,54.04,10.675714285714287,77.26571428571428,11.24,61.86133333333334
2021-04-19,New York,13.73,53.71,10.587142857142856,71.46571428571428,11.756,63.23866666666667
2021-04-20,New York,15.45,55.83,11.347142857142858,66.74714285714286,11.988000000000001,63.964000000000006
2021-04-21,New York,14.39,54.62,12.038571428571428,64.54571428571428,12.107333333333335,65.458
2021-04-22,New York,5.29,42.92,12.152857142857142,62.83142857142857,12.135333333333334,67.27133333333333
2021-04-23,New York,9.34,36.62,11.12857142857143,56.660000000000004,11.517333333333335,67.64066666666666
2021-04-24,New York,14.92,39.21,11.305714285714286,51.575714285714284,11.239333333333333,66.38466666666666
2021-04-25,New York,12.86,66.88,12.161428571428573,48.135714285714286,11.502,64.05133333333333
2021-04-26,New York,11.23,41.5,12.282857142857143,49.970000000000006,11.514666666666669,62.97933333333333
2021-04-27,New York,12.0,33.42,11.925714285714283,48.22571428571428,11.421333333333333,59.43666666666666
2021-04-28,New York,16.78,62.25,11.432857142857143,45.02428571428571,11.660666666666666,55.882
2021-04-29,New York,18.7,69.62,11.774285714285716,46.11428571428571,12.072000000000001,55.282666666666664
2021-04-30,New York,18.32,58.08,13.69,49.92857142857143,12.412666666666667,55.48266666666667
2021-05-01,New York,11.12,41.96,14.972857142857142,52.994285714285716,12.803333333333335,53.61333333333333
2021-05-02,New York,18.01,37.75,14.429999999999998,53.387142857142855,13.004666666666667,51.59666666666667
2021-05-03,New York,17.07,61.46,15.165714285714285,49.22571428571428,13.610000000000001,49.894
2021-05-04,New York,14.5,83.85,16.0,52.07714285714285,13.947333333333335,50.38866666666666
2021-05-05,New York,12.8,91.19,16.357142857142858,59.28142857142858,13.998666666666667,52.397999999999996
2021-05-06,New York,13.95,55.04,15.78857142857143,63.41571428571429,13.822000000000001,54.75533333333333
2021-05-07,New York,14.04,44.88,15.110000000000001,61.332857142857144,13.792666666666667,54.78333333333333
2021-05-08,New York,10.85,68.08,14.498571428571427,59.44714285714286,14.376,54.913999999999994
2021-05-09,New York,10.78,69.56,14.459999999999999,63.17857142857143,14.476666666666665,57.01133333333334
2021-05-10,New York,10.95,78.46,13.427142857142856,67.72285714285714,14.200666666666667,59.034666666666666
2021-05-11,New York,13.81,49.54,12.55285714285714,70.15142857142857,14.073333333333332,59.806666666666665
2021-05-12,New York,13.66,40.71,12.454285714285716,65.25,14.245333333333333,60.342666666666666
2021-05-13,New York,15.82,36.17,12.577142857142857,58.03857142857142,14.356,60.82866666666667
2021-05-14,New York,17.38,38.46,12.844285714285716,55.34285714285714,14.292,59.09
2021-05-15,New York,18.58,39.08,13.321428571428571,54.42571428571428,14.204,57.01266666666667
2021-05-16,New York,18.64,41.83,14.425714285714287,50.28285714285715,14.221333333333332,55.746
2020-01-01,Sao Paulo,25.67,66.21,,,,
2020-01-02,Sao Paulo,22.89,81.4,,,,
2020-01-03,Sao Paulo,21.02,83.88,,,,
2020-01-04,Sao Paulo,21.22,79.76,,,,
2020-01-05,Sao Paulo,21.13,84.15,,,,
2020-01-06,Sao Paulo,23.32,76.36,,,,
2020-01-07,Sao Paulo,26.33,66.75,,,,
2020-01-08,Sao Paulo,24.27,80.08,23.08285714285714,76.92999999999999,,
2020-01-09,Sao Paulo,24.38,81.5,22.88285714285714,78.91142857142857,,
2020-01-10,Sao Paulo,25.95,74.92,23.095714285714283,78.92571428571429,,
2020-01-11,Sao Paulo,26.6,70.83,23.8,77.64571428571428,,
2020-01-12,Sao Paulo,24.37,84.64,24.568571428571428,76.37,,
2020-01-13,Sao Paulo,22.13,82.28,25.03142857142857,76.44000000000001,,
2020-01-14,Sao Paulo,22.02,77.38,24.861428571428572,77.28571428571429,,
2020-01-15,Sao Paulo,24.51,71.58,24.245714285714282,78.80428571428571,,
2020-01-16,Sao Paulo,25.83,77.38,24.28,77.59,23.720666666666666,77.44800000000001
2020-01-17,Sao Paulo,20.37,86.83,24.487142857142857,77.00142857142858,23.731333333333332,78.19266666666665
2020-01-18,Sao Paulo,19.82,81.71,23.689999999999998,78.70285714285714,23.563333333333333,78.55466666666668
2020-01-19,Sao Paulo,21.29,81.29,22.72142857142857,80.25714285714285,23.483333333333334,78.41000000000001
2020-01-20,Sao Paulo,21.73,77.33,22.28142857142857,79.77857142857142,23.488,78.512
2020-01-21,Sao Paulo,21.23,73.5,22.224285714285713,79.07142857142857,23.528000000000002,78.05733333333333
2020-01-22,Sao Paulo,21.05,77.96,22.111428571428576,78.51714285714286,23.388666666666666,77.86666666666666
2020-01-23,Sao Paulo,19.92,84.62,21.617142857142856,79.42857142857143,23.03666666666667,78.614
2020-01-24,Sao Paulo,19.57,85.76,20.77285714285714,80.46285714285715,22.746666666666666,78.91666666666667
2020-01-25,Sao Paulo,20.84,77.33,20.658571428571427,80.30999999999999,22.426,79.20066666666666
2020-01-26,Sao Paulo,22.46,63.88,20.804285714285715,79.6842857142857,22.08533333333333,79.36133333333333
2020-01-27,Sao Paulo,23.7,47.5,20.97142857142857,77.19714285714285,21.809333333333335,78.898
2020-01-28,Sao Paulo,23.87,60.77,21.252857142857145,72.93571428571428,21.764666666666667,76.422
2020-01-29,Sao Paulo,24.42,74.29,21.63,71.11714285714285,21.88066666666667,74.988
2020-01-30,Sao Paulo,25.33,72.12,22.111428571428572,70.59285714285714,22.040666666666667,74.782
2020-01-31,Sao Paulo,24.86,74.79,22.884285714285713,68.80714285714286,22.095333333333333,74.818
2020-02-01,Sao Paulo,23.55,85.46,23.640000000000004,67.24,22.03066666666667,74.64533333333334
2020-02-02,Sao Paulo,22.59,85.12,24.027142857142856,68.40142857142857,22.242666666666665,74.554
2020-02-03,Sao Paulo,21.31,89.85,24.045714285714286,71.43571428571428,22.427333333333333,74.78133333333332
2020-02-04,Sao Paulo,21.54,85.74,23.704285714285714,77.48571428571428,22.42866666666667,75.352
2020-02-05,Sao Paulo,23.1,82.82,23.37142857142857,81.05285714285715,22.415999999999997,75.91266666666667
2020-02-06,Sao Paulo,22.95,84.17,23.18285714285714,82.27142857142857,22.540666666666667,76.534
2020-02-07,Sao Paulo,23.41,76.5,22.842857142857145,83.99285714285715,22.667333333333332,76.94800000000001
2020-02-08,Sao Paulo,24.32,70.64,22.635714285714283,84.23714285714287,22.9,76.40666666666668
2020-02-09,Sao Paulo,24.23,71.81,22.745714285714286,82.12,23.216666666666665,75.39866666666667
2020-02-10,Sao Paulo,20.64,93.0,22.98,80.21857142857142,23.44266666666667,75.03066666666668
2020-02-11,Sao Paulo,18.6,86.38,22.884285714285713,80.66857142857143,23.32133333333333,76.97200000000001
2020-02-12,Sao Paulo,19.08,85.04,22.464285714285715,80.76,22.981333333333335,79.56400000000001
2020-02-13,Sao Paulo,20.84,79.54,21.889999999999997,81.07714285714285,22.662,81.182
2020-02-14,Sao Paulo,21.28,78.92,21.58857142857143,80.41571428571429,22.423333333333332,81.532
2020-02-15,Sao Paulo,23.36,73.0,21.284285714285716,80.76142857142858,22.153333333333332,81.98533333333333
2020-02-16,Sao Paulo,24.04,77.69,21.147142857142857,81.09857142857143,22.05333333333333,81.866
2020-02-17,Sao Paulo,24.64,76.88,21.12,81.93857142857144,22.086000000000002,81.348
2020-02-18,Sao Paulo,25.82,75.5,21.69142857142857,79.63571428571429,22.222666666666665,80.79866666666665
2020-02-19,Sao Paulo,25.29,76.42,22.722857142857144,78.08142857142857,22.52333333333333,79.842
2020-02-20,Sao Paulo,24.93,77.08,23.610000000000003,76.85000000000001,22.773333333333333,79.22066666666666
2020-02-21,Sao Paulo,22.27,85.11,24.194285714285716,76.49857142857142,22.895333333333333,78.838
2020-02-22,Sao Paulo,19.42,85.46,24.33571428571429,77.38285714285715,22.85,78.90066666666667
2020-02-23,Sao Paulo,18.69,79.25,23.77285714285714,79.16285714285713,22.584,79.498
2020-02-24,Sao Paulo,20.79,79.77,23.00857142857143,79.38571428571427,22.208666666666666,80.07200000000002
2020-02-25,Sao Paulo,22.91,82.04,22.458571428571425,79.79857142857142,21.979333333333333,80.60266666666666
2020-02-26,Sao Paulo,22.55,88.28,22.042857142857144,80.73285714285714,22.130666666666666,79.872
2020-02-27,Sao Paulo,18.64,87.36,21.65142857142857,82.42714285714285,22.394000000000002,79.99866666666667
2020-02-28,Sao Paulo,18.57,82.39,20.752857142857145,83.89571428571428,22.364666666666665,80.15333333333334
2020-02-29,Sao Paulo,20.47,85.96,20.224285714285713,83.50714285714285,22.21333333333333,80.34333333333333
2020-03-01,Sao Paulo,19.5,85.5,20.374285714285715,83.57857142857142,22.159333333333333,80.81266666666667
2020-03-02,Sao Paulo,19.61,85.81,20.490000000000002,84.47142857142856,21.902,81.646
2020-03-03,Sao Paulo,19.17,85.53,20.321428571428573,85.33428571428571,21.60666666666667,82.18733333333333
2020-03-04,Sao Paulo,19.61,79.08,19.787142857142857,85.83285714285715,21.242,82.764
2020-03-05,Sao Paulo,19.74,75.79,19.367142857142856,84.5185714285714,20.828,83.00266666666667
2020-03-06,Sao Paulo,19.97,69.75,19.524285714285718,82.86571428571428,20.458000000000002,82.96066666666667
2020-03-07,Sao Paulo,19.99,72.12,19.724285714285713,81.05999999999999,20.127333333333333,82.47200000000001
2020-03-08,Sao Paulo,20.08,83.69,19.655714285714286,79.08285714285715,19.97533333333333,81.606
2020-03-09,Sao Paulo,21.9,75.79,19.738571428571426,78.82428571428571,20.019333333333336,81.488
2020-03-10,Sao Paulo,22.66,72.5,20.065714285714282,77.39285714285714,20.233333333333334,81.25733333333332
2020-03-11,Sao Paulo,22.58,74.29,20.564285714285713,75.53142857142858,20.358,80.77266666666667
2020-03-12,Sao Paulo,22.61,71.46,20.988571428571426,74.84714285714287,20.336000000000002,80.256
2020-03-13,Sao Paulo,22.58,72.92,21.398571428571426,74.22857142857143,20.34,79.13466666666666
2020-03-14,Sao Paulo,23.65,70.92,21.77142857142857,74.68142857142857,20.602666666666668,78.17200000000001
2020-03-15,Sao Paulo,24.69,68.88,22.29428571428571,74.50999999999999,20.941333333333333,77.40733333333334
2020-03-16,Sao Paulo,25.03,65.33,22.95285714285714,72.39428571428572,21.222666666666665,76.26866666666666
2020-03-17,Sao Paulo,23.35,73.12,23.4,70.9,21.591333333333335,74.92399999999999
2020-03-18,Sao Paulo,23.56,73.72,23.49857142857143,70.98857142857142,21.840666666666664,74.078
2020-03-19,Sao Paulo,24.5,76.75,23.63857142857143,70.90714285714286,22.133333333333333,73.29066666666668
2020-03-20,Sao Paulo,23.37,77.12,23.90857142857143,71.66285714285713,22.459333333333333,73.13533333333334
2020-03-21,Sao Paulo,20.91,78.42,24.021428571428572,72.26285714285714,22.70133333333333,73.224
2020-03-22,Sao Paulo,20.75,72.71,23.630000000000003,73.33428571428571,22.764,73.80199999999999
2020-03-23,Sao Paulo,20.67,67.25,23.067142857142862,73.88142857142857,22.814666666666668,73.84133333333332
2020-03-24,Sao Paulo,20.03,71.58,22.444285714285716,74.1557142857143,22.853999999999996,72.74533333333333
2020-03-25,Sao Paulo,20.02,70.92,21.97,73.93571428571428,22.729333333333333,72.46466666666667
2020-03-26,Sao Paulo,19.68,68.67,21.46428571428572,73.53571428571429,22.55333333333333,72.35933333333334
2020-03-27,Sao Paulo,20.33,68.17,20.775714285714287,72.38142857142857,22.36,71.98466666666667
2020-03-28,Sao Paulo,21.92,72.96,20.34142857142857,71.10285714285713,22.207999999999995,71.76533333333333
2020-03-29,Sao Paulo,22.58,76.5,20.485714285714288,70.32285714285715,22.163999999999998,71.768
2020-03-30,Sao Paulo,22.1,75.54,20.747142857142855,70.86428571428571,22.092666666666666,72.14
2020-03-31,Sao Paulo,21.62,76.83,20.951428571428572,72.04857142857142,21.92,72.584
2020-04-01,Sao Paulo,21.62,75.96,21.178571428571427,72.79857142857144,21.692666666666664,73.35066666666667
2020-04-02,Sao Paulo,23.92,70.54,21.407142857142855,73.51857142857143,21.577333333333335,73.54
2020-04-03,Sao Paulo,23.45,66.5,22.012857142857143,73.78571428571429,21.601333333333336,73.328
2020-04-04,Sao Paulo,19.98,67.0,22.458571428571428,73.54714285714286,21.531333333333336,72.64466666666667
2020-04-05,Sao Paulo,20.33,70.92,22.181428571428572,72.69571428571429,21.305333333333337,71.97
2020-04-06,Sao Paulo,22.43,68.92,21.860000000000003,71.89857142857143,21.266666666666666,71.47
2020-04-07,Sao Paulo,21.2,78.75,21.907142857142855,70.95285714285714,21.378666666666668,71.21733333333333
2020-04-08,Sao Paulo,18.4,84.52,21.84714285714286,71.22714285714287,21.413999999999998,71.984
2020-04-09,Sao Paulo,17.76,69.58,21.387142857142855,72.45,21.305333333333333,72.84666666666666
2020-04-10,Sao Paulo,17.95,69.92,20.507142857142856,72.31285714285715,21.154666666666667,72.75733333333334
2020-04-11,Sao Paulo,18.25,73.04,19.72142857142857,72.80142857142857,21.039333333333335,72.84066666666666
2020-04-12,Sao Paulo,18.82,72.08,19.474285714285713,73.66428571428573,20.90066666666667,73.16533333333334
2020-04-13,Sao Paulo,18.96,72.67,19.25857142857143,73.83000000000001,20.694000000000003,73.10666666666667
2020-04-14,Sao Paulo,19.79,77.54,18.762857142857143,74.36571428571428,20.45266666666667,72.85133333333333
2020-04-15,Sao Paulo,20.71,69.62,18.56142857142857,74.19285714285715,20.29866666666667,72.98466666666667
2020-04-16,Sao Paulo,20.0,73.42,18.891428571428573,72.06428571428572,20.238,72.50399999999999
2020-04-17,Sao Paulo,18.13,78.38,19.21142857142857,72.61285714285714,20.13,72.33466666666666
2020-04-18,Sao Paulo,18.0,78.04,19.237142857142857,73.82142857142857,19.743999999999996,72.85733333333333
2020-04-19,Sao Paulo,18.87,73.96,19.201428571428572,74.53571428571429,19.380666666666666,73.62666666666668
2020-04-20,Sao Paulo,19.18,73.88,19.208571428571428,74.80428571428571,19.306666666666665,74.09066666666666
2020-04-21,Sao Paulo,19.17,74.29,19.240000000000002,74.97714285714287,19.23,74.288
2020-04-22,Sao Paulo,18.86,76.0,19.15142857142857,74.51285714285714,19.012666666666668,74.646
2020-04-23,Sao Paulo,19.26,75.96,18.887142857142855,75.42428571428572,18.85666666666667,74.46266666666666
2020-04-24,Sao Paulo,20.31,74.08,18.78142857142857,75.78714285714285,18.914,73.89200000000001
2020-04-25,Sao Paulo,21.17,67.29,19.092857142857145,75.17285714285715,19.084000000000003,74.192
2020-04-26,Sao Paulo,20.89,58.62,19.545714285714286,73.63714285714286,19.298666666666666,74.01666666666667
2020-04-27,Sao Paulo,19.53,73.33,19.834285714285716,71.44571428571427,19.474666666666668,73.05533333333334
2020-04-28,Sao Paulo,20.0,67.25,19.884285714285713,71.36714285714287,19.522,73.13866666666667
2020-04-29,Sao Paulo,20.1,65.21,20.002857142857145,70.36142857142856,19.591333333333335,72.77733333333332
2020-04-30,Sao Paulo,20.64,62.46,20.18,68.82000000000001,19.612000000000002,71.95533333333333
2020-05-01,Sao Paulo,20.29,70.24,20.377142857142854,66.89142857142856,19.607333333333333,71.47800000000001
2020-05-02,Sao Paulo,20.26,75.58,20.374285714285715,66.34285714285714,19.62666666666667,71.266
2020-05-03,Sao Paulo,17.45,70.08,20.244285714285716,67.52714285714286,19.768666666666668,71.07933333333334
2020-05-04,Sao Paulo,17.3,71.75,19.752857142857142,69.16428571428571,19.732000000000003,70.54866666666666
2020-05-05,Sao Paulo,19.02,65.83,19.434285714285714,68.93857142857142,19.627333333333336,70.40133333333333
2020-05-06,Sao Paulo,19.8,60.79,19.294285714285714,68.73571428571428,19.616666666666667,69.86466666666666
2020-05-07,Sao Paulo,14.6,85.21,19.25142857142857,68.10428571428571,19.658666666666665,68.96466666666667
2020-05-08,Sao Paulo,15.21,78.75,18.388571428571428,71.35428571428572,19.374666666666666,69.57866666666668
2020-05-09,Sao Paulo,16.8,70.12,17.662857142857145,72.57000000000001,19.104666666666667,69.76466666666667
2020-05-10,Sao Paulo,17.19,68.5,17.16857142857143,71.78999999999999,18.87066666666667,69.50066666666666
2020-05-11,Sao Paulo,18.03,59.25,17.13142857142857,71.5642857142857,18.605333333333338,69.58133333333333
2020-05-12,Sao Paulo,18.86,61.21,17.235714285714288,69.77857142857142,18.414666666666665,69.62333333333332
2020-05-13,Sao Paulo,19.18,61.42,17.212857142857143,69.11857142857143,18.37,68.81533333333333
2020-05-14,Sao Paulo,18.67,73.79,17.124285714285715,69.20857142857143,18.315333333333335,68.42666666666668
2020-05-15,Sao Paulo,15.8,85.33,17.705714285714286,67.57714285714285,18.220000000000002,68.99866666666667
2020-05-16,Sao Paulo,17.66,73.04,17.79,68.51714285714286,17.897333333333336,70.52333333333333
2020-05-17,Sao Paulo,16.73,74.72,17.912857142857142,68.9342857142857,17.722,70.71
2020-05-18,Sao Paulo,16.7,78.54,17.84714285714286,69.82285714285715,17.486666666666668,70.65266666666666
2020-05-19,Sao Paulo,18.19,76.12,17.65714285714286,72.57857142857144,17.436666666666667,71.21666666666667
2020-05-20,Sao Paulo,19.32,73.38,17.56142857142857,74.70857142857143,17.496,71.508
2020-05-21,Sao Paulo,19.5,70.17,17.58142857142857,76.41714285714285,17.516000000000002,72.01133333333334
2020-05-22,Sao Paulo,20.75,59.33,17.7,75.9,17.496,72.63666666666667
2020-05-23,Sao Paulo,20.5,72.0,18.407142857142855,72.18571428571428,17.906000000000002,70.91133333333333
2020-05-24,Sao Paulo,13.83,70.96,18.812857142857144,72.03714285714285,18.258666666666667,70.46133333333334
2020-05-25,Sao Paulo,14.62,61.79,18.398571428571426,71.5,18.060666666666666,70.51733333333333
2020-05-26,Sao Paulo,14.63,53.42,18.10142857142857,69.10714285714286,17.889333333333333,70.07
2020-05-27,Sao Paulo,14.42,56.88,17.592857142857145,65.86428571428571,17.662666666666667,69.68133333333334
2020-05-28,Sao Paulo,13.83,69.83,16.892857142857142,63.50714285714285,17.366666666666667,69.39266666666667
2020-05-29,Sao Paulo,15.59,71.5,16.082857142857144,63.45857142857143,17.01,69.95333333333333
2020-05-30,Sao Paulo,17.19,67.08,15.345714285714285,65.19714285714285,16.80466666666667,69.80066666666667
2020-05-31,Sao Paulo,17.46,55.71,14.872857142857141,64.49428571428571,16.897333333333332,68.584
2020-06-01,Sao Paulo,18.27,55.79,15.391428571428571,62.315714285714286,16.884,67.42866666666666
2020-06-02,Sao Paulo,16.71,84.38,15.912857142857144,61.458571428571425,16.986666666666665,66.16666666666667
2020-06-03,Sao Paulo,17.37,81.46,16.21,65.88142857142857,16.987333333333332,66.556
2020-06-04,Sao Paulo,18.24,81.42,16.631428571428575,69.39285714285714,16.932666666666666,66.91199999999999
2020-06-05,Sao Paulo,19.08,85.71,17.26142857142857,71.04857142857142,16.860666666666667,67.44800000000001
2020-06-06,Sao Paulo,20.31,75.21,17.76,73.07857142857142,16.832666666666668,68.484
2020-06-07,Sao Paulo,20.22,77.76,18.205714285714286,74.24,16.803333333333335,69.54266666666666
2020-06-08,Sao Paulo,20.57,76.33,18.599999999999998,77.39,16.784666666666666,69.92666666666666
2020-06-09,Sao Paulo,20.99,78.21,18.928571428571427,80.32428571428571,17.233999999999998,70.28466666666667
2020-06-10,Sao Paulo,21.71,73.04,19.54,79.44285714285715,17.658666666666665,71.37933333333334
2020-06-11,Sao Paulo,23.15,61.46,20.159999999999997,78.24000000000001,18.130666666666666,72.68733333333333
2020-06-12,Sao Paulo,22.04,63.04,20.861428571428572,75.38857142857144,18.712666666666667,72.99266666666666
2020-06-13,Sao Paulo,21.74,64.0,21.284285714285712,72.15,19.259999999999998,72.53999999999999
2020-06-14,Sao Paulo,16.99,84.25,21.488571428571426,70.54857142857144,19.67,72.03999999999999
2020-06-15,Sao Paulo,16.95,78.33,21.027142857142856,71.47571428571429,19.65666666666667,73.18466666666667
2020-06-16,Sao Paulo,17.89,75.21,20.509999999999998,71.76142857142857,19.622666666666664,74.69266666666667
2020-06-17,Sao Paulo,18.67,69.58,20.06714285714286,71.33285714285715,19.59733333333333,75.98733333333332
2020-06-18,Sao Paulo,18.42,63.04,19.632857142857144,70.83857142857143,19.728,75.00066666666666
2020-06-19,Sao Paulo,19.71,58.33,18.957142857142856,71.06428571428572,19.798000000000002,73.77266666666667
2020-06-20,Sao Paulo,20.51,61.62,18.624285714285715,70.39142857142858,19.896,72.23333333333333
2020-06-21,Sao Paulo,20.97,60.88,18.44857142857143,70.05142857142857,19.991333333333333,70.62733333333334
2020-06-22,Sao Paulo,20.6,55.92,19.017142857142858,66.71285714285715,20.035333333333334,69.672
2020-06-23,Sao Paulo,19.77,52.17,19.53857142857143,63.51142857142857,20.060666666666666,68.216
2020-06-24,Sao Paulo,19.17,50.46,19.807142857142857,60.220000000000006,20.007333333333335,66.60533333333333
2020-06-25,Sao Paulo,20.55,59.79,19.87857142857143,57.488571428571426,19.886,64.75533333333334
2020-06-26,Sao Paulo,18.49,76.42,20.18285714285714,57.02428571428572,19.808666666666667,63.87199999999999
2020-06-27,Sao Paulo,15.15,87.97,20.00857142857143,59.60857142857143,19.497999999999998,64.86933333333333
2020-06-28,Sao Paulo,14.02,85.69,19.242857142857144,63.37285714285714,19.038666666666668,66.53133333333334
2020-06-29,Sao Paulo,15.73,79.71,18.25,66.91714285714285,18.524,67.97733333333333
2020-06-30,Sao Paulo,18.34,68.67,17.554285714285715,70.3157142857143,18.44,67.67466666666667
2020-07-01,Sao Paulo,19.25,57.79,17.35,72.67285714285715,18.532666666666668,67.03066666666668
2020-07-02,Sao Paulo,13.79,68.54,17.361428571428572,73.72,18.623333333333335,65.86933333333333
2020-07-03,Sao Paulo,13.65,74.17,16.395714285714288,74.97,18.298000000000002,65.8
2020-07-04,Sao Paulo,16.13,66.12,15.704285714285714,74.64857142857143,17.98,66.542
2020-07-05,Sao Paulo,18.09,73.33,15.844285714285714,71.52714285714286,17.741333333333333,67.06133333333334
2020-07-06,Sao Paulo,20.3,63.67,16.425714285714285,69.76142857142857,17.58,67.84200000000001
2020-07-07,Sao Paulo,20.54,64.46,17.07857142857143,67.47,17.53533333333333,68.028
2020-07-08,Sao Paulo,21.86,43.08,17.392857142857142,66.86857142857143,17.531333333333336,68.59733333333334
2020-07-09,Sao Paulo,19.43,60.88,17.765714285714285,64.76714285714286,17.670666666666666,67.99133333333333
2020-07-10,Sao Paulo,15.43,74.33,18.571428571428573,63.67285714285714,17.688,68.68599999999999
2020-07-11,Sao Paulo,19.44,68.17,18.825714285714287,63.69571428571429,17.346666666666668,69.65533333333333
2020-07-12,Sao Paulo,20.73,60.75,19.298571428571428,63.988571428571426,17.410000000000004,69.10533333333333
2020-07-13,Sao Paulo,21.27,60.67,19.67571428571429,62.19142857142857,17.782,67.29066666666667
2020-07-14,Sao Paulo,17.71,79.17,19.814285714285713,61.762857142857136,18.265333333333334,65.62266666666666
2020-07-15,Sao Paulo,14.6,81.58,19.41,63.864285714285714,18.397333333333332,65.58666666666667
2020-07-16,Sao Paulo,15.51,78.46,18.372857142857146,69.36428571428571,18.148000000000003,66.44733333333333
2020-07-17,Sao Paulo,17.31,76.42,17.812857142857144,71.87571428571428,17.898666666666667,67.82533333333333
2020-07-18,Sao Paulo,18.78,71.67,18.08142857142857,72.17428571428572,18.133333333333333,68.35066666666667
2020-07-19,Sao Paulo,18.63,68.83,17.987142857142857,72.67428571428572,18.47533333333333,68.184
2020-07-20,Sao Paulo,18.57,62.29,17.687142857142856,73.82857142857142,18.642,68.36466666666666
2020-07-21,Sao Paulo,19.47,59.17,17.30142857142857,74.05999999999999,18.674,67.62866666666667
2020-07-22,Sao Paulo,19.83,60.79,17.552857142857142,71.20285714285714,18.618666666666666,67.32866666666666
2020-07-23,Sao Paulo,19.8,57.46,18.3,68.23285714285714,18.571333333333335,67.084
2020-07-24,Sao Paulo,19.78,57.79,18.912857142857142,65.23285714285714,18.434,68.04266666666666
2020-07-25,Sao Paulo,20.78,50.42,19.265714285714285,62.57142857142857,18.457333333333334,67.83666666666666
2020-07-26,Sao Paulo,17.22,75.04,19.55142857142857,59.535714285714285,18.814,66.24266666666666
2020-07-27,Sao Paulo,19.53,67.71,19.349999999999998,60.42285714285715,18.666,66.70066666666666
2020-07-28,Sao Paulo,21.74,56.79,19.487142857142857,61.19714285714286,18.586,67.16466666666666
2020-07-29,Sao Paulo,16.45,76.84,19.81142857142857,60.857142857142854,18.61733333333333,66.90599999999999
2020-07-30,Sao Paulo,14.39,83.38,19.32857142857143,63.15,18.533333333333335,66.75066666666666
2020-07-31,Sao Paulo,15.86,77.0,18.555714285714284,66.85285714285715,18.519333333333336,66.87066666666666
2020-08-01,Sao Paulo,16.76,73.21,17.995714285714286,69.59714285714286,18.542666666666666,66.77333333333334
2020-08-02,Sao Paulo,16.77,72.67,17.42142857142857,72.85285714285713,18.506000000000004,66.55933333333334
2020-08-03,Sao Paulo,16.49,70.12,17.357142857142858,72.5142857142857,18.372,66.626
2020-08-04,Sao Paulo,16.04,69.67,16.922857142857143,72.85857142857142,18.229333333333333,66.712
2020-08-05,Sao Paulo,16.27,70.67,16.108571428571427,74.69857142857143,18.060666666666666,67.204
2020-08-06,Sao Paulo,16.42,70.0,16.082857142857144,73.81714285714285,17.84733333333333,67.97066666666667
2020-08-07,Sao Paulo,17.05,64.08,16.37285714285714,71.9057142857143,17.62,68.58466666666666
2020-08-08,Sao Paulo,17.39,64.83,16.542857142857144,70.06,17.436666666666667,69.02600000000001
2020-08-09,Sao Paulo,18.14,64.38,16.632857142857144,68.86285714285715,17.27733333333333,69.49533333333333
2020-08-10,Sao Paulo,19.42,58.17,16.82857142857143,67.67857142857143,17.101333333333333,70.42599999999999
2020-08-11,Sao Paulo,20.36,50.08,17.247142857142858,65.97142857142858,17.247999999999998,69.30133333333333
2020-08-12,Sao Paulo,19.71,60.96,17.864285714285717,63.17285714285714,17.303333333333335,68.126
2020-08-13,Sao Paulo,20.61,62.08,18.35571428571429,61.78571428571428,17.168000000000003,68.404
2020-08-14,Sao Paulo,22.28,59.5,18.954285714285714,60.65428571428572,17.445333333333334,67.42
2020-08-15,Sao Paulo,20.9,67.46,19.701428571428572,60.0,17.971333333333334,65.828
2020-08-16,Sao Paulo,18.36,79.38,20.20285714285714,60.37571428571429,18.307333333333336,65.192
2020-08-17,Sao Paulo,18.19,76.92,20.23428571428571,62.51857142857143,18.413999999999998,65.60333333333332
2020-08-18,Sao Paulo,17.32,82.42,20.05857142857143,65.19714285714285,18.508666666666667,65.88666666666667
2020-08-19,Sao Paulo,18.32,83.04,19.624285714285715,69.81714285714285,18.564000000000004,66.70666666666666
2020-08-20,Sao Paulo,15.54,81.6,19.42571428571429,72.97142857142858,18.716,67.598
2020-08-21,Sao Paulo,10.92,86.08,18.701428571428572,75.75999999999999,18.667333333333332,68.32666666666665
2020-08-22,Sao Paulo,10.44,85.44,17.07857142857143,79.55714285714285,18.300666666666665,69.39866666666667
2020-08-23,Sao Paulo,13.01,73.5,15.584285714285715,82.12571428571428,17.86,70.82266666666668
2020-08-24,Sao Paulo,13.95,71.17,14.819999999999999,81.28571428571429,17.567999999999998,71.40066666666667
2020-08-25,Sao Paulo,13.85,70.67,14.214285714285714,80.46428571428571,17.288666666666664,71.85333333333332
2020-08-26,Sao Paulo,14.39,66.54,13.718571428571428,78.78571428571429,16.917333333333332,72.68666666666667
2020-08-27,Sao Paulo,17.37,67.67,13.157142857142857,76.42857142857143,16.519333333333336,73.784
2020-08-28,Sao Paulo,19.85,67.83,13.418571428571429,74.43857142857142,16.363333333333333,74.23133333333334
2020-08-29,Sao Paulo,21.59,58.25,14.694285714285716,71.83142857142857,16.312666666666665,74.61466666666666
2020-08-30,Sao Paulo,22.72,54.21,16.287142857142857,67.94714285714285,16.266666666666666,74.53133333333334
2020-08-31,Sao Paulo,19.17,74.5,17.674285714285713,65.19142857142857,16.388,73.648
2020-09-01,Sao Paulo,19.33,73.92,18.419999999999998,65.66714285714285,16.442,73.32266666666666
2020-09-02,Sao Paulo,19.57,70.25,19.202857142857145,66.13142857142857,16.518,73.12266666666667
2020-09-03,Sao Paulo,21.93,59.33,19.942857142857143,66.66142857142857,16.668,72.31133333333334
2020-09-04,Sao Paulo,21.94,55.12,20.594285714285714,65.47,16.908666666666665,70.73066666666666
2020-09-05,Sao Paulo,20.9,64.54,20.892857142857142,63.65428571428571,17.33533333333333,68.96533333333333
2020-09-06,Sao Paulo,22.15,58.12,20.794285714285714,64.55285714285715,18.000666666666667,67.52933333333334
2020-09-07,Sao Paulo,21.09,67.29,20.712857142857143,65.11142857142856,18.781333333333336,65.708
2020-09-08,Sao Paulo,20.19,73.04,20.987142857142857,64.08142857142856,19.32,65.294
2020-09-09,Sao Paulo,20.73,74.04,21.110000000000003,63.955714285714286,19.736,65.41866666666667
2020-09-10,Sao Paulo,24.02,58.33,21.275714285714287,64.49714285714286,20.194666666666667,65.64333333333333
2020-09-11,Sao Paulo,23.31,59.67,21.574285714285715,64.35428571428571,20.836666666666666,65.096
2020-09-12,Sao Paulo,26.51,42.33,21.770000000000003,65.00428571428571,21.232666666666667,64.56266666666666
2020-09-13,Sao Paulo,25.41,46.12,22.571428571428573,61.83142857142857,21.676666666666666,62.86266666666667
2020-09-14,Sao Paulo,24.54,38.29,23.037142857142857,60.11714285714286,21.931333333333335,62.054
2020-09-15,Sao Paulo,17.33,78.08,23.529999999999998,55.97428571428571,22.052666666666664,60.992666666666665
2020-09-16,Sao Paulo,20.96,65.88,23.12142857142857,56.69428571428572,21.93,61.23133333333333
2020-09-17,Sao Paulo,21.87,67.58,23.154285714285717,55.528571428571425,22.038666666666664,60.69533333333334
2020-09-18,Sao Paulo,21.24,65.58,22.84714285714286,56.85,22.192,60.51733333333333
2020-09-19,Sao Paulo,23.91,55.5,22.55142857142857,57.69428571428572,22.146,60.934
2020-09-20,Sao Paulo,18.39,75.88,22.18,59.575714285714284,22.27733333333333,60.95933333333333
2020-09-21,Sao Paulo,15.65,83.62,21.177142857142858,63.82714285714285,22.110000000000003,61.715333333333334
2020-09-22,Sao Paulo,14.5,84.12,19.907142857142855,70.30285714285715,21.676666666666666,63.415333333333336
2020-09-23,Sao Paulo,16.85,78.12,19.502857142857145,71.16571428571429,21.237333333333332,64.53733333333334
2020-09-24,Sao Paulo,19.09,72.25,18.915714285714284,72.91428571428571,21.014666666666667,64.876
2020-09-25,Sao Paulo,20.22,66.0,18.518571428571427,73.58142857142857,20.90533333333333,64.75666666666667
2020-09-26,Sao Paulo,22.91,54.5,18.372857142857146,73.64142857142858,20.652,65.268
2020-09-27,Sao Paulo,26.32,42.38,18.23,73.49857142857142,20.625333333333334,64.92333333333333
2020-09-28,Sao Paulo,23.99,55.88,19.36285714285714,68.71285714285715,20.612666666666666,64.92666666666666
2020-09-29,Sao Paulo,21.03,76.67,20.554285714285715,64.75,20.517999999999997,65.57733333333333
2020-09-30,Sao Paulo,24.8,63.0,21.487142857142857,63.685714285714276,20.284000000000002,68.136
2020-10-01,Sao Paulo,26.5,57.83,22.622857142857146,61.52571428571428,20.781999999999996,67.13066666666667
2020-10-02,Sao Paulo,30.24,35.71,23.681428571428572,59.465714285714284,21.151333333333334,66.594
2020-10-03,Sao Paulo,23.55,71.84,25.11285714285714,55.138571428571424,21.709333333333333,64.46933333333334
2020-10-04,Sao Paulo,19.98,88.88,25.204285714285714,57.6157142857143,21.863333333333333,64.88666666666667
2020-10-05,Sao Paulo,23.17,74.0,24.298571428571428,64.25857142857141,21.601333333333336,67.112
2020-10-06,Sao Paulo,25.23,66.75,24.181428571428572,66.84714285714286,21.919999999999998,66.98666666666666
2020-10-07,Sao Paulo,24.88,66.08,24.78142857142857,65.42999999999999,22.558666666666667,65.862
2020-10-08,Sao Paulo,22.81,74.0,24.79285714285714,65.87,23.250666666666667,64.65933333333334
2020-10-09,Sao Paulo,19.51,87.48,24.265714285714285,68.17999999999999,23.648,64.38466666666666
2020-10-10,Sao Paulo,18.38,73.5,22.732857142857146,75.57571428571428,23.676,65.4
2020-10-11,Sao Paulo,16.97,67.46,21.994285714285716,75.81285714285714,23.55333333333333,65.9
2020-10-12,Sao Paulo,18.8,68.75,21.564285714285717,72.75285714285714,23.157333333333334,66.764
2020-10-13,Sao Paulo,22.16,58.67,20.939999999999998,72.00285714285714,22.656000000000002,68.52199999999999
2020-10-14,Sao Paulo,23.01,60.12,20.50142857142857,70.84857142857142,22.534,68.708
2020-10-15,Sao Paulo,18.46,82.84,20.23428571428571,69.99714285714285,22.665999999999997,67.60466666666667
2020-10-16,Sao Paulo,15.81,86.25,19.61285714285714,71.26,22.243333333333336,68.92733333333334
2020-10-17,Sao Paulo,16.12,80.46,19.084285714285716,71.08428571428571,21.53066666666667,70.82199999999999
2020-10-18,Sao Paulo,18.68,73.04,18.761428571428574,72.07857142857144,20.589333333333336,73.80533333333332
2020-10-19,Sao Paulo,20.48,75.89,19.005714285714287,72.87571428571428,20.264666666666667,73.88533333333334
2020-10-20,Sao Paulo,21.22,76.58,19.245714285714286,73.89571428571428,20.298,73.01933333333334
2020-10-21,Sao Paulo,20.42,76.96,19.111428571428572,76.45428571428572,20.168000000000003,73.19133333333335
2020-10-22,Sao Paulo,20.04,73.68,18.74142857142857,78.86,19.847333333333335,73.872
2020-10-23,Sao Paulo,20.4,65.33,18.967142857142857,77.55142857142857,19.52466666666667,74.37866666666667
2020-10-24,Sao Paulo,20.9,68.54,19.622857142857146,74.56285714285715,19.364,73.80066666666669
2020-10-25,Sao Paulo,20.88,75.33,20.305714285714284,72.86,19.456666666666667,72.538
2020-10-26,Sao Paulo,20.2,71.29,20.619999999999997,73.18714285714285,19.623333333333335,72.66000000000001
2020-10-27,Sao Paulo,22.81,66.08,20.580000000000002,72.53,19.838666666666665,72.91533333333334
2020-10-28,Sao Paulo,24.79,50.58,20.807142857142857,71.03,20.105999999999998,72.73733333333332
2020-10-29,Sao Paulo,23.19,57.23,21.43142857142857,67.26142857142857,20.281333333333336,72.19800000000001
2020-10-30,Sao Paulo,18.0,85.94,21.881428571428575,64.91142857142857,20.293333333333337,72.00533333333333
2020-10-31,Sao Paulo,16.55,80.64,21.53857142857143,67.85571428571428,20.262666666666668,72.212
2020-11-01,Sao Paulo,15.25,79.36,20.917142857142856,69.58428571428571,20.312,71.83800000000001
2020-11-02,Sao Paulo,15.15,70.96,20.11285714285714,70.16,20.254,71.76466666666667
2020-11-03,Sao Paulo,16.04,66.96,19.391428571428573,70.11285714285714,20.018666666666665,71.626
2020-11-04,Sao Paulo,16.88,70.58,18.424285714285713,70.23857142857142,19.72266666666667,71.03066666666668
2020-11-05,Sao Paulo,16.32,76.71,17.294285714285714,73.0957142857143,19.433333333333334,70.63066666666667
2020-11-06,Sao Paulo,17.28,68.38,16.312857142857144,75.87857142857142,19.16,70.614
2020-11-07,Sao Paulo,18.6,65.21,16.21,73.36999999999999,18.976,70.26066666666667
2020-11-08,Sao Paulo,20.02,63.96,16.502857142857142,71.16571428571429,18.855999999999998,70.25266666666667
2020-11-09,Sao Paulo,20.62,71.25,17.184285714285714,68.96571428571428,18.79733333333333,69.94733333333333
2020-11-10,Sao Paulo,21.7,76.83,17.965714285714288,69.00714285714285,18.779999999999998,69.67533333333333
2020-11-11,Sao Paulo,21.64,77.07,18.774285714285714,70.41714285714285,18.88,70.04466666666667
2020-11-12,Sao Paulo,21.19,78.2,19.454285714285714,71.3442857142857,18.802000000000003,70.77733333333332
2020-11-13,Sao Paulo,21.75,79.19,20.150000000000002,71.55714285714285,18.562,72.61866666666667
2020-11-14,Sao Paulo,22.61,72.62,20.78857142857143,73.10142857142857,18.466,74.08266666666665
2020-11-15,Sao Paulo,24.96,64.75,21.361428571428572,74.16,18.77333333333333,73.19466666666666
2020-11-16,Sao Paulo,24.85,64.83,22.06714285714286,74.27285714285713,19.334,72.13533333333334
2020-11-17,Sao Paulo,21.97,76.92,22.671428571428574,73.35571428571428,19.973999999999997,71.16666666666667
2020-11-18,Sao Paulo,17.46,83.43,22.71,73.36857142857141,20.42866666666667,71.56400000000001
2020-11-19,Sao Paulo,17.67,85.35,22.112857142857145,74.27714285714286,20.52333333333333,72.662
2020-11-20,Sao Paulo,17.18,72.54,21.610000000000003,75.29857142857144,20.576,73.64666666666668
2020-11-21,Sao Paulo,18.66,68.17,20.95714285714286,74.34857142857143,20.633333333333333,73.36866666666667
2020-11-22,Sao Paulo,19.55,69.83,20.392857142857142,73.71285714285715,20.72533333333333,73.35466666666667
2020-11-23,Sao Paulo,20.39,68.71,19.62,74.43857142857144,20.788666666666664,73.66266666666667
2020-11-24,Sao Paulo,21.52,68.04,18.982857142857142,74.99285714285715,20.813333333333336,73.97933333333334
2020-11-25,Sao Paulo,23.48,60.71,18.91857142857143,73.72428571428573,20.873333333333335,73.76533333333333
2020-11-26,Sao Paulo,24.66,58.12,19.778571428571432,70.47857142857143,20.992000000000004,72.69066666666667
2020-11-27,Sao Paulo,24.1,62.54,20.777142857142856,66.58857142857143,21.19333333333333,71.42733333333334
2020-11-28,Sao Paulo,23.43,65.38,21.76571428571429,65.16,21.387333333333334,70.38333333333334
2020-11-29,Sao Paulo,24.46,62.0,22.447142857142858,64.76142857142857,21.499333333333333,69.46266666666666
2020-11-30,Sao Paulo,24.87,68.79,23.148571428571426,63.642857142857146,21.622666666666667,68.75466666666667
2020-12-01,Sao Paulo,23.09,76.42,23.78857142857143,63.65428571428571,21.616666666666667,69.02399999999999
2020-12-02,Sao Paulo,22.75,74.5,24.012857142857143,64.85142857142857,21.499333333333333,69.79666666666667
2020-12-03,Sao Paulo,24.82,67.04,23.90857142857143,66.82142857142857,21.551333333333332,69.63533333333334
2020-12-04,Sao Paulo,23.98,67.71,23.931428571428572,68.09571428571428,22.041999999999998,68.54266666666666
2020-12-05,Sao Paulo,21.97,76.71,23.914285714285715,68.83428571428571,22.462666666666667,67.36666666666666
2020-12-06,Sao Paulo,20.69,79.69,23.705714285714286,70.45285714285714,22.782,67.64466666666667
2020-12-07,Sao Paulo,21.37,80.62,23.16714285714286,72.98,22.917333333333335,68.41266666666667
2020-12-08,Sao Paulo,22.22,82.46,22.667142857142856,74.66999999999999,23.038666666666668,69.132
2020-12-09,Sao Paulo,21.9,74.25,22.54285714285714,75.53285714285714,23.160666666666664,70.04866666666666
2020-12-10,Sao Paulo,22.0,68.92,22.42142857142857,75.49714285714286,23.186,70.46266666666666
2020-12-11,Sao Paulo,22.5,71.48,22.018571428571427,75.76571428571428,23.087333333333333,71.01
2020-12-12,Sao Paulo,23.64,69.25,21.807142857142857,76.30428571428571,22.943333333333335,71.90066666666667
2020-12-13,Sao Paulo,24.16,72.5,22.04571428571429,75.23857142857142,22.912666666666667,72.348
2020-12-14,Sao Paulo,25.27,66.96,22.541428571428572,74.21142857142857,22.961333333333332,72.82266666666668
2020-12-15,Sao Paulo,24.63,68.42,23.09857142857143,72.26,23.015333333333334,73.15333333333334
2020-12-16,Sao Paulo,23.67,76.04,23.442857142857147,70.25428571428571,22.999333333333333,73.12866666666667
2020-12-17,Sao Paulo,24.09,71.85,23.695714285714285,70.51,23.038000000000004,73.10333333333332
2020-12-18,Sao Paulo,23.64,73.04,23.994285714285716,70.92857142857143,23.127333333333336,72.92666666666668
2020-12-19,Sao Paulo,25.08,67.96,24.157142857142855,71.15142857142857,23.04866666666667,73.32666666666667
2020-12-20,Sao Paulo,25.04,72.88,24.36285714285714,70.96714285714286,23.122,73.34333333333333
2020-12-21,Sao Paulo,24.77,75.21,24.488571428571426,71.02142857142857,23.326666666666664,73.088
2020-12-22,Sao Paulo,21.25,83.38,24.41714285714286,72.2,23.598666666666663,72.78933333333335
2020-12-23,Sao Paulo,20.21,74.42,23.934285714285718,74.33714285714287,23.590666666666664,72.97333333333333
2020-12-24,Sao Paulo,20.27,73.71,23.439999999999998,74.10571428571428,23.456666666666667,72.43733333333333
2020-12-25,Sao Paulo,19.42,75.0,22.89428571428571,74.37142857142855,23.348,72.40133333333333
2020-12-26,Sao Paulo,20.11,75.79,22.291428571428575,74.65142857142857,23.176,72.80666666666666
2020-12-27,Sao Paulo,21.47,82.08,21.58142857142857,75.77,23.016666666666666,73.09400000000001
2020-12-28,Sao Paulo,22.28,74.2,21.071428571428573,77.0842857142857,22.872,73.94933333333333
2020-12-29,Sao Paulo,23.58,76.12,20.715714285714284,76.94000000000001,22.74666666666667,74.06266666666667
2020-12-30,Sao Paulo,24.6,67.29,21.048571428571428,75.90285714285714,22.634,74.67333333333333
2020-12-31,Sao Paulo,25.03,69.62,21.675714285714285,74.88428571428572,22.631999999999998,74.59799999999998
2021-01-01,Sao Paulo,22.54,82.88,22.35571428571428,74.3,22.722666666666665,74.17
2021-01-02,Sao Paulo,21.0,81.5,22.801428571428573,75.42571428571429,22.619333333333334,74.90533333333333
2021-01-03,Sao Paulo,20.95,74.0,22.928571428571427,76.24142857142859,22.443333333333335,75.46933333333332
2021-01-04,Sao Paulo,22.2,68.83,22.854285714285712,75.08714285714287,22.168000000000003,75.872
2021-01-05,Sao Paulo,24.13,66.92,22.842857142857138,74.32000000000001,21.978666666666665,75.602
2021-01-06,Sao Paulo,26.2,65.08,22.92142857142857,73.00571428571429,21.936,75.04933333333335
2021-01-07,Sao Paulo,25.55,68.83,23.150000000000002,72.69,22.266000000000002,73.82933333333334
2021-01-08,Sao Paulo,23.87,73.58,23.224285714285713,72.57714285714285,22.622,73.45666666666666
2021-01-09,Sao Paulo,23.58,80.27,23.41428571428571,71.24857142857142,22.862000000000002,73.448
2021-01-10,Sao Paulo,23.65,79.88,23.782857142857143,71.07285714285715,23.139333333333333,73.79933333333332
2021-01-11,Sao Paulo,24.53,77.46,24.16857142857143,71.91285714285713,23.375333333333334,74.07199999999999
2021-01-12,Sao Paulo,24.92,79.29,24.501428571428573,73.14571428571428,23.579333333333334,73.764
2021-01-13,Sao Paulo,24.24,77.2,24.61428571428571,74.91285714285713,23.755333333333333,74.10333333333332
2021-01-14,Sao Paulo,23.65,76.79,24.334285714285716,76.64428571428572,23.799333333333333,74.17533333333334
2021-01-15,Sao Paulo,22.27,84.08,24.062857142857144,77.78142857142858,23.736,74.80866666666667
2021-01-16,Sao Paulo,23.32,73.75,23.834285714285716,79.28142857142858,23.552,75.77266666666667
2021-01-17,Sao Paulo,25.7,60.79,23.797142857142855,78.35000000000001,23.603999999999996,75.164
2021-01-18,Sao Paulo,25.54,66.17,24.09,75.62285714285714,23.917333333333332,73.78333333333333
2021-01-19,Sao Paulo,23.74,77.4,24.23428571428571,74.01,24.223333333333333,73.26133333333334
2021-01-20,Sao Paulo,23.5,75.33,24.065714285714286,73.74000000000001,24.326,73.83266666666667
2021-01-21,Sao Paulo,23.49,74.88,23.96,73.47285714285715,24.284,74.39333333333335
2021-01-22,Sao Paulo,23.8,73.0,23.937142857142852,73.2,24.103333333333335,75.04666666666667
2021-01-23,Sao Paulo,23.85,72.42,24.155714285714286,71.61714285714285,23.986666666666668,75.32466666666667
2021-01-24,Sao Paulo,23.04,76.92,24.231428571428573,71.42714285714285,23.985333333333333,75.24733333333333
2021-01-25,Sao Paulo,24.08,69.75,23.851428571428567,73.73142857142857,23.949333333333335,75.02400000000002
2021-01-26,Sao Paulo,23.99,72.46,23.642857142857142,74.24285714285715,23.977999999999998,74.34866666666667
2021-01-27,Sao Paulo,26.43,60.67,23.678571428571427,73.53714285714285,23.942,74.01533333333333
2021-01-28,Sao Paulo,26.28,63.75,24.097142857142853,71.44285714285715,24.042666666666666,72.77399999999999
2021-01-29,Sao Paulo,26.88,59.04,24.495714285714286,69.85285714285715,24.178666666666665,71.87733333333333
2021-01-30,Sao Paulo,27.43,58.79,24.935714285714283,67.85857142857142,24.394,70.694
2021-01-31,Sao Paulo,27.16,61.88,25.447142857142858,65.91142857142857,24.738,69.008
2021-02-01,Sao Paulo,25.11,65.21,26.035714285714285,63.762857142857136,24.994000000000003,68.21666666666667
2021-02-02,Sao Paulo,24.64,74.88,26.18285714285714,63.11428571428571,24.954666666666665,68.51133333333334
2021-02-03,Sao Paulo,24.76,70.92,26.275714285714287,63.46,24.89466666666667,69.09200000000001
2021-02-04,Sao Paulo,26.7,71.25,26.03714285714286,64.92428571428572,24.962666666666667,68.66
2021-02-05,Sao Paulo,23.51,74.68,26.09714285714286,65.99571428571429,25.176,68.38799999999999
2021-02-06,Sao Paulo,21.67,71.0,25.615714285714287,68.23,25.17733333333333,68.37466666666667
2021-02-07,Sao Paulo,20.55,71.67,24.792857142857144,69.97428571428571,25.03533333333333,68.24133333333333
2021-02-08,Sao Paulo,20.87,67.54,23.84857142857143,71.37285714285714,24.815333333333335,68.19133333333335
2021-02-09,Sao Paulo,20.69,68.71,23.24285714285714,71.70571428571428,24.670666666666666,67.566
2021-02-10,Sao Paulo,21.49,72.46,22.678571428571427,70.82428571428572,24.444666666666667,67.49666666666667
2021-02-11,Sao Paulo,21.43,80.88,22.21142857142857,71.04428571428572,24.278000000000002,67.49666666666666
2021-02-12,Sao Paulo,21.44,78.21,21.458571428571428,72.42,23.944666666666667,68.84400000000001
2021-02-13,Sao Paulo,21.32,86.71,21.162857142857142,72.92428571428572,23.622000000000003,69.80799999999999
2021-02-14,Sao Paulo,22.95,76.75,21.11285714285714,75.16857142857143,23.251333333333335,71.65266666666666
2021-02-15,Sao Paulo,24.68,68.25,21.455714285714286,75.89428571428572,22.95266666666667,72.85
2021-02-16,Sao Paulo,23.85,67.79,22.0,75.99571428571427,22.787333333333333,73.27466666666666
2021-02-17,Sao Paulo,23.08,75.5,22.451428571428572,75.86428571428571,22.703333333333333,73.44666666666666
2021-02-18,Sao Paulo,22.77,75.04,22.678571428571427,76.29857142857144,22.599333333333334,73.488
2021-02-19,Sao Paulo,23.5,74.71,22.87,75.46428571428571,22.466666666666665,73.76266666666668
2021-02-20,Sao Paulo,23.29,73.12,23.16428571428571,74.96428571428571,22.253333333333334,73.99333333333333
2021-02-21,Sao Paulo,23.08,72.75,23.445714285714285,73.02285714285713,22.23866666666667,73.88933333333333
2021-02-22,Sao Paulo,23.21,70.62,23.464285714285715,72.45142857142856,22.332666666666668,74.006
2021-02-23,Sao Paulo,24.4,62.29,23.254285714285714,72.78999999999999,22.509999999999998,73.93599999999999
2021-02-24,Sao Paulo,24.37,64.62,23.33285714285714,72.00428571428571,22.745333333333335,73.58600000000001
2021-02-25,Sao Paulo,21.78,80.44,23.517142857142854,70.45,22.990666666666666,73.31333333333333
2021-02-26,Sao Paulo,20.93,82.48,23.375714285714285,71.22142857142858,23.009999999999998,73.84533333333334
2021-02-27,Sao Paulo,21.39,82.16,23.00857142857143,72.33142857142857,22.976666666666667,73.952
2021-02-28,Sao Paulo,22.25,80.46,22.737142857142857,73.62285714285714,22.973333333333333,74.21533333333333
2021-03-01,Sao Paulo,23.2,74.54,22.618571428571432,74.72428571428573,23.03533333333333,73.79866666666666
2021-03-02,Sao Paulo,23.71,73.83,22.617142857142856,75.28428571428572,23.052,73.65133333333333
2021-03-03,Sao Paulo,24.76,63.88,22.51857142857143,76.93285714285715,22.987333333333332,74.02333333333334
2021-03-04,Sao Paulo,24.22,69.58,22.574285714285715,76.82714285714285,23.048,73.76266666666668
2021-03-05,Sao Paulo,23.04,75.42,22.922857142857143,75.2757142857143,23.124000000000002,73.368
2021-03-06,Sao Paulo,21.49,87.25,23.224285714285713,74.26714285714286,23.142,73.39333333333333
2021-03-07,Sao Paulo,21.27,85.37,23.238571428571426,74.99428571428572,23.008,74.22933333333334
2021-03-08,Sao Paulo,22.31,76.79,23.09857142857143,75.69571428571429,22.87333333333333,75.046
2021-03-09,Sao Paulo,22.67,69.17,22.97142857142857,76.01714285714286,22.822,75.31533333333333
2021-03-10,Sao Paulo,21.78,67.75,22.822857142857142,75.35142857142857,22.786,75.21866666666668
2021-03-11,Sao Paulo,22.92,72.12,22.397142857142857,75.90428571428572,22.61133333333333,75.58266666666667
2021-03-12,Sao Paulo,23.58,74.64,22.211428571428574,76.26714285714286,22.514666666666663,76.08266666666667
2021-03-13,Sao Paulo,23.68,74.08,22.28857142857143,76.1557142857143,22.634666666666664,75.696
2021-03-14,Sao Paulo,24.05,71.25,22.601428571428574,74.27428571428571,22.817999999999998,75.136
2021-03-15,Sao Paulo,23.85,70.04,22.998571428571427,72.25714285714285,22.995333333333335,74.40866666666668
2021-03-16,Sao Paulo,23.61,72.12,23.218571428571433,71.29285714285713,23.102,73.714
2021-03-17,Sao Paulo,24.73,66.21,23.352857142857143,71.71428571428571,23.12933333333334,73.55266666666668
2021-03-18,Sao Paulo,23.6,75.16,23.774285714285718,71.49428571428572,23.197333333333333,73.04466666666666
2021-03-19,Sao Paulo,22.67,81.0,23.87142857142857,71.92857142857143,23.12,73.79666666666667
2021-03-20,Sao Paulo,23.66,76.67,23.74142857142857,72.83714285714287,23.016666666666666,74.55799999999999
2021-03-21,Sao Paulo,24.67,68.58,23.738571428571426,73.20714285714287,23.058,74.64133333333334
2021-03-22,Sao Paulo,25.37,68.92,23.82714285714286,72.82571428571428,23.27,73.39666666666668
2021-03-23,Sao Paulo,24.26,67.83,24.044285714285714,72.66571428571429,23.543333333333337,72.3
2021-03-24,Sao Paulo,24.57,68.46,24.13714285714286,72.05285714285714,23.673333333333336,71.70266666666666
2021-03-25,Sao Paulo,23.77,69.42,24.114285714285717,72.37428571428572,23.8,71.65533333333333
2021-03-26,Sao Paulo,24.69,66.0,24.138571428571428,71.55428571428571,23.932666666666666,71.76666666666667
2021-03-27,Sao Paulo,25.3,65.38,24.427142857142858,69.41142857142857,24.050666666666668,71.35866666666668
2021-03-28,Sao Paulo,24.92,65.04,24.661428571428576,67.79857142857142,24.165333333333333,70.74133333333334
2021-03-29,Sao Paulo,24.75,63.33,24.697142857142858,67.29285714285714,24.248,70.13866666666667
2021-03-30,Sao Paulo,22.78,68.67,24.608571428571427,66.49428571428571,24.294666666666668,69.61066666666667
2021-03-31,Sao Paulo,20.23,71.0,24.397142857142857,66.61428571428571,24.223333333333336,69.51933333333334
2021-04-01,Sao Paulo,19.41,67.75,23.77714285714286,66.97714285714287,23.997999999999998,69.44466666666668
2021-04-02,Sao Paulo,19.84,72.17,23.154285714285717,66.73857142857143,23.643333333333334,69.54733333333334
2021-04-03,Sao Paulo,20.06,74.25,22.461428571428574,67.62,23.392666666666667,69.348
2021-04-04,Sao Paulo,20.56,70.0,21.712857142857143,68.88714285714286,23.218666666666664,68.898
2021-04-05,Sao Paulo,20.69,70.12,21.09,69.5957142857143,23.012,68.45333333333333
2021-04-06,Sao Paulo,19.7,79.21,20.509999999999998,70.5657142857143,22.746666666666666,68.556
2021-04-07,Sao Paulo,20.22,75.21,20.07,72.07142857142857,22.368666666666666,69.24199999999999
2021-04-08,Sao Paulo,20.42,68.25,20.068571428571428,72.67285714285714,22.099333333333334,69.734
2021-04-09,Sao Paulo,20.87,66.29,20.212857142857143,72.74428571428571,21.82266666666667,69.72
2021-04-10,Sao Paulo,22.28,62.04,20.360000000000003,71.9042857142857,21.62933333333334,69.51133333333334
2021-04-11,Sao Paulo,22.67,56.42,20.677142857142858,70.16,21.468666666666664,69.24733333333333
2021-04-12,Sao Paulo,22.28,62.88,20.978571428571428,68.22,21.293333333333337,68.65
2021-04-13,Sao Paulo,19.47,77.4,21.205714285714286,67.18571428571428,21.11733333333333,68.50600000000001
2021-04-14,Sao Paulo,18.94,72.38,21.172857142857143,66.92714285714285,20.765333333333334,69.444
2021-04-15,Sao Paulo,19.66,71.38,20.990000000000002,66.52285714285715,20.509333333333334,69.69133333333333
2021-04-16,Sao Paulo,19.99,72.75,20.881428571428575,66.97,20.471333333333337,69.71666666666667
2021-04-17,Sao Paulo,21.06,68.92,20.755714285714284,67.89285714285714,20.509999999999998,70.05
2021-04-18,Sao Paulo,19.72,81.38,20.58142857142857,68.87571428571428,20.591333333333335,69.83333333333333
2021-04-19,Sao Paulo,18.53,80.68,20.16,72.44142857142857,20.56866666666667,70.30866666666665
2021-04-20,Sao Paulo,18.33,77.25,19.624285714285715,74.98428571428572,20.433333333333334,71.02066666666666
2021-04-21,Sao Paulo,18.18,77.17,19.461428571428574,74.96285714285715,20.276,71.49600000000001
2021-04-22,Sao Paulo,17.48,81.38,19.352857142857143,75.64714285714285,20.174666666666667,71.35999999999999
2021-04-23,Sao Paulo,17.81,75.33,19.041428571428572,77.07571428571428,19.992,71.77133333333333
2021-04-24,Sao Paulo,19.74,67.04,18.73,77.44428571428571,19.817999999999998,72.24333333333334
2021-04-25,Sao Paulo,20.7,72.04,18.541428571428572,77.17571428571429,19.742666666666665,72.29333333333334
2021-04-26,Sao Paulo,20.45,76.62,18.68142857142857,75.84142857142857,19.637333333333334,72.96000000000001
2021-04-27,Sao Paulo,19.18,78.88,18.955714285714286,75.26142857142858,19.48933333333333,74.30666666666666
2021-04-28,Sao Paulo,18.62,72.38,19.077142857142857,75.49428571428572,19.282666666666668,75.37333333333335
2021-04-29,Sao Paulo,17.28,73.96,19.139999999999997,74.81000000000002,19.226,75.03866666666666
2021-04-30,Sao Paulo,17.65,72.33,19.111428571428572,73.75,19.115333333333336,75.144
2021-05-01,Sao Paulo,17.84,73.0,19.08857142857143,73.32142857142857,18.981333333333335,75.20733333333332
2021-05-02,Sao Paulo,18.73,70.17,18.81714285714286,74.17285714285715,18.838,75.22399999999999
2021-05-03,Sao Paulo,18.76,76.71,18.535714285714285,73.9057142857143,18.682666666666666,75.30733333333335
2021-05-04,Sao Paulo,20.17,68.08,18.294285714285714,73.91857142857143,18.618666666666666,74.99600000000001
2021-05-05,Sao Paulo,20.87,64.96,18.435714285714287,72.37571428571428,18.728,74.15599999999999
2021-05-06,Sao Paulo,21.09,66.21,18.75714285714286,71.31571428571428,18.897333333333336,73.33666666666666
2021-05-07,Sao Paulo,17.24,79.92,19.301428571428573,70.20857142857143,19.091333333333335,72.606
2021-05-08,Sao Paulo,16.67,77.29,19.24285714285714,71.29285714285713,19.075333333333333,72.50866666666666
2021-05-09,Sao Paulo,17.68,74.38,19.075714285714287,71.90571428571428,18.999333333333333,72.63933333333334
2021-05-10,Sao Paulo,18.25,70.08,18.92571428571429,72.50714285714285,18.862000000000002,73.12866666666666
2021-05-11,Sao Paulo,18.98,70.83,18.852857142857143,71.55999999999999,18.698666666666668,72.998
2021-05-12,Sao Paulo,17.55,79.12,18.68285714285714,71.95285714285714,18.600666666666665,72.61200000000001
2021-05-13,Sao Paulo,15.76,84.46,18.208571428571428,73.97571428571429,18.492,72.628
2021-05-14,Sao Paulo,16.58,74.25,17.447142857142858,76.58285714285714,18.301333333333332,73.43333333333334
2021-05-15,Sao Paulo,17.32,77.08,17.352857142857143,75.77285714285713,18.25466666666667,73.45266666666666
2021-05-16,Sao Paulo,17.97,75.67,17.445714285714285,75.74285714285715,18.232666666666667,73.76933333333334
