date,city_name,lat,lon,temp_mean,humidity_mean,temp_min,temp_max,1_7_day_avg_temp,8_14_day_avg_temp,1_7_day_avg_humidity,8_14_day_avg_humidity,percent_change_in_temp,percent_change_in_humidity
1/1/2020,New York,40.712775,-74.005973,4.07,60.71,2,7.22,,,,,,
1/2/2020,New York,40.712775,-74.005973,3.26,58.62,-3.33,10,,,,,,
1/3/2020,New York,40.712775,-74.005973,7.42,78.12,4.44,9.44,,,,,,
1/4/2020,New York,40.712775,-74.005973,8.63,94.88,6.67,11.11,,,,,,
1/5/2020,New York,40.712775,-74.005973,4.92,59.67,2.22,10.56,,,,,,
1/6/2020,New York,40.712775,-74.005973,2.7,67.04,-1.11,7.78,,,,,,
1/7/2020,New York,40.712775,-74.005973,4.41,51.67,0.56,7.22,,,,,,
1/8/2020,New York,40.712775,-74.005973,2.37,67.79,-1.11,6.67,5.06,,67.24,,,
1/9/2020,New York,40.712775,-74.005973,-1.83,45.54,-5.56,2,4.82,,68.26,,,
1/10/2020,New York,40.712775,-74.005973,3.99,67.29,-1.67,13,4.09,,66.39,,,
1/11/2020,New York,40.712775,-74.005973,12.98,72.46,6.67,21.11,3.6,,64.84,,,
1/12/2020,New York,40.712775,-74.005973,16.91,66.38,11,20,4.22,,61.64,,,
1/13/2020,New York,40.712775,-74.005973,6.19,66.04,1.11,14,5.93,,62.6,,,
1/14/2020,New York,40.712775,-74.005973,5.18,81.96,1.11,8.33,6.43,,62.45,,,
1/15/2020,New York,40.712775,-74.005973,7.21,76.75,4,11.11,6.54,5.06,66.78,67.24,-29.25,0.68
1/16/2020,New York,40.712775,-74.005973,6.97,71.04,2.78,10,7.23,4.82,68.06,68.26,-50,0.29
1/17/2020,New York,40.712775,-74.005973,-1.48,40.42,-6.67,4.55,8.49,4.09,71.7,66.39,-107.58,-8
1/18/2020,New York,40.712775,-74.005973,-4.42,56.04,-7.22,1.11,7.71,3.6,67.86,64.84,-114.17,-4.66
1/19/2020,New York,40.712775,-74.005973,3.39,76.44,-1.67,7.22,5.22,4.22,65.52,61.64,-23.7,-6.29
1/20/2020,New York,40.712775,-74.005973,-2.58,45.25,-7.22,2.78,3.29,5.93,66.96,62.6,44.52,-6.96
1/21/2020,New York,40.712775,-74.005973,-3.47,46.88,-8.33,2.22,2.04,6.43,63.99,62.45,68.27,-2.47
1/22/2020,New York,40.712775,-74.005973,-1.12,54.21,-6.67,6,0.8,6.54,58.97,66.78,87.77,11.7
1/23/2020,New York,40.712775,-74.005973,1.97,59.67,-5,8,-0.39,7.23,55.75,68.06,105.39,18.09
1/24/2020,New York,40.712775,-74.005973,4.68,57.88,-2.78,11.67,-1.1,8.49,54.13,71.7,112.96,24.5
1/25/2020,New York,40.712775,-74.005973,5.69,79.38,2.78,11.11,-0.22,7.71,56.62,67.86,102.85,16.56
1/26/2020,New York,40.712775,-74.005973,5.55,75.75,1,10,1.22,5.22,59.96,65.52,76.63,8.49
1/27/2020,New York,40.712775,-74.005973,4.42,63.42,0.56,7.78,1.53,3.29,59.86,66.96,53.5,10.6
1/28/2020,New York,40.712775,-74.005973,4.47,55.88,2.22,7.22,2.53,2.04,62.46,63.99,-24.02,2.39
1/29/2020,New York,40.712775,-74.005973,2.69,49.5,0,6,3.67,0.8,63.74,58.97,-358.75,-8.09
1/30/2020,New York,40.712775,-74.005973,-0.49,49.83,-5,4,4.21,-0.39,63.07,55.75,1179.49,-13.13
1/31/2020,New York,40.712775,-74.005973,2.23,71.88,-2.22,6.67,3.86,-1.1,61.66,54.13,450.91,-13.91
2/1/2020,New York,40.712775,-74.005973,4.19,85.88,1.49,7,3.51,-0.22,63.66,56.62,1695.45,-12.43
2/2/2020,New York,40.712775,-74.005973,3.97,76.32,1,7.22,3.29,1.22,64.59,59.96,-169.67,-7.72
2/3/2020,New York,40.712775,-74.005973,6.07,76.12,1.11,14.44,3.07,1.53,64.67,59.86,-100.65,-8.04
2/4/2020,New York,40.712775,-74.005973,8.35,71.62,3.17,16.11,3.3,2.53,66.49,62.46,-30.43,-6.45
2/5/2020,New York,40.712775,-74.005973,6.99,69.79,3.33,14.44,3.86,3.67,68.74,63.74,-5.18,-7.84
2/6/2020,New York,40.712775,-74.005973,4.28,81.67,1.67,6.67,4.47,4.21,71.63,63.07,-6.18,-13.57
2/7/2020,New York,40.712775,-74.005973,5.37,89.38,1.11,14,5.15,3.86,76.18,61.66,-33.42,-23.55
2/8/2020,New York,40.712775,-74.005973,1.57,51.92,-2.22,6.11,5.6,3.51,78.68,63.66,-59.54,-23.59
2/9/2020,New York,40.712775,-74.005973,2.28,65.92,-2.22,8.89,5.23,3.29,73.83,64.59,-58.97,-14.31
2/10/2020,New York,40.712775,-74.005973,5.98,76.25,1.67,8.33,4.99,3.07,72.35,64.67,-62.54,-11.88
2/11/2020,New York,40.712775,-74.005973,7.13,94.54,5.56,10,4.97,3.3,72.36,66.49,-50.61,-8.83
2/12/2020,New York,40.712775,-74.005973,5.98,56.62,2.22,9.44,4.8,3.86,75.64,68.74,-24.35,-10.04
2/13/2020,New York,40.712775,-74.005973,4.23,86.67,1.67,6.89,4.66,4.47,73.76,71.63,-4.25,-2.97
2/14/2020,New York,40.712775,-74.005973,1.42,54.29,-4,7.22,4.65,5.15,74.47,76.18,9.71,2.24
2/15/2020,New York,40.712775,-74.005973,-5.86,49.29,-11.11,0,4.08,5.6,69.46,78.68,27.14,11.72
2/16/2020,New York,40.712775,-74.005973,0.99,66.42,-3.33,8,3.02,5.23,69.08,73.83,42.26,6.43
2/17/2020,New York,40.712775,-74.005973,5.48,53,-0.56,11.11,2.84,4.99,69.15,72.35,43.09,4.42
2/18/2020,New York,40.712775,-74.005973,5.43,67.29,2,10,2.77,4.97,65.83,72.36,44.27,9.02
2/19/2020,New York,40.712775,-74.005973,6.72,56.54,3.89,10,2.52,4.8,61.94,75.64,47.5,18.11
2/20/2020,New York,40.712775,-74.005973,0.69,43.58,-3.33,5.56,2.63,4.66,61.93,73.76,43.56,16.04
2/21/2020,New York,40.712775,-74.005973,-2.29,40.88,-7.22,3,2.12,4.65,55.77,74.47,54.41,25.11
2/22/2020,New York,40.712775,-74.005973,2.56,39.54,-3.33,11,1.59,4.08,53.86,69.46,61.03,22.46
2/23/2020,New York,40.712775,-74.005973,6.25,35.38,-3,14,2.8,3.02,52.46,69.08,7.28,24.06
2/24/2020,New York,40.712775,-74.005973,7.8,48.92,0,17,3.55,2.84,48.03,69.15,-25,30.54
2/25/2020,New York,40.712775,-74.005973,8.67,76.96,5.56,11.67,3.88,2.77,47.45,65.83,-40.07,27.92
2/26/2020,New York,40.712775,-74.005973,7.75,93.25,6,9.44,4.34,2.52,48.83,61.94,-72.22,21.17
2/27/2020,New York,40.712775,-74.005973,5.8,72.92,1.11,9.54,4.49,2.63,54.07,61.93,-70.72,12.69
2/28/2020,New York,40.712775,-74.005973,1.09,45.76,-2.78,6,5.22,2.12,58.26,55.77,-146.23,-4.46
2/29/2020,New York,40.712775,-74.005973,0.4,44.08,-3,4.44,5.7,1.59,58.96,53.86,-258.49,-9.47
3/1/2020,New York,40.712775,-74.005973,-0.1,45.71,-5,7.78,5.39,2.8,59.61,52.46,-92.5,-13.63
3/2/2020,New York,40.712775,-74.005973,6.61,52.25,-1.11,16.11,4.49,3.55,61.09,48.03,-26.48,-27.19
3/3/2020,New York,40.712775,-74.005973,11.27,70.72,6.11,16.11,4.32,3.88,61.56,47.45,-11.34,-29.74
3/4/2020,New York,40.712775,-74.005973,10.21,58.76,6.11,14,4.69,4.34,60.67,48.83,-8.06,-24.25
3/5/2020,New York,40.712775,-74.005973,7.84,48.25,2.78,12.22,5.04,4.49,55.74,54.07,-12.25,-3.09
3/6/2020,New York,40.712775,-74.005973,5.15,77.19,1.67,8.33,5.33,5.22,52.22,58.26,-2.11,10.37
3/7/2020,New York,40.712775,-74.005973,4.51,59.54,1.57,9.44,5.91,5.7,56.71,58.96,-3.68,3.82
3/8/2020,New York,40.712775,-74.005973,6.38,37.08,-1.11,16,6.5,5.39,58.92,59.61,-20.59,1.16
3/9/2020,New York,40.712775,-74.005973,12.35,36.33,4,23,7.42,4.49,57.68,61.09,-65.26,5.58
3/10/2020,New York,40.712775,-74.005973,14.87,48.21,8,19,8.24,4.32,55.41,61.56,-90.74,9.99
3/11/2020,New York,40.712775,-74.005973,11.42,54.38,5,18,8.76,4.69,52.19,60.67,-86.78,13.98
3/12/2020,New York,40.712775,-74.005973,7.59,61.71,3,12.22,8.93,5.04,51.57,55.74,-77.18,7.48
3/13/2020,New York,40.712775,-74.005973,11.84,81.48,6,22,8.9,5.33,53.49,52.22,-66.98,-2.43
3/14/2020,New York,40.712775,-74.005973,10.22,33.46,5,18,9.85,5.91,54.1,56.71,-66.67,4.6
3/15/2020,New York,40.712775,-74.005973,8.44,39.46,5,13.33,10.67,6.5,50.38,58.92,-64.15,14.49
3/16/2020,New York,40.712775,-74.005973,4.49,43,-1.11,10.56,10.96,7.42,50.72,57.68,-47.71,12.07
3/17/2020,New York,40.712775,-74.005973,7.22,78.04,3.89,13,9.84,8.24,51.67,55.41,-19.42,6.75
3/18/2020,New York,40.712775,-74.005973,8.53,52.33,2.78,12.22,8.75,8.76,55.93,52.19,0.11,-7.17
3/19/2020,New York,40.712775,-74.005973,7.36,82.41,4,11.67,8.33,8.93,55.64,51.57,6.72,-7.89
3/20/2020,New York,40.712775,-74.005973,12.33,83.17,7,26,8.3,8.9,58.6,53.49,6.74,-9.55
3/21/2020,New York,40.712775,-74.005973,11.95,44.62,5,24,8.37,9.85,58.84,54.1,15.03,-8.76
3/22/2020,New York,40.712775,-74.005973,4.13,36.67,0,9,8.62,10.67,60.43,50.38,19.21,-19.95
3/23/2020,New York,40.712775,-74.005973,3.63,80.72,1,6.78,8,10.96,60.03,50.72,27.01,-18.36
3/24/2020,New York,40.712775,-74.005973,6.22,70.75,1.11,14,7.88,9.84,65.42,51.67,19.92,-26.61
3/25/2020,New York,40.712775,-74.005973,6.35,71.75,3.89,11.11,7.74,8.75,64.38,55.93,11.54,-15.11
3/26/2020,New York,40.712775,-74.005973,7.18,61.58,1.11,16.11,7.42,8.33,67.16,55.64,10.92,-20.7
3/27/2020,New York,40.712775,-74.005973,12.93,58.38,7,21,7.4,8.3,64.18,58.6,10.84,-9.52
3/28/2020,New York,40.712775,-74.005973,9.76,59.32,6.67,18,7.48,8.37,60.64,58.84,10.63,-3.06
3/29/2020,New York,40.712775,-74.005973,7.92,92.83,6.67,10.56,7.17,8.62,62.74,60.43,16.82,-3.82
3/30/2020,New York,40.712775,-74.005973,7.89,86.29,5.56,11.67,7.71,8,70.76,60.03,3.63,-17.87
3/31/2020,New York,40.712775,-74.005973,6.67,81.88,4,9.44,8.32,7.88,71.56,65.42,-5.58,-9.39
4/1/2020,New York,40.712775,-74.005973,7.19,60.25,2.78,13.33,8.39,7.74,73.15,64.38,-8.4,-13.62
4/2/2020,New York,40.712775,-74.005973,8.88,45.58,2.78,15,8.51,7.42,71.5,67.16,-14.69,-6.46
4/3/2020,New York,40.712775,-74.005973,9.86,60.88,6.67,12.22,8.75,7.4,69.22,64.18,-18.24,-7.85
4/4/2020,New York,40.712775,-74.005973,10.71,72.04,7.22,16.67,8.31,7.48,69.58,60.64,-11.1,-14.74
4/5/2020,New York,40.712775,-74.005973,10.81,76.21,6.67,18.89,8.45,7.17,71.39,62.74,-17.85,-13.79
4/6/2020,New York,40.712775,-74.005973,12.84,61.5,8,20,8.86,7.71,69.02,70.76,-14.92,2.46
4/7/2020,New York,40.712775,-74.005973,13.93,35.54,8.89,20,9.57,8.32,65.48,71.56,-15.02,8.5
4/8/2020,New York,40.712775,-74.005973,14,67.75,9.99,20,10.6,8.39,58.86,73.15,-26.34,19.54
4/9/2020,New York,40.712775,-74.005973,10.93,76.96,7.22,17.22,11.58,8.51,59.93,71.5,-36.08,16.18
4/10/2020,New York,40.712775,-74.005973,6.9,53.54,2.22,10.71,11.87,8.75,64.41,69.22,-35.66,6.95
4/11/2020,New York,40.712775,-74.005973,7.62,39.04,2.22,13.33,11.45,8.31,63.36,69.58,-37.79,8.94
4/12/2020,New York,40.712775,-74.005973,10.67,48.96,3,18.33,11,8.45,58.65,71.39,-30.18,17.85
4/13/2020,New York,40.712775,-74.005973,14.32,88.31,10.56,21,10.98,8.86,54.76,69.02,-23.93,20.66
4/14/2020,New York,40.712775,-74.005973,12.49,49.67,7,20,11.2,9.57,58.59,65.48,-17.03,10.52
4/15/2020,New York,40.712775,-74.005973,8.79,44.67,5,12.22,10.99,10.6,60.6,58.86,-3.68,-2.96
4/16/2020,New York,40.712775,-74.005973,7.69,39,3.89,11,10.25,11.58,57.31,59.93,11.49,4.37
4/17/2020,New York,40.712775,-74.005973,5.62,48.58,0,10.56,9.78,11.87,51.88,64.41,17.61,19.45
4/18/2020,New York,40.712775,-74.005973,6.64,82.36,4.44,8.7,9.6,11.45,51.18,63.36,16.16,19.22
4/19/2020,New York,40.712775,-74.005973,9.08,51.79,1,17.22,9.46,11,57.36,58.65,14,2.2
4/20/2020,New York,40.712775,-74.005973,11.78,46.96,8.89,15.56,9.23,10.98,57.77,54.76,15.94,-5.5
4/21/2020,New York,40.712775,-74.005973,10.2,66.56,5.56,16.67,8.87,11.2,51.86,58.59,20.8,11.49
4/22/2020,New York,40.712775,-74.005973,6.25,37.42,1.11,11.67,8.54,10.99,54.27,60.6,22.29,10.45
4/23/2020,New York,40.712775,-74.005973,6.89,37.79,2.22,12,8.18,10.25,53.24,57.31,20.2,7.1
4/24/2020,New York,40.712775,-74.005973,7.35,85.29,5,10,8.07,9.78,53.07,51.88,17.48,-2.29
4/25/2020,New York,40.712775,-74.005973,10.68,70.42,4,18,8.31,9.6,58.31,51.18,13.44,-13.93
4/26/2020,New York,40.712775,-74.005973,9.08,75.74,7.22,12.22,8.89,9.46,56.6,57.36,6.03,1.32
4/27/2020,New York,40.712775,-74.005973,6.84,78.69,3.89,11,8.89,9.23,60.03,57.77,3.68,-3.91
4/28/2020,New York,40.712775,-74.005973,10.25,57.79,3.33,20,8.18,8.87,64.56,51.86,7.78,-24.49
4/29/2020,New York,40.712775,-74.005973,10.78,74.04,6.67,16.67,8.19,8.54,63.31,54.27,4.1,-16.66
4/30/2020,New York,40.712775,-74.005973,11.9,84.81,8.89,17,8.84,8.18,68.54,53.24,-8.07,-28.74
5/1/2020,New York,40.712775,-74.005973,13.85,88.7,10.56,19.44,9.55,8.07,75.25,53.07,-18.34,-41.79
5/2/2020,New York,40.712775,-74.005973,16.6,47.75,9.44,23.89,10.48,8.31,75.74,58.31,-26.11,-29.89
5/3/2020,New York,40.712775,-74.005973,18.88,55.46,11.67,27.22,11.33,8.89,72.5,56.6,-27.45,-28.09
5/4/2020,New York,40.712775,-74.005973,18.86,45,13,26,12.73,8.89,69.61,60.03,-43.19,-15.96
5/5/2020,New York,40.712775,-74.005973,11.8,39.54,6.67,18,14.45,8.18,64.79,64.56,-76.65,-0.36
5/6/2020,New York,40.712775,-74.005973,10.57,59.29,7.22,16.11,14.67,8.19,62.19,63.31,-79.12,1.77
5/7/2020,New York,40.712775,-74.005973,12.03,54.04,6.11,21,14.64,8.84,60.08,68.54,-65.61,12.34
5/8/2020,New York,40.712775,-74.005973,11.26,48.79,7,18,14.66,9.55,55.68,75.25,-53.51,26.01
5/9/2020,New York,40.712775,-74.005973,5.15,58.58,0,9.44,14.29,10.48,49.98,75.74,-36.35,34.01
5/10/2020,New York,40.712775,-74.005973,9.42,44.42,1,18.33,12.65,11.33,51.53,72.5,-11.65,28.92
5/11/2020,New York,40.712775,-74.005973,12.26,59.88,7,17.22,11.3,12.73,49.95,69.61,11.23,28.24
5/12/2020,New York,40.712775,-74.005973,10.31,44.58,5,16.11,10.36,14.45,52.08,64.79,28.3,19.62
5/13/2020,New York,40.712775,-74.005973,11.29,36.33,3.33,19,10.14,14.67,52.8,62.19,30.88,15.1
5/14/2020,New York,40.712775,-74.005973,13.29,49.38,5,19.44,10.25,14.64,49.52,60.08,29.99,17.58
5/15/2020,New York,40.712775,-74.005973,20.42,64.29,13.33,30.56,10.43,14.66,48.85,55.68,28.85,12.27
5/16/2020,New York,40.712775,-74.005973,21.88,57.04,17.1,28.33,11.73,14.29,51.07,49.98,17.91,-2.18
5/17/2020,New York,40.712775,-74.005973,16,58.54,11.49,22.22,14.12,12.65,50.85,51.53,-11.62,1.32
5/18/2020,New York,40.712775,-74.005973,15.34,61.62,11.11,22.22,15.06,11.3,52.86,49.95,-33.27,-5.83
5/19/2020,New York,40.712775,-74.005973,15.82,51,12,21.11,15.5,10.36,53.11,52.08,-49.61,-1.98
5/20/2020,New York,40.712775,-74.005973,13.64,47.46,8.89,20,16.29,10.14,54.03,52.8,-60.65,-2.33
5/21/2020,New York,40.712775,-74.005973,12.87,60.62,6,20.56,16.63,10.25,55.62,49.52,-62.24,-12.32
5/22/2020,New York,40.712775,-74.005973,16.64,74.44,10,25.56,16.57,10.43,57.22,48.85,-58.87,-17.13
5/23/2020,New York,40.712775,-74.005973,17.19,91.86,13.89,21,16.03,11.73,58.67,51.07,-36.66,-14.88
5/24/2020,New York,40.712775,-74.005973,14.67,65.12,10.56,21.11,15.36,14.12,63.65,50.85,-8.78,-25.17
5/25/2020,New York,40.712775,-74.005973,16.24,75.71,12.78,24.44,15.17,15.06,64.59,52.86,-0.73,-22.19
5/26/2020,New York,40.712775,-74.005973,18.04,81.88,12.78,26.11,15.3,15.5,66.6,53.11,1.29,-25.4
5/27/2020,New York,40.712775,-74.005973,18.79,80.5,13.89,27.22,15.61,16.29,71.01,54.03,4.17,-31.43
5/28/2020,New York,40.712775,-74.005973,19.75,86.54,15,26.11,16.35,16.63,75.73,55.62,1.68,-36.16
5/29/2020,New York,40.712775,-74.005973,22.15,82.29,16.67,30,17.33,16.57,79.44,57.22,-4.59,-38.83
5/30/2020,New York,40.712775,-74.005973,22.93,65.38,17.22,29,18.12,16.03,80.56,58.67,-13.04,-37.31
5/31/2020,New York,40.712775,-74.005973,19.1,42.17,12.78,27,18.94,15.36,76.77,63.65,-23.31,-20.61
6/1/2020,New York,40.712775,-74.005973,16.04,40.38,8.89,23,19.57,15.17,73.5,64.59,-29,-13.79
6/2/2020,New York,40.712775,-74.005973,18.56,47.25,12,24,19.54,15.3,68.45,66.6,-27.71,-2.78
6/3/2020,New York,40.712775,-74.005973,20.53,70.73,15,28,19.62,15.61,63.5,71.01,-25.69,10.58
6/4/2020,New York,40.712775,-74.005973,23.69,70.21,17,32.22,19.87,16.35,62.11,75.73,-21.53,17.98
6/5/2020,New York,40.712775,-74.005973,22.86,79.64,18,28,20.43,17.33,59.77,79.44,-17.89,24.76
6/6/2020,New York,40.712775,-74.005973,24.5,80.4,18.89,32.22,20.53,18.12,59.39,80.56,-13.3,26.28
6/7/2020,New York,40.712775,-74.005973,22.34,42.96,16.67,28.33,20.75,18.94,61.54,76.77,-9.56,19.84
6/8/2020,New York,40.712775,-74.005973,21.09,42.75,13.33,28,21.22,19.57,61.65,73.5,-8.43,16.12
6/9/2020,New York,40.712775,-74.005973,23.99,52.79,16,33.33,21.94,19.54,61.99,68.45,-12.28,9.44
6/10/2020,New York,40.712775,-74.005973,25.38,62.21,19.44,31.67,22.71,19.62,62.78,63.5,-15.75,1.13
6/11/2020,New York,40.712775,-74.005973,23.78,81.63,19.44,29.44,23.41,19.87,61.57,62.11,-17.82,0.87
6/12/2020,New York,40.712775,-74.005973,24.78,63.62,18.89,31.11,23.42,20.43,63.2,59.77,-14.64,-5.74
6/13/2020,New York,40.712775,-74.005973,21.16,44.25,15,28.33,23.69,20.53,60.91,59.39,-15.39,-2.56
6/14/2020,New York,40.712775,-74.005973,17.75,47.21,11,25,23.22,20.75,55.74,61.54,-11.9,9.42
6/15/2020,New York,40.712775,-74.005973,19.01,59.46,13,25,22.56,21.22,56.35,61.65,-6.31,8.6
6/16/2020,New York,40.712775,-74.005973,19.57,59.79,13.89,26.11,22.26,21.94,58.74,61.99,-1.46,5.24
6/17/2020,New York,40.712775,-74.005973,20.13,65.17,14.44,27,21.63,22.71,59.74,62.78,4.76,4.84
6/18/2020,New York,40.712775,-74.005973,20.51,82.33,16.67,27.22,20.88,23.41,60.16,61.57,10.81,2.29
6/19/2020,New York,40.712775,-74.005973,22.07,78.96,17.22,29.44,20.42,23.42,60.26,63.2,12.81,4.65
6/20/2020,New York,40.712775,-74.005973,24.01,71.67,17.78,31.11,20.03,23.69,62.45,60.91,15.45,-2.53
6/21/2020,New York,40.712775,-74.005973,24.48,71.12,18.33,31.67,20.44,23.22,66.37,55.74,11.97,-19.07
6/22/2020,New York,40.712775,-74.005973,26.32,68.12,20,35,21.4,22.56,69.79,56.35,5.14,-23.85
6/23/2020,New York,40.712775,-74.005973,26.12,69.38,20.56,31.67,22.44,22.26,71.02,58.74,-0.81,-20.91
6/24/2020,New York,40.712775,-74.005973,26.12,66,22,31.11,23.38,21.63,72.39,59.74,-8.09,-21.18
6/25/2020,New York,40.712775,-74.005973,25.58,49.88,20,31.67,24.23,20.88,72.51,60.16,-16.04,-20.53
6/26/2020,New York,40.712775,-74.005973,25.04,60.33,18.89,32,24.96,20.42,67.88,60.26,-22.23,-12.65
6/27/2020,New York,40.712775,-74.005973,24.64,65.67,20,30,25.38,20.03,65.21,62.45,-26.71,-4.42
6/28/2020,New York,40.712775,-74.005973,26.19,75.76,21,33.89,25.47,20.44,64.36,66.37,-24.61,3.03
6/29/2020,New York,40.712775,-74.005973,25.4,68.12,20,32.22,25.72,21.4,65.02,69.79,-20.19,6.83
6/30/2020,New York,40.712775,-74.005973,22.82,72.83,18.33,26.67,25.58,22.44,65.02,71.02,-13.99,8.45
7/1/2020,New York,40.712775,-74.005973,22.59,77.92,18.89,28,25.11,23.38,65.51,72.39,-7.4,9.5
7/2/2020,New York,40.712775,-74.005973,25.68,66.79,18.89,35,24.61,24.23,67.22,72.51,-1.57,7.3
7/3/2020,New York,40.712775,-74.005973,28.53,56.46,22.78,35,24.62,24.96,69.63,67.88,1.36,-2.58
7/4/2020,New York,40.712775,-74.005973,23.95,77.33,19.44,32.22,25.12,25.38,69.08,65.21,1.02,-5.93
7/5/2020,New York,40.712775,-74.005973,26.41,69.88,21.11,35,25.02,25.47,70.74,64.36,1.77,-9.91
7/6/2020,New York,40.712775,-74.005973,27.23,65.12,21,36.11,25.05,25.72,69.9,65.02,2.6,-7.51
7/7/2020,New York,40.712775,-74.005973,24.08,79.75,21.11,28.89,25.32,25.58,69.48,65.02,1.02,-6.86
7/8/2020,New York,40.712775,-74.005973,25.81,80,22.78,31,25.5,25.11,70.46,65.51,-1.55,-7.56
7/9/2020,New York,40.712775,-74.005973,26.52,76.83,21.67,33.33,25.96,24.61,70.76,67.22,-5.49,-5.27
7/10/2020,New York,40.712775,-74.005973,24.25,89.7,22.22,28,26.08,24.62,72.2,69.63,-5.93,-3.69
7/11/2020,New York,40.712775,-74.005973,25.17,84.72,21.67,31.67,25.46,25.12,76.94,69.08,-1.35,-11.38
7/12/2020,New York,40.712775,-74.005973,26.59,65.08,21.11,33.33,25.64,25.02,78,70.74,-2.48,-10.26
7/13/2020,New York,40.712775,-74.005973,26.85,61.83,20.56,32.78,25.66,25.05,77.31,69.9,-2.44,-10.6
7/14/2020,New York,40.712775,-74.005973,26.15,54.29,20,31.67,25.61,25.32,76.84,69.48,-1.15,-10.59
7/15/2020,New York,40.712775,-74.005973,24.63,66.92,20,29.44,25.91,25.5,73.21,70.46,-1.61,-3.9
7/16/2020,New York,40.712775,-74.005973,22.99,67.83,20.56,26.67,25.74,25.96,71.34,70.76,0.85,-0.82
7/17/2020,New York,40.712775,-74.005973,23.42,74.96,20,31.67,25.23,26.08,70.05,72.2,3.26,2.98
7/18/2020,New York,40.712775,-74.005973,27.52,66.58,21,35,25.11,25.46,67.95,76.94,1.37,11.68
7/19/2020,New York,40.712775,-74.005973,29.01,65.5,22.78,37.22,25.45,25.64,65.36,78,0.74,16.21
7/20/2020,New York,40.712775,-74.005973,30.42,65.38,25.56,36.11,25.8,25.66,65.42,77.31,-0.55,15.38
7/21/2020,New York,40.712775,-74.005973,29.63,52.04,23.89,35.56,26.31,25.61,65.92,76.84,-2.73,14.21
7/22/2020,New York,40.712775,-74.005973,28.21,73.73,22,35.56,26.8,25.91,65.6,73.21,-3.43,10.39
7/23/2020,New York,40.712775,-74.005973,25.79,83.23,22,33.33,27.31,25.74,66.57,71.34,-6.1,6.69
7/24/2020,New York,40.712775,-74.005973,25.28,82.58,22,30,27.71,25.23,68.77,70.05,-9.83,1.83
7/25/2020,New York,40.712775,-74.005973,26.5,74.83,21,34.44,27.98,25.11,69.86,67.95,-11.43,-2.81
7/26/2020,New York,40.712775,-74.005973,28.97,65.21,23.89,35.56,27.83,25.45,71.04,65.36,-9.35,-8.69
7/27/2020,New York,40.712775,-74.005973,29.99,52.71,23,36.67,27.83,25.8,71,65.42,-7.87,-8.53
7/28/2020,New York,40.712775,-74.005973,30.42,61.88,25.56,35.56,27.77,26.31,69.19,65.92,-5.55,-4.96
7/29/2020,New York,40.712775,-74.005973,28.59,61.21,23,34.44,27.88,26.8,70.6,65.6,-4.03,-7.62
7/30/2020,New York,40.712775,-74.005973,28.83,57.46,22.78,35,27.93,27.31,68.81,66.57,-2.27,-3.36
7/31/2020,New York,40.712775,-74.005973,24.91,78.11,21,31.67,28.37,27.71,65.13,68.77,-2.38,5.29
8/1/2020,New York,40.712775,-74.005973,26.23,68.96,21,33.33,28.32,27.98,64.49,69.86,-1.22,7.69
8/2/2020,New York,40.712775,-74.005973,27.31,73.83,24.44,33.89,28.28,27.83,63.65,71.04,-1.62,10.4
8/3/2020,New York,40.712775,-74.005973,28.72,62.79,24.44,33.33,28.04,27.83,64.88,71,-0.75,8.62
8/4/2020,New York,40.712775,-74.005973,24.85,80.97,21,30.56,27.86,27.77,66.32,69.19,-0.32,4.15
8/5/2020,New York,40.712775,-74.005973,26.46,66.67,21,32.78,27.06,27.88,69.05,70.6,2.94,2.2
8/6/2020,New York,40.712775,-74.005973,24.69,60.29,20,29.44,26.76,27.93,69.83,68.81,4.19,-1.48
8/7/2020,New York,40.712775,-74.005973,23.52,68.88,19.44,27.78,26.17,28.37,70.23,65.13,7.75,-7.83
8/8/2020,New York,40.712775,-74.005973,23.79,79.4,20,30,25.97,28.32,68.91,64.49,8.3,-6.85
8/9/2020,New York,40.712775,-74.005973,25.42,77.17,20.56,32.22,25.62,28.28,70.4,63.65,9.41,-10.6
8/10/2020,New York,40.712775,-74.005973,28.03,72.75,22.78,35,25.35,28.04,70.88,64.88,9.59,-9.25
8/11/2020,New York,40.712775,-74.005973,27.83,73.08,23.8,32.22,25.25,27.86,72.3,66.32,9.37,-9.02
8/12/2020,New York,40.712775,-74.005973,27.52,76.85,23.89,33.89,25.68,27.06,71.18,69.05,5.1,-3.08
8/13/2020,New York,40.712775,-74.005973,25.47,81.73,22,29,25.83,26.76,72.63,69.83,3.48,-4.01
8/14/2020,New York,40.712775,-74.005973,26.02,68.42,21.67,32,25.94,26.17,75.69,70.23,0.88,-7.77
8/15/2020,New York,40.712775,-74.005973,25.1,56.71,21,30,26.3,25.97,75.63,68.91,-1.27,-9.75
8/16/2020,New York,40.712775,-74.005973,21.26,78.88,18.89,25,26.48,25.62,72.39,70.4,-3.36,-2.83
8/17/2020,New York,40.712775,-74.005973,21.91,70.58,16.67,29.44,25.89,25.35,72.63,70.88,-2.13,-2.47
8/18/2020,New York,40.712775,-74.005973,23.05,72.69,17,30,25.02,25.25,72.32,72.3,0.91,-0.03
8/19/2020,New York,40.712775,-74.005973,22.46,72.4,18.89,27.22,24.33,25.68,72.27,71.18,5.26,-1.53
8/20/2020,New York,40.712775,-74.005973,22.38,57.62,16,29,23.61,25.83,71.63,72.63,8.59,1.38
8/21/2020,New York,40.712775,-74.005973,24.09,65.88,17.78,31.11,23.17,25.94,68.19,75.69,10.68,9.91
8/22/2020,New York,40.712775,-74.005973,26.52,72.79,22,33.33,22.89,26.3,67.82,75.63,12.97,10.33
8/23/2020,New York,40.712775,-74.005973,26.12,74.21,21.11,32,23.1,26.48,70.12,72.39,12.76,3.14
8/24/2020,New York,40.712775,-74.005973,27.37,71.71,22.22,34,23.79,25.89,69.45,72.63,8.11,4.38
8/25/2020,New York,40.712775,-74.005973,27.79,65.38,22.22,33.33,24.57,25.02,69.61,72.32,1.8,3.75
8/26/2020,New York,40.712775,-74.005973,23.51,51,18.33,27.78,25.25,24.33,68.57,72.27,-3.78,5.12
8/27/2020,New York,40.712775,-74.005973,25.66,60.12,20.56,34.44,25.4,23.61,65.51,71.63,-7.58,8.54
8/28/2020,New York,40.712775,-74.005973,25.57,72.04,20,32.22,25.87,23.17,65.87,68.19,-11.65,3.4
8/29/2020,New York,40.712775,-74.005973,24.21,85.79,21.67,29.44,26.08,22.89,66.75,67.82,-13.94,1.58
8/30/2020,New York,40.712775,-74.005973,23.62,58.29,18,28,25.75,23.1,68.61,70.12,-11.47,2.15
8/31/2020,New York,40.712775,-74.005973,21.32,55.62,15.56,25.56,25.39,23.79,66.33,69.45,-6.73,4.49
9/1/2020,New York,40.712775,-74.005973,22.28,75.04,18.89,27,24.53,24.57,64.03,69.61,0.16,8.02
9/2/2020,New York,40.712775,-74.005973,23.15,84.22,20,28.33,23.74,25.25,65.41,68.57,5.98,4.61
9/3/2020,New York,40.712775,-74.005973,25.88,68.96,22.22,32.22,23.69,25.4,70.16,65.51,6.73,-7.1
9/4/2020,New York,40.712775,-74.005973,24.78,75.85,19.44,31.67,23.72,25.87,71.42,65.87,8.31,-8.43
9/5/2020,New York,40.712775,-74.005973,23.1,46.83,17,28,23.61,26.08,71.97,66.75,9.47,-7.82
9/6/2020,New York,40.712775,-74.005973,22.88,60.67,17,30,23.45,25.75,66.4,68.61,8.93,3.22
9/7/2020,New York,40.712775,-74.005973,23,66.79,18,27.78,23.34,25.39,66.74,66.33,8.07,-0.62
9/8/2020,New York,40.712775,-74.005973,23.53,72.04,18,30,23.58,24.53,68.34,64.03,3.87,-6.73
9/9/2020,New York,40.712775,-74.005973,23.21,82.46,19,28.89,23.76,23.74,67.91,65.41,-0.08,-3.82
9/10/2020,New York,40.712775,-74.005973,24.53,87.37,22.78,29.44,23.77,23.69,67.66,70.16,-0.34,3.56
9/11/2020,New York,40.712775,-74.005973,23.29,77.71,20.56,26.11,23.58,23.72,70.29,71.42,0.59,1.58
9/12/2020,New York,40.712775,-74.005973,19.25,64.58,15,23.33,23.36,23.61,70.55,71.97,1.06,1.97
9/13/2020,New York,40.712775,-74.005973,20.13,73.62,15.56,25,22.81,23.45,73.09,66.4,2.73,-10.08
9/14/2020,New York,40.712775,-74.005973,22.39,64.58,19.44,25,22.42,23.34,74.94,66.74,3.94,-12.29
9/15/2020,New York,40.712775,-74.005973,15.96,51.62,10.56,22,22.33,23.58,74.62,68.34,5.3,-9.19
9/16/2020,New York,40.712775,-74.005973,17.62,64.92,12,23.33,21.25,23.76,71.71,67.91,10.56,-5.6
9/17/2020,New York,40.712775,-74.005973,20.32,74.33,15,25,20.45,23.77,69.2,67.66,13.97,-2.28
9/18/2020,New York,40.712775,-74.005973,19.52,68.08,15.56,22.78,19.85,23.58,67.34,70.29,15.82,4.2
9/19/2020,New York,40.712775,-74.005973,14.24,37.38,8.33,19.44,19.31,23.36,65.96,70.55,17.34,6.51
9/20/2020,New York,40.712775,-74.005973,13.66,37.88,8,18.33,18.6,22.81,62.08,73.09,18.46,15.06
9/21/2020,New York,40.712775,-74.005973,13.89,44.62,7,19.44,17.67,22.42,56.97,74.94,21.19,23.98
9/22/2020,New York,40.712775,-74.005973,15.59,45.83,8,23.33,16.46,22.33,54.12,74.62,26.29,27.47
9/23/2020,New York,40.712775,-74.005973,19.84,48.08,13,28,16.41,21.25,53.29,71.71,22.78,25.69
9/24/2020,New York,40.712775,-74.005973,20.7,60.17,14,25.56,16.72,20.45,50.89,69.2,18.24,26.46
9/25/2020,New York,40.712775,-74.005973,20.44,72.79,14,27.78,16.78,19.85,48.86,67.34,15.47,27.44
9/26/2020,New York,40.712775,-74.005973,20.32,77.54,16.11,24.44,16.91,19.31,49.54,65.96,12.43,24.89
9/27/2020,New York,40.712775,-74.005973,21.77,82,18.33,27.22,17.78,18.6,55.27,62.08,4.41,10.97
9/28/2020,New York,40.712775,-74.005973,22.36,85.42,20,27.22,18.94,17.67,61.58,56.97,-7.19,-8.09
9/29/2020,New York,40.712775,-74.005973,21.28,85.08,18.33,23.33,20.15,16.46,67.4,54.12,-22.42,-24.54
9/30/2020,New York,40.712775,-74.005973,19.8,77.69,15,22.24,20.96,16.41,73.01,53.29,-27.73,-37.01
10/1/2020,New York,40.712775,-74.005973,18.52,62.58,14,23.33,20.95,16.72,77.24,50.89,-25.3,-51.78
10/2/2020,New York,40.712775,-74.005973,16.42,63,12.22,20,20.64,16.78,77.59,48.86,-23,-58.8
10/3/2020,New York,40.712775,-74.005973,15.43,54.25,10,20.56,20.07,16.91,76.19,49.54,-18.69,-53.79
10/4/2020,New York,40.712775,-74.005973,15.29,59.54,8,20,19.37,17.78,72.86,55.27,-8.94,-31.83
10/5/2020,New York,40.712775,-74.005973,16.24,63.92,10.56,21.11,18.44,18.94,69.65,61.58,2.64,-13.1
10/6/2020,New York,40.712775,-74.005973,17.06,68.71,12,22,17.57,20.15,66.58,67.4,12.8,1.22
10/7/2020,New York,40.712775,-74.005973,18.63,65.33,13.89,25,16.97,20.96,64.24,73.01,19.04,12.01
10/8/2020,New York,40.712775,-74.005973,15.99,48.83,11,21.11,16.8,20.95,62.48,77.24,19.81,19.11
10/9/2020,New York,40.712775,-74.005973,15.16,51.29,9,22.22,16.44,20.64,60.51,77.59,20.35,22.01
10/10/2020,New York,40.712775,-74.005973,17.86,66.46,12.78,22.78,16.26,20.07,58.84,76.19,18.98,22.77
10/11/2020,New York,40.712775,-74.005973,18.48,73.12,16,21.67,16.6,19.37,60.58,72.86,14.3,16.85
10/12/2020,New York,40.712775,-74.005973,12.36,84.74,8.89,17.78,17.06,18.44,62.52,69.65,7.48,10.24
10/13/2020,New York,40.712775,-74.005973,13.42,90.94,11,17.24,16.51,17.57,65.5,66.58,6.03,1.62
10/14/2020,New York,40.712775,-74.005973,15.27,63.67,8.89,22,15.99,16.97,68.67,64.24,5.77,-6.9
10/15/2020,New York,40.712775,-74.005973,17.58,64.29,11,25,15.51,16.8,68.44,62.48,7.68,-9.54
10/16/2020,New York,40.712775,-74.005973,14.8,87.86,10,19,15.73,16.44,70.64,60.51,4.32,-16.74
10/17/2020,New York,40.712775,-74.005973,11.27,65.38,6.11,17,15.68,16.26,75.87,58.84,3.57,-28.94
10/18/2020,New York,40.712775,-74.005973,12.62,59.83,3,18,14.74,16.6,75.71,60.58,11.2,-24.98
10/19/2020,New York,40.712775,-74.005973,14.87,71.58,10,19.44,13.9,17.06,73.82,62.52,18.52,-18.07
10/20/2020,New York,40.712775,-74.005973,17.01,84.52,12.78,23,14.26,16.51,71.94,65.5,13.63,-9.83
10/21/2020,New York,40.712775,-74.005973,17.7,91.64,15.46,22.22,14.77,15.99,71.02,68.67,7.63,-3.42
10/22/2020,New York,40.712775,-74.005973,18.53,92.12,16.11,21.11,15.12,15.51,75.01,68.44,2.51,-9.6
10/23/2020,New York,40.712775,-74.005973,18.05,90.04,16.11,21.67,15.26,15.73,78.99,70.64,2.99,-11.82
10/24/2020,New York,40.712775,-74.005973,17.71,83.04,13.89,22,15.72,15.68,79.3,75.87,-0.26,-4.52
10/25/2020,New York,40.712775,-74.005973,9.81,58.21,5.56,16.15,16.64,14.74,81.82,75.71,-12.89,-8.07
10/26/2020,New York,40.712775,-74.005973,12.07,89.41,8,15.66,16.24,13.9,81.59,73.82,-16.83,-10.53
10/27/2020,New York,40.712775,-74.005973,13.86,82.71,10.56,16.11,15.84,14.26,84.14,71.94,-11.08,-16.96
10/28/2020,New York,40.712775,-74.005973,12.32,82.53,9.44,15,15.39,14.77,83.88,71.02,-4.2,-18.11
10/29/2020,New York,40.712775,-74.005973,11.23,87.19,8.33,15,14.62,15.12,82.58,75.01,3.31,-10.09
10/30/2020,New York,40.712775,-74.005973,6.12,88.88,2.22,10,13.58,15.26,81.88,78.99,11.01,-3.66
10/31/2020,New York,40.712775,-74.005973,4.07,71.04,-1.11,8.33,11.87,15.72,81.71,79.3,24.49,-3.04
11/1/2020,New York,40.712775,-74.005973,9.26,70.42,3,14,9.93,16.64,80,81.82,40.32,2.22
11/2/2020,New York,40.712775,-74.005973,6.42,51.21,2.78,13,9.85,16.24,81.74,81.59,39.35,-0.18
11/3/2020,New York,40.712775,-74.005973,7.56,49.75,2.78,13,9.04,15.84,76.28,84.14,42.93,9.34
11/4/2020,New York,40.712775,-74.005973,10.15,58.04,2,18.33,8.14,15.39,71.57,83.88,47.11,14.68
11/5/2020,New York,40.712775,-74.005973,13.9,72.21,7,21.11,7.83,14.62,68.08,82.58,46.44,17.56
11/6/2020,New York,40.712775,-74.005973,15.49,69.17,8.89,23,8.21,13.58,65.94,81.88,39.54,19.47
11/7/2020,New York,40.712775,-74.005973,16.92,54.25,8,25,9.55,11.87,63.12,81.71,19.55,22.75
11/8/2020,New York,40.712775,-74.005973,17.08,54.71,8,24.44,11.39,9.93,60.72,80,-14.7,24.1
11/9/2020,New York,40.712775,-74.005973,16.11,61.92,7,26,12.5,9.85,58.48,81.74,-26.9,28.46
11/10/2020,New York,40.712775,-74.005973,17.49,71.75,10,24.44,13.89,9.04,60.01,76.28,-53.65,21.33
11/11/2020,New York,40.712775,-74.005973,18.38,86.67,14.86,22.78,15.31,8.14,63.15,71.57,-88.08,11.76
11/12/2020,New York,40.712775,-74.005973,15.8,91.46,7.78,20,16.48,7.83,67.24,68.08,-110.47,1.23
11/13/2020,New York,40.712775,-74.005973,9.13,85.23,7,11.87,16.75,8.21,69.99,65.94,-104.02,-6.14
11/14/2020,New York,40.712775,-74.005973,8.93,60.71,4.44,12.22,15.84,9.55,72.28,63.12,-65.86,-14.51
11/15/2020,New York,40.712775,-74.005973,9.43,64.88,2,17,14.7,11.39,73.21,60.72,-29.06,-20.57
11/16/2020,New York,40.712775,-74.005973,11.32,50.5,7.78,18,13.61,12.5,74.66,58.48,-8.88,-27.67
11/17/2020,New York,40.712775,-74.005973,7.33,52.54,2.78,11.11,12.93,13.89,73.03,60.01,6.91,-21.7
11/18/2020,New York,40.712775,-74.005973,1.84,46.75,-0.56,6.67,11.47,15.31,70.28,63.15,25.08,-11.29
11/19/2020,New York,40.712775,-74.005973,2.47,53.08,-3,9.44,9.11,16.48,64.58,67.24,44.72,3.96
11/20/2020,New York,40.712775,-74.005973,9.75,55.58,3.89,18,7.21,16.75,59.1,69.99,56.96,15.56
11/21/2020,New York,40.712775,-74.005973,13.47,52.38,7,19,7.3,15.84,54.86,72.28,53.91,24.1
11/22/2020,New York,40.712775,-74.005973,9.31,62.29,5.56,14.44,7.94,14.7,53.67,73.21,45.99,26.69
11/23/2020,New York,40.712775,-74.005973,11.95,77.58,5.56,15.56,7.93,13.61,53.3,74.66,41.73,28.61
11/24/2020,New York,40.712775,-74.005973,6.61,53.21,3,10,8.02,12.93,57.17,73.03,37.97,21.72
11/25/2020,New York,40.712775,-74.005973,8.69,59.29,3.89,13.04,7.91,11.47,57.27,70.28,31.04,18.51
11/26/2020,New York,40.712775,-74.005973,14.04,77.73,8.33,19,8.89,9.11,59.06,64.58,2.41,8.55
11/27/2020,New York,40.712775,-74.005973,12.86,70.96,7,17,10.55,7.21,62.58,59.1,-46.32,-5.89
11/28/2020,New York,40.712775,-74.005973,10.7,59.54,6,14,10.99,7.3,64.78,54.86,-50.55,-18.08
11/29/2020,New York,40.712775,-74.005973,8.02,52.29,2,13.33,10.59,7.94,65.8,53.67,-33.38,-22.6
11/30/2020,New York,40.712775,-74.005973,12.63,77.89,6,18,10.41,7.93,64.37,53.3,-31.27,-20.77
12/1/2020,New York,40.712775,-74.005973,11.66,78.79,5.56,18,10.51,8.02,64.42,57.17,-31.05,-12.68
12/2/2020,New York,40.712775,-74.005973,4.16,63,0.56,7.47,11.23,7.91,68.07,57.27,-41.97,-18.86
12/3/2020,New York,40.712775,-74.005973,4.68,56.38,-1,10,10.58,8.89,68.6,59.06,-19.01,-16.15
12/4/2020,New York,40.712775,-74.005973,8.2,61.04,4.44,11.11,9.24,10.55,65.55,62.58,12.42,-4.75
12/5/2020,New York,40.712775,-74.005973,6.67,85.07,3.89,9,8.58,10.99,64.13,64.78,21.93,1
12/6/2020,New York,40.712775,-74.005973,3.38,54.62,1.11,6.47,8,10.59,67.78,65.8,24.46,-3.01
12/7/2020,New York,40.712775,-74.005973,1.38,55.75,-3,6,7.34,10.41,68.11,64.37,29.49,-5.81
12/8/2020,New York,40.712775,-74.005973,0.56,59.21,-1.67,4.12,5.73,10.51,64.95,64.42,45.48,-0.82
12/9/2020,New York,40.712775,-74.005973,0.89,66,-3,4,4.15,11.23,62.15,68.07,63.05,8.7
12/10/2020,New York,40.712775,-74.005973,4.84,68.17,0.56,10,3.68,10.58,62.58,68.6,65.22,8.78
12/11/2020,New York,40.712775,-74.005973,6.95,63.75,-1,14,3.7,9.24,64.27,65.55,59.96,1.95
12/12/2020,New York,40.712775,-74.005973,8.97,81.88,3,13.33,3.52,8.58,64.65,64.13,58.97,-0.81
12/13/2020,New York,40.712775,-74.005973,11.73,72.67,6.11,17,3.85,8,64.2,67.78,51.88,5.28
12/14/2020,New York,40.712775,-74.005973,5.48,73.28,1.67,11.67,5.05,7.34,66.78,68.11,31.2,1.95
12/15/2020,New York,40.712775,-74.005973,2.16,52.96,-1.11,5.28,5.63,5.73,69.28,64.95,1.75,-6.67
12/16/2020,New York,40.712775,-74.005973,-1.55,57.92,-4.44,2.78,5.86,4.15,68.39,62.15,-41.2,-10.04
12/17/2020,New York,40.712775,-74.005973,-2.14,88.66,-5,3.44,5.51,3.68,67.23,62.58,-49.73,-7.43
12/18/2020,New York,40.712775,-74.005973,-2.57,70.12,-7.78,1.11,4.51,3.7,70.16,64.27,-21.89,-9.16
12/19/2020,New York,40.712775,-74.005973,-3.57,66.04,-10,1,3.15,3.52,71.07,64.65,10.51,-9.93
12/20/2020,New York,40.712775,-74.005973,0.05,69.92,-5,5.63,1.36,3.85,68.81,64.2,64.68,-7.18
12/21/2020,New York,40.712775,-74.005973,3.54,80.92,-0.56,9,-0.31,5.05,68.41,66.78,106.14,-2.44
12/22/2020,New York,40.712775,-74.005973,4.46,73.25,1.11,8,-0.58,5.63,69.51,69.28,110.3,-0.33
12/23/2020,New York,40.712775,-74.005973,4.43,50.25,-1.11,8,-0.25,5.86,72.4,68.39,104.27,-5.86
12/24/2020,New York,40.712775,-74.005973,9.03,75.67,1.67,15,0.6,5.51,71.31,67.23,89.11,-6.07
12/25/2020,New York,40.712775,-74.005973,12.67,89.44,1.67,17.22,2.2,4.51,69.45,70.16,51.22,1.01
12/26/2020,New York,40.712775,-74.005973,-1.66,62.83,-5.56,3,4.37,3.15,72.21,71.07,-38.73,-1.6
12/27/2020,New York,40.712775,-74.005973,-1.44,60.5,-5.56,4,4.65,1.36,71.75,68.81,-241.91,-4.27
12/28/2020,New York,40.712775,-74.005973,4.48,66.04,-2.22,11,4.43,-0.31,70.41,68.41,1529.03,-2.92
12/29/2020,New York,40.712775,-74.005973,4.03,47.92,0,9,4.57,-0.58,68.28,69.51,887.93,1.77
12/30/2020,New York,40.712775,-74.005973,0.46,52.08,-4,6.11,4.51,-0.25,64.66,72.4,1904,10.69
12/31/2020,New York,40.712775,-74.005973,6.22,73.75,2.78,10,3.94,0.6,64.93,71.31,-556.67,8.95
1/1/2021,New York,40.712775,-74.005973,2.32,63.12,-2.22,5.56,3.54,2.2,64.65,69.45,-60.91,6.91
1/2/2021,New York,40.712775,-74.005973,5.13,82.89,1.67,12,2.06,4.37,60.89,72.21,52.86,15.68
1/3/2021,New York,40.712775,-74.005973,2.58,78.44,-0.56,6.56,3.03,4.65,63.76,71.75,34.84,11.14
1/4/2021,New York,40.712775,-74.005973,3.12,82.76,0.56,7.22,3.6,4.43,66.32,70.41,18.74,5.81
1/5/2021,New York,40.712775,-74.005973,3.55,73.04,1.67,5.56,3.41,4.57,68.71,68.28,25.38,-0.63
1/6/2021,New York,40.712775,-74.005973,3.07,65.96,-0.56,6.11,3.34,4.51,72.3,64.66,25.94,-11.82
1/7/2021,New York,40.712775,-74.005973,2.03,57.33,-1.67,6.11,3.71,3.94,74.28,64.93,5.84,-14.4
1/8/2021,New York,40.712775,-74.005973,0.2,64.38,-3.89,4,3.11,3.54,71.93,64.65,12.15,-11.26
1/9/2021,New York,40.712775,-74.005973,-0.53,57.38,-5,3.33,2.81,2.06,72.11,60.89,-36.41,-18.43
1/10/2021,New York,40.712775,-74.005973,1.39,51.79,-3.33,6.11,2,3.03,68.47,63.76,33.99,-7.39
1/11/2021,New York,40.712775,-74.005973,0.34,61.71,-4,4.75,1.83,3.6,64.66,66.32,49.17,2.5
1/12/2021,New York,40.712775,-74.005973,2.36,63.29,-3,8,1.44,3.41,61.66,68.71,57.77,10.26
1/13/2021,New York,40.712775,-74.005973,3,61.62,-1.11,6.67,1.27,3.34,60.26,72.3,61.98,16.65
1/14/2021,New York,40.712775,-74.005973,4.76,63.33,0,11,1.26,3.71,59.64,74.28,66.04,19.71
1/15/2021,New York,40.712775,-74.005973,4.72,77.12,0,8.48,1.65,3.11,60.5,71.93,46.95,15.89
1/16/2021,New York,40.712775,-74.005973,6.64,84.42,3.89,9,2.29,2.81,62.32,72.11,18.51,13.58
1/17/2021,New York,40.712775,-74.005973,3.97,60.62,0.56,7.22,3.32,2,66.18,68.47,-66,3.34
1/18/2021,New York,40.712775,-74.005973,5.03,58.21,0,8,3.68,1.83,67.44,64.66,-101.09,-4.3
1/19/2021,New York,40.712775,-74.005973,3.18,59.5,0,6.11,4.35,1.44,66.94,61.66,-202.08,-8.56
1/20/2021,New York,40.712775,-74.005973,2.21,57.96,-1.11,6,4.47,1.27,66.4,60.26,-251.97,-10.19
1/21/2021,New York,40.712775,-74.005973,0.03,55,-6,6.67,4.36,1.26,65.88,59.64,-246.03,-10.46
1/22/2021,New York,40.712775,-74.005973,3.99,54.17,-1,7.22,3.68,1.65,64.69,60.5,-123.03,-6.93
1/23/2021,New York,40.712775,-74.005973,0.17,44.25,-3.33,5.81,3.58,2.29,61.41,62.32,-56.33,1.46
1/24/2021,New York,40.712775,-74.005973,-3.07,43.88,-6.11,1.11,2.65,3.32,55.67,66.18,20.18,15.88
1/25/2021,New York,40.712775,-74.005973,-1.26,49.04,-6.11,5,1.65,3.68,53.28,67.44,55.16,21
1/26/2021,New York,40.712775,-74.005973,0.63,63.72,-1.11,2.45,0.75,4.35,51.97,66.94,82.76,22.36
1/27/2021,New York,40.712775,-74.005973,1.47,80.65,-1,3.33,0.39,4.47,52.57,66.4,91.28,20.83
1/28/2021,New York,40.712775,-74.005973,-0.8,54.5,-4,2.26,0.28,4.36,55.82,65.88,93.58,15.27
1/29/2021,New York,40.712775,-74.005973,-6.02,45.96,-10.56,-2.78,0.16,3.68,55.74,64.69,95.65,13.84
1/30/2021,New York,40.712775,-74.005973,-5.49,51.33,-10,1.11,-1.27,3.58,54.57,61.41,135.47,11.14
1/31/2021,New York,40.712775,-74.005973,-4.61,58.5,-8.33,0.32,-2.08,2.65,55.58,55.67,178.49,0.16
2/1/2021,New York,40.712775,-74.005973,-2.66,89.17,-6.11,1,-2.3,1.65,57.67,53.28,239.39,-8.24
2/2/2021,New York,40.712775,-74.005973,-0.06,87.5,-2.22,2,-2.5,0.75,63.4,51.97,433.33,-21.99
2/3/2021,New York,40.712775,-74.005973,0.11,77.8,-2.78,3.33,-2.6,0.39,66.8,52.57,766.67,-27.07
2/4/2021,New York,40.712775,-74.005973,1.36,56,-2.22,8,-2.79,0.28,66.39,55.82,1096.43,-18.94
2/5/2021,New York,40.712775,-74.005973,3.48,66.75,-1.67,9,-2.48,0.16,66.61,55.74,1650,-19.5
2/6/2021,New York,40.712775,-74.005973,3.4,49.38,-4.44,7,-1.12,-1.27,69.58,54.57,11.81,-27.51
2/7/2021,New York,40.712775,-74.005973,0.61,75.43,-2.22,6,0.15,-2.08,69.3,55.58,107.21,-24.69
2/8/2021,New York,40.712775,-74.005973,-4.33,64.46,-10.56,1.52,0.89,-2.3,71.72,57.67,138.7,-24.36
2/9/2021,New York,40.712775,-74.005973,-1.95,74.61,-8,2.22,0.65,-2.5,68.19,63.4,126,-7.56
2/10/2021,New York,40.712775,-74.005973,-1.91,65.83,-7.78,2,0.38,-2.6,66.35,66.8,114.62,0.67
2/11/2021,New York,40.712775,-74.005973,-1.68,72.71,-4.44,1,0.09,-2.79,64.64,66.39,103.23,2.64
2/12/2021,New York,40.712775,-74.005973,-3.39,49.58,-8.89,0,-0.34,-2.48,67.02,66.61,86.29,-0.62
2/13/2021,New York,40.712775,-74.005973,-2.66,48.12,-6,-1,-1.32,-1.12,64.57,69.58,-17.86,7.2
2/14/2021,New York,40.712775,-74.005973,-0.87,72.88,-4.44,3.33,-2.19,0.15,64.39,69.3,1560,7.09
2/15/2021,New York,40.712775,-74.005973,0.64,70.76,-1.67,2.78,-2.4,0.89,64.03,71.72,369.66,10.72
2/16/2021,New York,40.712775,-74.005973,3.61,87.5,-1,12,-1.69,0.65,64.93,68.19,360,4.78
2/17/2021,New York,40.712775,-74.005973,-1.1,46.33,-6.67,5.56,-0.89,0.38,66.77,66.35,334.21,-0.63
2/18/2021,New York,40.712775,-74.005973,-2.61,71.16,-5,0,-0.78,0.09,63.98,64.64,966.67,1.02
2/19/2021,New York,40.712775,-74.005973,-1.53,89.57,-3.89,1.11,-0.91,-0.34,63.76,67.02,-167.65,4.86
2/20/2021,New York,40.712775,-74.005973,-0.32,69.26,-4.44,2,-0.65,-1.32,69.47,64.57,50.76,-7.59
2/21/2021,New York,40.712775,-74.005973,-1.58,55.17,-7.22,3,-0.31,-2.19,72.49,64.39,85.84,-12.58
2/22/2021,New York,40.712775,-74.005973,0.57,75.03,-3.89,4.08,-0.41,-2.4,69.96,64.03,82.92,-9.26
2/23/2021,New York,40.712775,-74.005973,3.01,79.29,0,8,-0.42,-1.69,70.57,64.93,75.15,-8.69
2/24/2021,New York,40.712775,-74.005973,6.46,55.33,0,13,-0.51,-0.89,69.4,66.77,42.7,-3.94
2/25/2021,New York,40.712775,-74.005973,7.22,47.38,3.33,11,0.57,-0.78,70.69,63.98,173.08,-10.49
2/26/2021,New York,40.712775,-74.005973,3.85,42.96,-1.11,8,1.98,-0.91,67.29,63.76,317.58,-5.54
2/27/2021,New York,40.712775,-74.005973,5.77,81.87,2.78,11,2.74,-0.65,60.63,69.47,521.54,12.72
2/28/2021,New York,40.712775,-74.005973,5.27,76.46,1.67,8.33,3.61,-0.31,62.43,72.49,1264.52,13.88
3/1/2021,New York,40.712775,-74.005973,5.75,87.35,3.33,9,4.59,-0.41,65.47,69.96,1219.51,6.42
3/2/2021,New York,40.712775,-74.005973,-1.08,37,-6.67,6.67,5.33,-0.42,67.23,70.57,1369.05,4.73
3/3/2021,New York,40.712775,-74.005973,3.25,43.46,-3.33,11,4.75,-0.51,61.19,69.4,1031.37,11.83
3/4/2021,New York,40.712775,-74.005973,5.12,47.96,0.56,9,4.29,0.57,59.5,70.69,-652.63,15.83
3/5/2021,New York,40.712775,-74.005973,-1.19,37.75,-6.11,3.33,3.99,1.98,59.58,67.29,-101.52,11.46
3/6/2021,New York,40.712775,-74.005973,0.58,41.88,-2,2.78,3.27,2.74,58.84,60.63,-19.34,2.95
3/7/2021,New York,40.712775,-74.005973,0.34,45.5,-3.33,6,2.53,3.61,53.12,62.43,29.92,14.91
3/8/2021,New York,40.712775,-74.005973,0.89,40.75,-4.44,8,1.82,4.59,48.7,65.47,60.35,25.61
3/9/2021,New York,40.712775,-74.005973,8.45,37.83,1.67,19,1.13,5.33,42.04,67.23,78.8,37.47
3/10/2021,New York,40.712775,-74.005973,7.91,52.5,1,14,2.49,4.75,42.16,61.19,47.58,31.1
3/11/2021,New York,40.712775,-74.005973,10.96,69.5,5.56,23,3.16,4.29,43.45,59.5,26.34,26.97
3/12/2021,New York,40.712775,-74.005973,15.85,40.42,8.37,21,3.99,3.99,46.53,59.58,0,21.9
3/13/2021,New York,40.712775,-74.005973,7.51,29.21,0,17,6.43,3.27,46.91,58.84,-96.64,20.28
3/14/2021,New York,40.712775,-74.005973,7.32,31.75,2.78,13,7.42,2.53,45.1,53.12,-193.28,15.1
3/15/2021,New York,40.712775,-74.005973,-0.29,28.38,-5.56,5,8.41,1.82,43.14,48.7,-362.09,11.42
3/16/2021,New York,40.712775,-74.005973,0.27,39.29,-3,3.33,8.24,1.13,41.37,42.04,-629.2,1.59
3/17/2021,New York,40.712775,-74.005973,3.71,76.42,0.56,8.89,7.08,2.49,41.58,42.16,-184.34,1.38
3/18/2021,New York,40.712775,-74.005973,6.6,88.27,5,8,6.48,3.16,45,43.45,-105.06,-3.57
3/19/2021,New York,40.712775,-74.005973,3.71,52.12,-1.11,7.78,5.85,3.99,47.68,46.53,-46.62,-2.47
3/20/2021,New York,40.712775,-74.005973,5.75,36.96,-1.67,16,4.12,6.43,49.35,46.91,35.93,-5.2
3/21/2021,New York,40.712775,-74.005973,9.19,46.88,1,18.33,3.87,7.42,50.46,45.1,47.84,-11.88
3/22/2021,New York,40.712775,-74.005973,9.2,58.67,2,17,4.13,8.41,52.62,43.14,50.89,-21.97
3/23/2021,New York,40.712775,-74.005973,9.88,72,3.89,18.33,5.49,8.24,56.94,41.37,33.37,-37.64
3/24/2021,New York,40.712775,-74.005973,10.56,81.93,6.67,14,6.86,7.08,61.62,41.58,3.11,-48.2
3/25/2021,New York,40.712775,-74.005973,12.62,92.54,8.12,20.56,7.84,6.48,62.4,45,-20.99,-38.67
3/26/2021,New York,40.712775,-74.005973,16.1,74.96,8.89,28,8.7,5.85,63.01,47.68,-48.72,-32.15
3/27/2021,New York,40.712775,-74.005973,14.11,51.17,8.33,21.11,10.47,4.12,66.28,49.35,-154.13,-34.31
3/28/2021,New York,40.712775,-74.005973,11.82,81.44,8,19.44,11.67,3.87,68.31,50.46,-201.55,-35.37
3/29/2021,New York,40.712775,-74.005973,10.64,50.28,6.05,17.22,12.04,4.13,73.24,52.62,-191.53,-39.19
3/30/2021,New York,40.712775,-74.005973,9.76,42.79,2,16.67,12.25,5.49,72.05,56.94,-123.13,-26.54
3/31/2021,New York,40.712775,-74.005973,12.12,78.17,7.78,20,12.23,6.86,67.87,61.62,-78.28,-10.14
4/1/2021,New York,40.712775,-74.005973,9.49,76.26,4.44,16,12.45,7.84,67.34,62.4,-58.8,-7.92
4/2/2021,New York,40.712775,-74.005973,1.87,43.96,-3,7.22,12.01,8.7,65.01,63.01,-38.05,-3.17
4/3/2021,New York,40.712775,-74.005973,4.27,33.38,-1.67,13,9.97,10.47,60.58,66.28,4.78,8.6
4/4/2021,New York,40.712775,-74.005973,10.25,42.83,5,18.33,8.57,11.67,58.04,68.31,26.56,15.03
4/5/2021,New York,40.712775,-74.005973,13.66,33.42,7.22,21,8.34,12.04,52.52,73.24,30.73,28.29
4/6/2021,New York,40.712775,-74.005973,13.97,27.42,6.67,22,8.77,12.25,50.12,72.05,28.41,30.44
4/7/2021,New York,40.712775,-74.005973,14.56,37.38,8.33,22.22,9.38,12.23,47.92,67.87,23.3,29.39
4/8/2021,New York,40.712775,-74.005973,13.51,55.46,7.22,21.11,9.72,12.45,42.09,67.34,21.93,37.5
4/9/2021,New York,40.712775,-74.005973,10.98,74.21,7.78,17,10.3,12.01,39.12,65.01,14.24,39.82
4/10/2021,New York,40.712775,-74.005973,12.67,82.96,8,20.56,11.6,9.97,43.44,60.58,-16.35,28.29
4/11/2021,New York,40.712775,-74.005973,12.63,94.64,9.43,16.11,12.8,8.57,50.53,58.04,-49.36,12.94
4/12/2021,New York,40.712775,-74.005973,8.41,86.74,6.67,11,13.14,8.34,57.93,52.52,-57.55,-10.3
4/13/2021,New York,40.712775,-74.005973,10.61,71.24,5,19,12.39,8.77,65.54,50.12,-41.28,-30.77
4/14/2021,New York,40.712775,-74.005973,13.59,66.62,7.78,22,11.91,9.38,71.8,47.92,-26.97,-49.83
4/15/2021,New York,40.712775,-74.005973,12.46,86.12,8.81,17,11.77,9.72,75.98,42.09,-21.09,-80.52
4/16/2021,New York,40.712775,-74.005973,8.1,72.21,3.33,11.67,11.62,10.3,80.36,39.12,-12.82,-105.42
4/17/2021,New York,40.712775,-74.005973,8.93,63.29,5,13.33,11.21,11.6,80.08,43.44,3.36,-84.35
4/18/2021,New York,40.712775,-74.005973,12.01,54.04,7.78,17,10.68,12.8,77.27,50.53,16.56,-52.92
4/19/2021,New York,40.712775,-74.005973,13.73,53.71,7.78,20,10.59,13.14,71.47,57.93,19.41,-23.37
4/20/2021,New York,40.712775,-74.005973,15.45,55.83,7.78,25,11.35,12.39,66.75,65.54,8.39,-1.85
4/21/2021,New York,40.712775,-74.005973,14.39,54.62,7,22,12.04,11.91,64.55,71.8,-1.09,10.1
4/22/2021,New York,40.712775,-74.005973,5.29,42.92,1.11,10,12.15,11.77,62.83,75.98,-3.23,17.31
4/23/2021,New York,40.712775,-74.005973,9.34,36.62,2.78,19,11.13,11.62,56.66,80.36,4.22,29.49
4/24/2021,New York,40.712775,-74.005973,14.92,39.21,7,22,11.31,11.21,51.58,80.08,-0.89,35.59
4/25/2021,New York,40.712775,-74.005973,12.86,66.88,8.89,19,12.16,10.68,48.14,77.27,-13.86,37.7
4/26/2021,New York,40.712775,-74.005973,11.23,41.5,4.44,17,12.28,10.59,49.97,71.47,-15.96,30.08
4/27/2021,New York,40.712775,-74.005973,12,33.42,6.67,18.89,11.93,11.35,48.23,66.75,-5.11,27.75
4/28/2021,New York,40.712775,-74.005973,16.78,62.25,10,31,11.43,12.04,45.02,64.55,5.07,30.26
4/29/2021,New York,40.712775,-74.005973,18.7,69.62,12.35,29,11.77,12.15,46.11,62.83,3.13,26.61
4/30/2021,New York,40.712775,-74.005973,18.32,58.08,13.73,23,13.69,11.13,49.93,56.66,-23,11.88
5/1/2021,New York,40.712775,-74.005973,11.12,41.96,4.44,20,14.97,11.31,52.99,51.58,-32.36,-2.73
5/2/2021,New York,40.712775,-74.005973,18.01,37.75,11.11,29,14.43,12.16,53.39,48.14,-18.67,-10.91
5/3/2021,New York,40.712775,-74.005973,17.07,61.46,11.52,28,15.17,12.28,49.23,49.97,-23.53,1.48
5/4/2021,New York,40.712775,-74.005973,14.5,83.85,10.56,23.89,16,11.93,52.08,48.23,-34.12,-7.98
5/5/2021,New York,40.712775,-74.005973,12.8,91.19,10.47,17.78,16.36,11.43,59.28,45.02,-43.13,-31.67
5/6/2021,New York,40.712775,-74.005973,13.95,55.04,8.33,20,15.79,11.77,63.42,46.11,-34.15,-37.54
5/7/2021,New York,40.712775,-74.005973,14.04,44.88,8,18.89,15.11,13.69,61.33,49.93,-10.37,-22.83
5/8/2021,New York,40.712775,-74.005973,10.85,68.08,8.33,14,14.5,14.97,59.45,52.99,3.14,-12.19
5/9/2021,New York,40.712775,-74.005973,10.78,69.56,4.44,18,14.46,14.43,63.18,53.39,-0.21,-18.34
5/10/2021,New York,40.712775,-74.005973,10.95,78.46,7.78,17,13.43,15.17,67.72,49.23,11.47,-37.56
5/11/2021,New York,40.712775,-74.005973,13.81,49.54,7.22,20,12.55,16,70.15,52.08,21.56,-34.7
5/12/2021,New York,40.712775,-74.005973,13.66,40.71,6.67,22,12.45,16.36,65.25,59.28,23.9,-10.07
5/13/2021,New York,40.712775,-74.005973,15.82,36.17,7.22,23.33,12.58,15.79,58.04,63.42,20.33,8.48
5/14/2021,New York,40.712775,-74.005973,17.38,38.46,7.78,26.11,12.84,15.11,55.34,61.33,15.02,9.77
5/15/2021,New York,40.712775,-74.005973,18.58,39.08,10,26,13.32,14.5,54.43,59.45,8.14,8.44
5/16/2021,New York,40.712775,-74.005973,18.64,41.83,11.67,26,14.43,14.46,50.28,63.18,0.21,20.42
1/1/2020,Sao Paulo,-23.55052,-46.633309,25.67,66.21,19,33.89,,,,,,
1/2/2020,Sao Paulo,-23.55052,-46.633309,22.89,81.4,19.96,29,,,,,,
1/3/2020,Sao Paulo,-23.55052,-46.633309,21.02,83.88,18.89,26.11,,,,,,
1/4/2020,Sao Paulo,-23.55052,-46.633309,21.22,79.76,18,27.22,,,,,,
1/5/2020,Sao Paulo,-23.55052,-46.633309,21.13,84.15,18,26.11,,,,,,
1/6/2020,Sao Paulo,-23.55052,-46.633309,23.32,76.36,17.87,30.56,,,,,,
1/7/2020,Sao Paulo,-23.55052,-46.633309,26.33,66.75,20,34,,,,,,
1/8/2020,Sao Paulo,-23.55052,-46.633309,24.27,80.08,20,31,23.08,,76.93,,,
1/9/2020,Sao Paulo,-23.55052,-46.633309,24.38,81.5,20.56,30.56,22.88,,78.91,,,
1/10/2020,Sao Paulo,-23.55052,-46.633309,25.95,74.92,21,31.11,23.1,,78.93,,,
1/11/2020,Sao Paulo,-23.55052,-46.633309,26.6,70.83,21,35,23.8,,77.65,,,
1/12/2020,Sao Paulo,-23.55052,-46.633309,24.37,84.64,21.26,28,24.57,,76.37,,,
1/13/2020,Sao Paulo,-23.55052,-46.633309,22.13,82.28,19.65,26.11,25.03,,76.44,,,
1/14/2020,Sao Paulo,-23.55052,-46.633309,22.02,77.38,18,29,24.86,,77.29,,,
1/15/2020,Sao Paulo,-23.55052,-46.633309,24.51,71.58,18.43,31.67,24.25,23.08,78.8,76.93,-5.07,-2.43
1/16/2020,Sao Paulo,-23.55052,-46.633309,25.83,77.38,21,37,24.28,22.88,77.59,78.91,-6.12,1.67
1/17/2020,Sao Paulo,-23.55052,-46.633309,20.37,86.83,17,23.33,24.49,23.1,77,78.93,-6.02,2.45
1/18/2020,Sao Paulo,-23.55052,-46.633309,19.82,81.71,16.86,25,23.69,23.8,78.7,77.65,0.46,-1.35
1/19/2020,Sao Paulo,-23.55052,-46.633309,21.29,81.29,17.92,27.22,22.72,24.57,80.26,76.37,7.53,-5.09
1/20/2020,Sao Paulo,-23.55052,-46.633309,21.73,77.33,18.54,27.22,22.28,25.03,79.78,76.44,10.99,-4.37
1/21/2020,Sao Paulo,-23.55052,-46.633309,21.23,73.5,15,28,22.22,24.86,79.07,77.29,10.62,-2.3
1/22/2020,Sao Paulo,-23.55052,-46.633309,21.05,77.96,16.82,27.22,22.11,24.25,78.52,78.8,8.82,0.36
1/23/2020,Sao Paulo,-23.55052,-46.633309,19.92,84.62,17.55,24,21.62,24.28,79.43,77.59,10.96,-2.37
1/24/2020,Sao Paulo,-23.55052,-46.633309,19.57,85.76,17,25,20.77,24.49,80.46,77,15.19,-4.49
1/25/2020,Sao Paulo,-23.55052,-46.633309,20.84,77.33,16,27.78,20.66,23.69,80.31,78.7,12.79,-2.05
1/26/2020,Sao Paulo,-23.55052,-46.633309,22.46,63.88,14,31.11,20.8,22.72,79.68,80.26,8.45,0.72
1/27/2020,Sao Paulo,-23.55052,-46.633309,23.7,47.5,13,32.78,20.97,22.28,77.2,79.78,5.88,3.23
1/28/2020,Sao Paulo,-23.55052,-46.633309,23.87,60.77,16.33,33,21.25,22.22,72.94,79.07,4.37,7.75
1/29/2020,Sao Paulo,-23.55052,-46.633309,24.42,74.29,19,32,21.63,22.11,71.12,78.52,2.17,9.42
1/30/2020,Sao Paulo,-23.55052,-46.633309,25.33,72.12,21,32.78,22.11,21.62,70.59,79.43,-2.27,11.13
1/31/2020,Sao Paulo,-23.55052,-46.633309,24.86,74.79,21,34,22.88,20.77,68.81,80.46,-10.16,14.48
2/1/2020,Sao Paulo,-23.55052,-46.633309,23.55,85.46,20.4,29,23.64,20.66,67.24,80.31,-14.42,16.27
2/2/2020,Sao Paulo,-23.55052,-46.633309,22.59,85.12,19.73,28,24.03,20.8,68.4,79.68,-15.53,14.16
2/3/2020,Sao Paulo,-23.55052,-46.633309,21.31,89.85,19,26,24.05,20.97,71.44,77.2,-14.69,7.46
2/4/2020,Sao Paulo,-23.55052,-46.633309,21.54,85.74,18.89,27.22,23.7,21.25,77.49,72.94,-11.53,-6.24
2/5/2020,Sao Paulo,-23.55052,-46.633309,23.1,82.82,20.27,30,23.37,21.63,81.05,71.12,-8.04,-13.96
2/6/2020,Sao Paulo,-23.55052,-46.633309,22.95,84.17,19.59,29.44,23.18,22.11,82.27,70.59,-4.84,-16.55
2/7/2020,Sao Paulo,-23.55052,-46.633309,23.41,76.5,19.66,30.56,22.84,22.88,83.99,68.81,0.17,-22.06
2/8/2020,Sao Paulo,-23.55052,-46.633309,24.32,70.64,19.44,31.11,22.64,23.64,84.24,67.24,4.23,-25.28
2/9/2020,Sao Paulo,-23.55052,-46.633309,24.23,71.81,20,32.22,22.75,24.03,82.12,68.4,5.33,-20.06
2/10/2020,Sao Paulo,-23.55052,-46.633309,20.64,93,18,23.33,22.98,24.05,80.22,71.44,4.45,-12.29
2/11/2020,Sao Paulo,-23.55052,-46.633309,18.6,86.38,16,24,22.88,23.7,80.67,77.49,3.46,-4.1
2/12/2020,Sao Paulo,-23.55052,-46.633309,19.08,85.04,16.6,23.89,22.46,23.37,80.76,81.05,3.89,0.36
2/13/2020,Sao Paulo,-23.55052,-46.633309,20.84,79.54,15.75,26.11,21.89,23.18,81.08,82.27,5.57,1.45
2/14/2020,Sao Paulo,-23.55052,-46.633309,21.28,78.92,16,27.78,21.59,22.84,80.42,83.99,5.47,4.25
2/15/2020,Sao Paulo,-23.55052,-46.633309,23.36,73,17.11,33,21.28,22.64,80.76,84.24,6.01,4.13
2/16/2020,Sao Paulo,-23.55052,-46.633309,24.04,77.69,19,32,21.15,22.75,81.1,82.12,7.03,1.24
2/17/2020,Sao Paulo,-23.55052,-46.633309,24.64,76.88,19.64,31.67,21.12,22.98,81.94,80.22,8.09,-2.14
2/18/2020,Sao Paulo,-23.55052,-46.633309,25.82,75.5,20,32.78,21.69,22.88,79.64,80.67,5.2,1.28
2/19/2020,Sao Paulo,-23.55052,-46.633309,25.29,76.42,21,32,22.72,22.46,78.08,80.76,-1.16,3.32
2/20/2020,Sao Paulo,-23.55052,-46.633309,24.93,77.08,20.57,32,23.61,21.89,76.85,81.08,-7.86,5.22
2/21/2020,Sao Paulo,-23.55052,-46.633309,22.27,85.11,19.98,26,24.19,21.59,76.5,80.42,-12.04,4.87
2/22/2020,Sao Paulo,-23.55052,-46.633309,19.42,85.46,16.3,22,24.34,21.28,77.38,80.76,-14.38,4.19
2/23/2020,Sao Paulo,-23.55052,-46.633309,18.69,79.25,14.81,25,23.77,21.15,79.16,81.1,-12.39,2.39
2/24/2020,Sao Paulo,-23.55052,-46.633309,20.79,79.77,16.66,27,23.01,21.12,79.39,81.94,-8.95,3.11
2/25/2020,Sao Paulo,-23.55052,-46.633309,22.91,82.04,18.72,29.31,22.46,21.69,79.8,79.64,-3.55,-0.2
2/26/2020,Sao Paulo,-23.55052,-46.633309,22.55,88.28,20,30,22.04,22.72,80.73,78.08,2.99,-3.39
2/27/2020,Sao Paulo,-23.55052,-46.633309,18.64,87.36,15.92,23.33,21.65,23.61,82.43,76.85,8.3,-7.26
2/28/2020,Sao Paulo,-23.55052,-46.633309,18.57,82.39,15.69,26,20.75,24.19,83.9,76.5,14.22,-9.67
2/29/2020,Sao Paulo,-23.55052,-46.633309,20.47,85.96,16.92,25.56,20.22,24.34,83.51,77.38,16.93,-7.92
3/1/2020,Sao Paulo,-23.55052,-46.633309,19.5,85.5,16.68,24,20.37,23.77,83.58,79.16,14.3,-5.58
3/2/2020,Sao Paulo,-23.55052,-46.633309,19.61,85.81,17,26,20.49,23.01,84.47,79.39,10.95,-6.4
3/3/2020,Sao Paulo,-23.55052,-46.633309,19.17,85.53,16.57,24.44,20.32,22.46,85.33,79.8,9.53,-6.93
3/4/2020,Sao Paulo,-23.55052,-46.633309,19.61,79.08,15.29,26.11,19.79,22.04,85.83,80.73,10.21,-6.32
3/5/2020,Sao Paulo,-23.55052,-46.633309,19.74,75.79,13.98,26.11,19.37,21.65,84.52,82.43,10.53,-2.54
3/6/2020,Sao Paulo,-23.55052,-46.633309,19.97,69.75,14,27.22,19.52,20.75,82.87,83.9,5.93,1.23
3/7/2020,Sao Paulo,-23.55052,-46.633309,19.99,72.12,14,27.22,19.72,20.22,81.06,83.51,2.47,2.93
3/8/2020,Sao Paulo,-23.55052,-46.633309,20.08,83.69,14.72,27.22,19.66,20.37,79.08,83.58,3.49,5.38
3/9/2020,Sao Paulo,-23.55052,-46.633309,21.9,75.79,16.79,28,19.74,20.49,78.82,84.47,3.66,6.69
3/10/2020,Sao Paulo,-23.55052,-46.633309,22.66,72.5,16.09,30,20.07,20.32,77.39,85.33,1.23,9.31
3/11/2020,Sao Paulo,-23.55052,-46.633309,22.58,74.29,16.56,29,20.56,19.79,75.53,85.83,-3.89,12
3/12/2020,Sao Paulo,-23.55052,-46.633309,22.61,71.46,17.48,30,20.99,19.37,74.85,84.52,-8.36,11.44
3/13/2020,Sao Paulo,-23.55052,-46.633309,22.58,72.92,17,31,21.4,19.52,74.23,82.87,-9.63,10.43
3/14/2020,Sao Paulo,-23.55052,-46.633309,23.65,70.92,17.96,31.11,21.77,19.72,74.68,81.06,-10.4,7.87
3/15/2020,Sao Paulo,-23.55052,-46.633309,24.69,68.88,18.63,32,22.29,19.66,74.51,79.08,-13.38,5.78
3/16/2020,Sao Paulo,-23.55052,-46.633309,25.03,65.33,20,31.11,22.95,19.74,72.39,78.82,-16.26,8.16
3/17/2020,Sao Paulo,-23.55052,-46.633309,23.35,73.12,19.89,30,23.4,20.07,70.9,77.39,-16.59,8.39
3/18/2020,Sao Paulo,-23.55052,-46.633309,23.56,73.72,19,32,23.5,20.56,70.99,75.53,-14.3,6.01
3/19/2020,Sao Paulo,-23.55052,-46.633309,24.5,76.75,20.67,30.56,23.64,20.99,70.91,74.85,-12.63,5.26
3/20/2020,Sao Paulo,-23.55052,-46.633309,23.37,77.12,20,28,23.91,21.4,71.66,74.23,-11.73,3.46
3/21/2020,Sao Paulo,-23.55052,-46.633309,20.91,78.42,18.45,27.22,24.02,21.77,72.26,74.68,-10.34,3.24
3/22/2020,Sao Paulo,-23.55052,-46.633309,20.75,72.71,15.8,28,23.63,22.29,73.33,74.51,-6.01,1.58
3/23/2020,Sao Paulo,-23.55052,-46.633309,20.67,67.25,14.81,28,23.07,22.95,73.88,72.39,-0.52,-2.06
3/24/2020,Sao Paulo,-23.55052,-46.633309,20.03,71.58,14,27.22,22.44,23.4,74.16,70.9,4.1,-4.6
3/25/2020,Sao Paulo,-23.55052,-46.633309,20.02,70.92,14.86,27.22,21.97,23.5,73.94,70.99,6.51,-4.16
3/26/2020,Sao Paulo,-23.55052,-46.633309,19.68,68.67,12,27,21.46,23.64,73.54,70.91,9.22,-3.71
3/27/2020,Sao Paulo,-23.55052,-46.633309,20.33,68.17,13.48,28,20.78,23.91,72.38,71.66,13.09,-1
3/28/2020,Sao Paulo,-23.55052,-46.633309,21.92,72.96,15.61,29,20.34,24.02,71.1,72.26,15.32,1.61
3/29/2020,Sao Paulo,-23.55052,-46.633309,22.58,76.5,18,28.33,20.49,23.63,70.32,73.33,13.29,4.1
3/30/2020,Sao Paulo,-23.55052,-46.633309,22.1,75.54,18,28.33,20.75,23.07,70.86,73.88,10.06,4.09
3/31/2020,Sao Paulo,-23.55052,-46.633309,21.62,76.83,17.24,28,20.95,22.44,72.05,74.16,6.64,2.85
4/1/2020,Sao Paulo,-23.55052,-46.633309,21.62,75.96,16,28,21.18,21.97,72.8,73.94,3.6,1.54
4/2/2020,Sao Paulo,-23.55052,-46.633309,23.92,70.54,18,31.11,21.41,21.46,73.52,73.54,0.23,0.03
4/3/2020,Sao Paulo,-23.55052,-46.633309,23.45,66.5,18.3,28,22.01,20.78,73.79,72.38,-5.92,-1.95
4/4/2020,Sao Paulo,-23.55052,-46.633309,19.98,67,13.14,27,22.46,20.34,73.55,71.1,-10.42,-3.45
4/5/2020,Sao Paulo,-23.55052,-46.633309,20.33,70.92,13.76,28.89,22.18,20.49,72.7,70.32,-8.25,-3.38
4/6/2020,Sao Paulo,-23.55052,-46.633309,22.43,68.92,14.92,31,21.86,20.75,71.9,70.86,-5.35,-1.47
4/7/2020,Sao Paulo,-23.55052,-46.633309,21.2,78.75,18,26.11,21.91,20.95,70.95,72.05,-4.58,1.53
4/8/2020,Sao Paulo,-23.55052,-46.633309,18.4,84.52,15.56,23,21.85,21.18,71.23,72.8,-3.16,2.16
4/9/2020,Sao Paulo,-23.55052,-46.633309,17.76,69.58,11,25,21.39,21.41,72.45,73.52,0.09,1.46
4/10/2020,Sao Paulo,-23.55052,-46.633309,17.95,69.92,12.43,25,20.51,22.01,72.31,73.79,6.82,2.01
4/11/2020,Sao Paulo,-23.55052,-46.633309,18.25,73.04,13.86,23.89,19.72,22.46,72.8,73.55,12.2,1.02
4/12/2020,Sao Paulo,-23.55052,-46.633309,18.82,72.08,14.01,26.11,19.47,22.18,73.66,72.7,12.22,-1.32
4/13/2020,Sao Paulo,-23.55052,-46.633309,18.96,72.67,12.07,26.11,19.26,21.86,73.83,71.9,11.89,-2.68
4/14/2020,Sao Paulo,-23.55052,-46.633309,19.79,77.54,15.43,26.67,18.76,21.91,74.37,70.95,14.38,-4.82
4/15/2020,Sao Paulo,-23.55052,-46.633309,20.71,69.62,16,26,18.56,21.85,74.19,71.23,15.06,-4.16
4/16/2020,Sao Paulo,-23.55052,-46.633309,20,73.42,13.12,27,18.89,21.39,72.06,72.45,11.69,0.54
4/17/2020,Sao Paulo,-23.55052,-46.633309,18.13,78.38,13,25,19.21,20.51,72.61,72.31,6.34,-0.41
4/18/2020,Sao Paulo,-23.55052,-46.633309,18,78.04,12.89,24,19.24,19.72,73.82,72.8,2.43,-1.4
4/19/2020,Sao Paulo,-23.55052,-46.633309,18.87,73.96,13.74,26.11,19.2,19.47,74.54,73.66,1.39,-1.19
4/20/2020,Sao Paulo,-23.55052,-46.633309,19.18,73.88,13,26,19.21,19.26,74.8,73.83,0.26,-1.31
4/21/2020,Sao Paulo,-23.55052,-46.633309,19.17,74.29,12.89,26.11,19.24,18.76,74.98,74.37,-2.56,-0.82
4/22/2020,Sao Paulo,-23.55052,-46.633309,18.86,76,13,25,19.15,18.56,74.51,74.19,-3.18,-0.43
4/23/2020,Sao Paulo,-23.55052,-46.633309,19.26,75.96,13.33,25.27,18.89,18.89,75.42,72.06,0,-4.66
4/24/2020,Sao Paulo,-23.55052,-46.633309,20.31,74.08,14.26,27.22,18.78,19.21,75.79,72.61,2.24,-4.38
4/25/2020,Sao Paulo,-23.55052,-46.633309,21.17,67.29,15.54,28.33,19.09,19.24,75.17,73.82,0.78,-1.83
4/26/2020,Sao Paulo,-23.55052,-46.633309,20.89,58.62,13,28,19.55,19.2,73.64,74.54,-1.82,1.21
4/27/2020,Sao Paulo,-23.55052,-46.633309,19.53,73.33,13.79,27.22,19.83,19.21,71.45,74.8,-3.23,4.48
4/28/2020,Sao Paulo,-23.55052,-46.633309,20,67.25,13.92,27.22,19.88,19.24,71.37,74.98,-3.33,4.81
4/29/2020,Sao Paulo,-23.55052,-46.633309,20.1,65.21,14,27,20,19.15,70.36,74.51,-4.44,5.57
4/30/2020,Sao Paulo,-23.55052,-46.633309,20.64,62.46,13,31.11,20.18,18.89,68.82,75.42,-6.83,8.75
5/1/2020,Sao Paulo,-23.55052,-46.633309,20.29,70.24,13,28,20.38,18.78,66.89,75.79,-8.52,11.74
5/2/2020,Sao Paulo,-23.55052,-46.633309,20.26,75.58,15.78,28,20.37,19.09,66.34,75.17,-6.71,11.75
5/3/2020,Sao Paulo,-23.55052,-46.633309,17.45,70.08,13.48,24,20.24,19.55,67.53,73.64,-3.53,8.3
5/4/2020,Sao Paulo,-23.55052,-46.633309,17.3,71.75,10.89,25,19.75,19.83,69.16,71.45,0.4,3.21
5/5/2020,Sao Paulo,-23.55052,-46.633309,19.02,65.83,11,27.22,19.43,19.88,68.94,71.37,2.26,3.4
5/6/2020,Sao Paulo,-23.55052,-46.633309,19.8,60.79,14,27.22,19.29,20,68.74,70.36,3.55,2.3
5/7/2020,Sao Paulo,-23.55052,-46.633309,14.6,85.21,12.28,19,19.25,20.18,68.1,68.82,4.61,1.05
5/8/2020,Sao Paulo,-23.55052,-46.633309,15.21,78.75,11,21.11,18.39,20.38,71.35,66.89,9.76,-6.67
5/9/2020,Sao Paulo,-23.55052,-46.633309,16.8,70.12,10.64,25,17.66,20.37,72.57,66.34,13.3,-9.39
5/10/2020,Sao Paulo,-23.55052,-46.633309,17.19,68.5,9.86,26,17.17,20.24,71.79,67.53,15.17,-6.31
5/11/2020,Sao Paulo,-23.55052,-46.633309,18.03,59.25,10,26,17.13,19.75,71.56,69.16,13.27,-3.47
5/12/2020,Sao Paulo,-23.55052,-46.633309,18.86,61.21,9,29,17.24,19.43,69.78,68.94,11.27,-1.22
5/13/2020,Sao Paulo,-23.55052,-46.633309,19.18,61.42,11,28,17.21,19.29,69.12,68.74,10.78,-0.55
5/14/2020,Sao Paulo,-23.55052,-46.633309,18.67,73.79,15.56,22.22,17.12,19.25,69.21,68.1,11.06,-1.63
5/15/2020,Sao Paulo,-23.55052,-46.633309,15.8,85.33,13.73,21.11,17.71,18.39,67.58,71.35,3.7,5.28
5/16/2020,Sao Paulo,-23.55052,-46.633309,17.66,73.04,13.41,24,17.79,17.66,68.52,72.57,-0.74,5.58
5/17/2020,Sao Paulo,-23.55052,-46.633309,16.73,74.72,10.31,25.56,17.91,17.17,68.93,71.79,-4.31,3.98
5/18/2020,Sao Paulo,-23.55052,-46.633309,16.7,78.54,10,25,17.85,17.13,69.82,71.56,-4.2,2.43
5/19/2020,Sao Paulo,-23.55052,-46.633309,18.19,76.12,11.66,25,17.66,17.24,72.58,69.78,-2.44,-4.01
5/20/2020,Sao Paulo,-23.55052,-46.633309,19.32,73.38,14.78,26.11,17.56,17.21,74.71,69.12,-2.03,-8.09
5/21/2020,Sao Paulo,-23.55052,-46.633309,19.5,70.17,12.71,26.2,17.58,17.12,76.42,69.21,-2.69,-10.42
5/22/2020,Sao Paulo,-23.55052,-46.633309,20.75,59.33,14.44,29,17.7,17.71,75.9,67.58,0.06,-12.31
5/23/2020,Sao Paulo,-23.55052,-46.633309,20.5,72,15.56,27.78,18.41,17.79,72.19,68.52,-3.49,-5.36
5/24/2020,Sao Paulo,-23.55052,-46.633309,13.83,70.96,10.94,21,18.81,17.91,72.04,68.93,-5.03,-4.51
5/25/2020,Sao Paulo,-23.55052,-46.633309,14.62,61.79,9.88,25,18.4,17.85,71.5,69.82,-3.08,-2.41
5/26/2020,Sao Paulo,-23.55052,-46.633309,14.63,53.42,9,22.22,18.1,17.66,69.11,72.58,-2.49,4.78
5/27/2020,Sao Paulo,-23.55052,-46.633309,14.42,56.88,6.47,22.22,17.59,17.56,65.86,74.71,-0.17,11.85
5/28/2020,Sao Paulo,-23.55052,-46.633309,13.83,69.83,6,21.11,16.89,17.58,63.51,76.42,3.92,16.89
5/29/2020,Sao Paulo,-23.55052,-46.633309,15.59,71.5,7.16,25.56,16.08,17.7,63.46,75.9,9.15,16.39
5/30/2020,Sao Paulo,-23.55052,-46.633309,17.19,67.08,7,25.69,15.35,18.41,65.2,72.19,16.62,9.68
5/31/2020,Sao Paulo,-23.55052,-46.633309,17.46,55.71,8,27.22,14.87,18.81,64.49,72.04,20.95,10.48
6/1/2020,Sao Paulo,-23.55052,-46.633309,18.27,55.79,8,26,15.39,18.4,62.32,71.5,16.36,12.84
6/2/2020,Sao Paulo,-23.55052,-46.633309,16.71,84.38,12.8,21.67,15.91,18.1,61.46,69.11,12.1,11.07
6/3/2020,Sao Paulo,-23.55052,-46.633309,17.37,81.46,13.78,23,16.21,17.59,65.88,65.86,7.85,-0.03
6/4/2020,Sao Paulo,-23.55052,-46.633309,18.24,81.42,15.81,22.22,16.63,16.89,69.39,63.51,1.54,-9.26
6/5/2020,Sao Paulo,-23.55052,-46.633309,19.08,85.71,16.66,24.44,17.26,16.08,71.05,63.46,-7.34,-11.96
6/6/2020,Sao Paulo,-23.55052,-46.633309,20.31,75.21,16.79,25,17.76,15.35,73.08,65.2,-15.7,-12.09
6/7/2020,Sao Paulo,-23.55052,-46.633309,20.22,77.76,16.72,25,18.21,14.87,74.24,64.49,-22.46,-15.12
6/8/2020,Sao Paulo,-23.55052,-46.633309,20.57,76.33,12.75,27,18.6,15.39,77.39,62.32,-20.86,-24.18
6/9/2020,Sao Paulo,-23.55052,-46.633309,20.99,78.21,15.78,28.89,18.93,15.91,80.32,61.46,-18.98,-30.69
6/10/2020,Sao Paulo,-23.55052,-46.633309,21.71,73.04,16.67,28,19.54,16.21,79.44,65.88,-20.54,-20.58
6/11/2020,Sao Paulo,-23.55052,-46.633309,23.15,61.46,17.78,31,20.16,16.63,78.24,69.39,-21.23,-12.75
6/12/2020,Sao Paulo,-23.55052,-46.633309,22.04,63.04,14.77,29.03,20.86,17.26,75.39,71.05,-20.86,-6.11
6/13/2020,Sao Paulo,-23.55052,-46.633309,21.74,64,14,28.81,21.28,17.76,72.15,73.08,-19.82,1.27
6/14/2020,Sao Paulo,-23.55052,-46.633309,16.99,84.25,13.33,23,21.49,18.21,70.55,74.24,-18.01,4.97
6/15/2020,Sao Paulo,-23.55052,-46.633309,16.95,78.33,13.67,23.33,21.03,18.6,71.48,77.39,-13.06,7.64
6/16/2020,Sao Paulo,-23.55052,-46.633309,17.89,75.21,14.1,24.44,20.51,18.93,71.76,80.32,-8.35,10.66
6/17/2020,Sao Paulo,-23.55052,-46.633309,18.67,69.58,14.57,24,20.07,19.54,71.33,79.44,-2.71,10.21
6/18/2020,Sao Paulo,-23.55052,-46.633309,18.42,63.04,10,25,19.63,20.16,70.84,78.24,2.63,9.46
6/19/2020,Sao Paulo,-23.55052,-46.633309,19.71,58.33,12,30,18.96,20.86,71.06,75.39,9.11,5.74
6/20/2020,Sao Paulo,-23.55052,-46.633309,20.51,61.62,12.13,28,18.62,21.28,70.39,72.15,12.5,2.44
6/21/2020,Sao Paulo,-23.55052,-46.633309,20.97,60.88,12.95,31.11,18.45,21.49,70.05,70.55,14.15,0.71
6/22/2020,Sao Paulo,-23.55052,-46.633309,20.6,55.92,12,27.26,19.02,21.03,66.71,71.48,9.56,6.67
6/23/2020,Sao Paulo,-23.55052,-46.633309,19.77,52.17,12,26,19.54,20.51,63.51,71.76,4.73,11.5
6/24/2020,Sao Paulo,-23.55052,-46.633309,19.17,50.46,10.85,27.78,19.81,20.07,60.22,71.33,1.3,15.58
6/25/2020,Sao Paulo,-23.55052,-46.633309,20.55,59.79,11,27.47,19.88,19.63,57.49,70.84,-1.27,18.85
6/26/2020,Sao Paulo,-23.55052,-46.633309,18.49,76.42,15,24,20.18,18.96,57.02,71.06,-6.43,19.76
6/27/2020,Sao Paulo,-23.55052,-46.633309,15.15,87.97,12.18,20.56,20.01,18.62,59.61,70.39,-7.47,15.31
6/28/2020,Sao Paulo,-23.55052,-46.633309,14.02,85.69,11.67,19,19.24,18.45,63.37,70.05,-4.28,9.54
6/29/2020,Sao Paulo,-23.55052,-46.633309,15.73,79.71,12,21.67,18.25,19.02,66.92,66.71,4.05,-0.31
6/30/2020,Sao Paulo,-23.55052,-46.633309,18.34,68.67,13,28.89,17.55,19.54,70.32,63.51,10.18,-10.72
7/1/2020,Sao Paulo,-23.55052,-46.633309,19.25,57.79,12,26.11,17.35,19.81,72.67,60.22,12.42,-20.67
7/2/2020,Sao Paulo,-23.55052,-46.633309,13.79,68.54,6.71,20.56,17.36,19.88,73.72,57.49,12.68,-28.23
7/3/2020,Sao Paulo,-23.55052,-46.633309,13.65,74.17,8,20.56,16.4,20.18,74.97,57.02,18.73,-31.48
7/4/2020,Sao Paulo,-23.55052,-46.633309,16.13,66.12,9.77,24.44,15.7,20.01,74.65,59.61,21.54,-25.23
7/5/2020,Sao Paulo,-23.55052,-46.633309,18.09,73.33,11.64,28,15.84,19.24,71.53,63.37,17.67,-12.88
7/6/2020,Sao Paulo,-23.55052,-46.633309,20.3,63.67,13,27,16.43,18.25,69.76,66.92,9.97,-4.24
7/7/2020,Sao Paulo,-23.55052,-46.633309,20.54,64.46,14.23,28,17.08,17.55,67.47,70.32,2.68,4.05
7/8/2020,Sao Paulo,-23.55052,-46.633309,21.86,43.08,15,27.78,17.39,17.35,66.87,72.67,-0.23,7.98
7/9/2020,Sao Paulo,-23.55052,-46.633309,19.43,60.88,13,27.22,17.77,17.36,64.77,73.72,-2.36,12.14
7/10/2020,Sao Paulo,-23.55052,-46.633309,15.43,74.33,8,22.78,18.57,16.4,63.67,74.97,-13.23,15.07
7/11/2020,Sao Paulo,-23.55052,-46.633309,19.44,68.17,13,27.19,18.83,15.7,63.7,74.65,-19.94,14.67
7/12/2020,Sao Paulo,-23.55052,-46.633309,20.73,60.75,13,30,19.3,15.84,63.99,71.53,-21.84,10.54
7/13/2020,Sao Paulo,-23.55052,-46.633309,21.27,60.67,14,28,19.68,16.43,62.19,69.76,-19.78,10.85
7/14/2020,Sao Paulo,-23.55052,-46.633309,17.71,79.17,13.86,23.89,19.81,17.08,61.76,67.47,-15.98,8.46
7/15/2020,Sao Paulo,-23.55052,-46.633309,14.6,81.58,11.99,20,19.41,17.39,63.86,66.87,-11.62,4.5
7/16/2020,Sao Paulo,-23.55052,-46.633309,15.51,78.46,11.95,21.11,18.37,17.77,69.36,64.77,-3.38,-7.09
7/17/2020,Sao Paulo,-23.55052,-46.633309,17.31,76.42,12.19,25,17.81,18.57,71.88,63.67,4.09,-12.89
7/18/2020,Sao Paulo,-23.55052,-46.633309,18.78,71.67,13.75,24.44,18.08,18.83,72.17,63.7,3.98,-13.3
7/19/2020,Sao Paulo,-23.55052,-46.633309,18.63,68.83,12.65,24.44,17.99,19.3,72.67,63.99,6.79,-13.56
7/20/2020,Sao Paulo,-23.55052,-46.633309,18.57,62.29,11,25.62,17.69,19.68,73.83,62.19,10.11,-18.72
7/21/2020,Sao Paulo,-23.55052,-46.633309,19.47,59.17,10,28,17.3,19.81,74.06,61.76,12.67,-19.92
7/22/2020,Sao Paulo,-23.55052,-46.633309,19.83,60.79,10.65,27.22,17.55,19.41,71.2,63.86,9.58,-11.49
7/23/2020,Sao Paulo,-23.55052,-46.633309,19.8,57.46,11,27,18.3,18.37,68.23,69.36,0.38,1.63
7/24/2020,Sao Paulo,-23.55052,-46.633309,19.78,57.79,11.96,27.22,18.91,17.81,65.23,71.88,-6.18,9.25
7/25/2020,Sao Paulo,-23.55052,-46.633309,20.78,50.42,11,32.22,19.27,18.08,62.57,72.17,-6.58,13.3
7/26/2020,Sao Paulo,-23.55052,-46.633309,17.22,75.04,14.3,22,19.55,17.99,59.54,72.67,-8.67,18.07
7/27/2020,Sao Paulo,-23.55052,-46.633309,19.53,67.71,13.84,28,19.35,17.69,60.42,73.83,-9.38,18.16
7/28/2020,Sao Paulo,-23.55052,-46.633309,21.74,56.79,13,30.56,19.49,17.3,61.2,74.06,-12.66,17.36
7/29/2020,Sao Paulo,-23.55052,-46.633309,16.45,76.84,13.08,23.89,19.81,17.55,60.86,71.2,-12.88,14.52
7/30/2020,Sao Paulo,-23.55052,-46.633309,14.39,83.38,11.76,18.33,19.33,18.3,63.15,68.23,-5.63,7.45
7/31/2020,Sao Paulo,-23.55052,-46.633309,15.86,77,12.53,21.67,18.56,18.91,66.85,65.23,1.85,-2.48
8/1/2020,Sao Paulo,-23.55052,-46.633309,16.76,73.21,12.65,23,18,19.27,69.6,62.57,6.59,-11.24
8/2/2020,Sao Paulo,-23.55052,-46.633309,16.77,72.67,11,24,17.42,19.55,72.85,59.54,10.9,-22.35
8/3/2020,Sao Paulo,-23.55052,-46.633309,16.49,70.12,10.11,23,17.36,19.35,72.51,60.42,10.28,-20.01
8/4/2020,Sao Paulo,-23.55052,-46.633309,16.04,69.67,9.71,24,16.92,19.49,72.86,61.2,13.19,-19.05
8/5/2020,Sao Paulo,-23.55052,-46.633309,16.27,70.67,10,24,16.11,19.81,74.7,60.86,18.68,-22.74
8/6/2020,Sao Paulo,-23.55052,-46.633309,16.42,70,10.81,24.44,16.08,19.33,73.82,63.15,16.81,-16.9
8/7/2020,Sao Paulo,-23.55052,-46.633309,17.05,64.08,9,25.56,16.37,18.56,71.91,66.85,11.8,-7.57
8/8/2020,Sao Paulo,-23.55052,-46.633309,17.39,64.83,9,26,16.54,18,70.06,69.6,8.11,-0.66
8/9/2020,Sao Paulo,-23.55052,-46.633309,18.14,64.38,11,26.67,16.63,17.42,68.86,72.85,4.54,5.48
8/10/2020,Sao Paulo,-23.55052,-46.633309,19.42,58.17,11.6,27,16.83,17.36,67.68,72.51,3.05,6.66
8/11/2020,Sao Paulo,-23.55052,-46.633309,20.36,50.08,11,27.43,17.25,16.92,65.97,72.86,-1.95,9.46
8/12/2020,Sao Paulo,-23.55052,-46.633309,19.71,60.96,12,28.33,17.86,16.11,63.17,74.7,-10.86,15.44
8/13/2020,Sao Paulo,-23.55052,-46.633309,20.61,62.08,13,30,18.36,16.08,61.79,73.82,-14.18,16.3
8/14/2020,Sao Paulo,-23.55052,-46.633309,22.28,59.5,15.77,29.04,18.95,16.37,60.65,71.91,-15.76,15.66
8/15/2020,Sao Paulo,-23.55052,-46.633309,20.9,67.46,16.21,27.1,19.7,16.54,60,70.06,-19.11,14.36
8/16/2020,Sao Paulo,-23.55052,-46.633309,18.36,79.38,15.12,22.78,20.2,16.63,60.38,68.86,-21.47,12.31
8/17/2020,Sao Paulo,-23.55052,-46.633309,18.19,76.92,15.6,23,20.23,16.83,62.52,67.68,-20.2,7.62
8/18/2020,Sao Paulo,-23.55052,-46.633309,17.32,82.42,15,23,20.06,17.25,65.2,65.97,-16.29,1.17
8/19/2020,Sao Paulo,-23.55052,-46.633309,18.32,83.04,15,27.31,19.62,17.86,69.82,63.17,-9.85,-10.53
8/20/2020,Sao Paulo,-23.55052,-46.633309,15.54,81.6,12,21.11,19.43,18.36,72.97,61.79,-5.83,-18.09
8/21/2020,Sao Paulo,-23.55052,-46.633309,10.92,86.08,7.78,15.56,18.7,18.95,75.76,60.65,1.32,-24.91
8/22/2020,Sao Paulo,-23.55052,-46.633309,10.44,85.44,7.78,17,17.08,19.7,79.56,60,13.3,-32.6
8/23/2020,Sao Paulo,-23.55052,-46.633309,13.01,73.5,6,21.11,15.58,20.2,82.13,60.38,22.87,-36.02
8/24/2020,Sao Paulo,-23.55052,-46.633309,13.95,71.17,8,22.22,14.82,20.23,81.29,62.52,26.74,-30.02
8/25/2020,Sao Paulo,-23.55052,-46.633309,13.85,70.67,8,21,14.21,20.06,80.46,65.2,29.16,-23.4
8/26/2020,Sao Paulo,-23.55052,-46.633309,14.39,66.54,6,23,13.72,19.62,78.79,69.82,30.07,-12.85
8/27/2020,Sao Paulo,-23.55052,-46.633309,17.37,67.67,9,27,13.16,19.43,76.43,72.97,32.27,-4.74
8/28/2020,Sao Paulo,-23.55052,-46.633309,19.85,67.83,13,29.44,13.42,18.7,74.44,75.76,28.24,1.74
8/29/2020,Sao Paulo,-23.55052,-46.633309,21.59,58.25,13,30,14.69,17.08,71.83,79.56,13.99,9.72
8/30/2020,Sao Paulo,-23.55052,-46.633309,22.72,54.21,13,31.11,16.29,15.58,67.95,82.13,-4.56,17.27
8/31/2020,Sao Paulo,-23.55052,-46.633309,19.17,74.5,15.74,25,17.67,14.82,65.19,81.29,-19.23,19.81
9/1/2020,Sao Paulo,-23.55052,-46.633309,19.33,73.92,16.57,24,18.42,14.21,65.67,80.46,-29.63,18.38
9/2/2020,Sao Paulo,-23.55052,-46.633309,19.57,70.25,15,26,19.2,13.72,66.13,78.79,-39.94,16.07
9/3/2020,Sao Paulo,-23.55052,-46.633309,21.93,59.33,15.54,30,19.94,13.16,66.66,76.43,-51.52,12.78
9/4/2020,Sao Paulo,-23.55052,-46.633309,21.94,55.12,14,32,20.59,13.42,65.47,74.44,-53.43,12.05
9/5/2020,Sao Paulo,-23.55052,-46.633309,20.9,64.54,15.71,31.11,20.89,14.69,63.65,71.83,-42.21,11.39
9/6/2020,Sao Paulo,-23.55052,-46.633309,22.15,58.12,14,31.11,20.79,16.29,64.55,67.95,-27.62,5
9/7/2020,Sao Paulo,-23.55052,-46.633309,21.09,67.29,15.94,30,20.71,17.67,65.11,65.19,-17.2,0.12
9/8/2020,Sao Paulo,-23.55052,-46.633309,20.19,73.04,15.54,30,20.99,18.42,64.08,65.67,-13.95,2.42
9/9/2020,Sao Paulo,-23.55052,-46.633309,20.73,74.04,15.66,29.44,21.11,19.2,63.96,66.13,-9.95,3.28
9/10/2020,Sao Paulo,-23.55052,-46.633309,24.02,58.33,16.26,33.89,21.28,19.94,64.5,66.66,-6.72,3.24
9/11/2020,Sao Paulo,-23.55052,-46.633309,23.31,59.67,16.48,33.33,21.57,20.59,64.35,65.47,-4.76,1.71
9/12/2020,Sao Paulo,-23.55052,-46.633309,26.51,42.33,18.81,34.44,21.77,20.89,65,63.65,-4.21,-2.12
9/13/2020,Sao Paulo,-23.55052,-46.633309,25.41,46.12,16,33.89,22.57,20.79,61.83,64.55,-8.56,4.21
9/14/2020,Sao Paulo,-23.55052,-46.633309,24.54,38.29,16,34.44,23.04,20.71,60.12,65.11,-11.25,7.66
9/15/2020,Sao Paulo,-23.55052,-46.633309,17.33,78.08,13.89,22.12,23.53,20.99,55.97,64.08,-12.1,12.66
9/16/2020,Sao Paulo,-23.55052,-46.633309,20.96,65.88,14.7,31.67,23.12,21.11,56.69,63.96,-9.52,11.37
9/17/2020,Sao Paulo,-23.55052,-46.633309,21.87,67.58,17,32,23.15,21.28,55.53,64.5,-8.79,13.91
9/18/2020,Sao Paulo,-23.55052,-46.633309,21.24,65.58,16.1,28.24,22.85,21.57,56.85,64.35,-5.93,11.66
9/19/2020,Sao Paulo,-23.55052,-46.633309,23.91,55.5,17,32,22.55,21.77,57.69,65,-3.58,11.25
9/20/2020,Sao Paulo,-23.55052,-46.633309,18.39,75.88,14.78,24,22.18,22.57,59.58,61.83,1.73,3.64
9/21/2020,Sao Paulo,-23.55052,-46.633309,15.65,83.62,13.33,20,21.18,23.04,63.83,60.12,8.07,-6.17
9/22/2020,Sao Paulo,-23.55052,-46.633309,14.5,84.12,12.78,18.33,19.91,23.53,70.3,55.97,15.38,-25.6
9/23/2020,Sao Paulo,-23.55052,-46.633309,16.85,78.12,13.33,23.33,19.5,23.12,71.17,56.69,15.66,-25.54
9/24/2020,Sao Paulo,-23.55052,-46.633309,19.09,72.25,15,27,18.92,23.15,72.91,55.53,18.27,-31.3
9/25/2020,Sao Paulo,-23.55052,-46.633309,20.22,66,12,30,18.52,22.85,73.58,56.85,18.95,-29.43
9/26/2020,Sao Paulo,-23.55052,-46.633309,22.91,54.5,14,33,18.37,22.55,73.64,57.69,18.54,-27.65
9/27/2020,Sao Paulo,-23.55052,-46.633309,26.32,42.38,16,35,18.23,22.18,73.5,59.58,17.81,-23.36
9/28/2020,Sao Paulo,-23.55052,-46.633309,23.99,55.88,19,32,19.36,21.18,68.71,63.83,8.59,-7.65
9/29/2020,Sao Paulo,-23.55052,-46.633309,21.03,76.67,17.51,26.73,20.55,19.91,64.75,70.3,-3.21,7.89
9/30/2020,Sao Paulo,-23.55052,-46.633309,24.8,63,18.02,37.22,21.49,19.5,63.69,71.17,-10.21,10.51
10/1/2020,Sao Paulo,-23.55052,-46.633309,26.5,57.83,19,37.22,22.62,18.92,61.53,72.91,-19.56,15.61
10/2/2020,Sao Paulo,-23.55052,-46.633309,30.24,35.71,21.55,37.22,23.68,18.52,59.47,73.58,-27.86,19.18
10/3/2020,Sao Paulo,-23.55052,-46.633309,23.55,71.84,18.75,31.69,25.11,18.37,55.14,73.64,-36.69,25.12
10/4/2020,Sao Paulo,-23.55052,-46.633309,19.98,88.88,17.73,24,25.2,18.23,57.62,73.5,-38.23,21.61
10/5/2020,Sao Paulo,-23.55052,-46.633309,23.17,74,17.58,36,24.3,19.36,64.26,68.71,-25.52,6.48
10/6/2020,Sao Paulo,-23.55052,-46.633309,25.23,66.75,19,36.11,24.18,20.55,66.85,64.75,-17.66,-3.24
10/7/2020,Sao Paulo,-23.55052,-46.633309,24.88,66.08,17.78,37.22,24.78,21.49,65.43,63.69,-15.31,-2.73
10/8/2020,Sao Paulo,-23.55052,-46.633309,22.81,74,16.8,28.89,24.79,22.62,65.87,61.53,-9.59,-7.05
10/9/2020,Sao Paulo,-23.55052,-46.633309,19.51,87.48,16.71,23.33,24.27,23.68,68.18,59.47,-2.49,-14.65
10/10/2020,Sao Paulo,-23.55052,-46.633309,18.38,73.5,13.97,26.11,22.73,25.11,75.58,55.14,9.48,-37.07
10/11/2020,Sao Paulo,-23.55052,-46.633309,16.97,67.46,10,26.11,21.99,25.2,75.81,57.62,12.74,-31.57
10/12/2020,Sao Paulo,-23.55052,-46.633309,18.8,68.75,11.6,28,21.56,24.3,72.75,64.26,11.28,-13.21
10/13/2020,Sao Paulo,-23.55052,-46.633309,22.16,58.67,14,32,20.94,24.18,72,66.85,13.4,-7.7
10/14/2020,Sao Paulo,-23.55052,-46.633309,23.01,60.12,16,33,20.5,24.78,70.85,65.43,17.27,-8.28
10/15/2020,Sao Paulo,-23.55052,-46.633309,18.46,82.84,15.56,21.11,20.23,24.79,70,65.87,18.39,-6.27
10/16/2020,Sao Paulo,-23.55052,-46.633309,15.81,86.25,14.25,18.84,19.61,24.27,71.26,68.18,19.2,-4.52
10/17/2020,Sao Paulo,-23.55052,-46.633309,16.12,80.46,13.73,20.78,19.08,22.73,71.08,75.58,16.06,5.95
10/18/2020,Sao Paulo,-23.55052,-46.633309,18.68,73.04,14.69,26.67,18.76,21.99,72.08,75.81,14.69,4.92
10/19/2020,Sao Paulo,-23.55052,-46.633309,20.48,75.89,17,28,19.01,21.56,72.88,72.75,11.83,-0.18
10/20/2020,Sao Paulo,-23.55052,-46.633309,21.22,76.58,17,28,19.25,20.94,73.9,72,8.07,-2.64
10/21/2020,Sao Paulo,-23.55052,-46.633309,20.42,76.96,17,26.11,19.11,20.5,76.45,70.85,6.78,-7.9
10/22/2020,Sao Paulo,-23.55052,-46.633309,20.04,73.68,16.41,26.67,18.74,20.23,78.86,70,7.37,-12.66
10/23/2020,Sao Paulo,-23.55052,-46.633309,20.4,65.33,15.42,28,18.97,19.61,77.55,71.26,3.26,-8.83
10/24/2020,Sao Paulo,-23.55052,-46.633309,20.9,68.54,16.91,26.11,19.62,19.08,74.56,71.08,-2.83,-4.9
10/25/2020,Sao Paulo,-23.55052,-46.633309,20.88,75.33,17.21,27.78,20.31,18.76,72.86,72.08,-8.26,-1.08
10/26/2020,Sao Paulo,-23.55052,-46.633309,20.2,71.29,16.17,27.22,20.62,19.01,73.19,72.88,-8.47,-0.43
10/27/2020,Sao Paulo,-23.55052,-46.633309,22.81,66.08,16.99,31,20.58,19.25,72.53,73.9,-6.91,1.85
10/28/2020,Sao Paulo,-23.55052,-46.633309,24.79,50.58,16,33,20.81,19.11,71.03,76.45,-8.9,7.09
10/29/2020,Sao Paulo,-23.55052,-46.633309,23.19,57.23,16.64,33,21.43,18.74,67.26,78.86,-14.35,14.71
10/30/2020,Sao Paulo,-23.55052,-46.633309,18,85.94,13.33,23.33,21.88,18.97,64.91,77.55,-15.34,16.3
10/31/2020,Sao Paulo,-23.55052,-46.633309,16.55,80.64,13.33,21.11,21.54,19.62,67.86,74.56,-9.79,8.99
11/1/2020,Sao Paulo,-23.55052,-46.633309,15.25,79.36,12.7,22.22,20.92,20.31,69.58,72.86,-3,4.5
11/2/2020,Sao Paulo,-23.55052,-46.633309,15.15,70.96,11.27,22.22,20.11,20.62,70.16,73.19,2.47,4.14
11/3/2020,Sao Paulo,-23.55052,-46.633309,16.04,66.96,10.19,24,19.39,20.58,70.11,72.53,5.78,3.34
11/4/2020,Sao Paulo,-23.55052,-46.633309,16.88,70.58,10.87,24,18.42,20.81,70.24,71.03,11.48,1.11
11/5/2020,Sao Paulo,-23.55052,-46.633309,16.32,76.71,13.52,22.78,17.29,21.43,73.1,67.26,19.32,-8.68
11/6/2020,Sao Paulo,-23.55052,-46.633309,17.28,68.38,11.65,24,16.31,21.88,75.88,64.91,25.46,-16.9
11/7/2020,Sao Paulo,-23.55052,-46.633309,18.6,65.21,11.99,28,16.21,21.54,73.37,67.86,24.74,-8.12
11/8/2020,Sao Paulo,-23.55052,-46.633309,20.02,63.96,13,30,16.5,20.92,71.17,69.58,21.13,-2.29
11/9/2020,Sao Paulo,-23.55052,-46.633309,20.62,71.25,15,30,17.18,20.11,68.97,70.16,14.57,1.7
11/10/2020,Sao Paulo,-23.55052,-46.633309,21.7,76.83,17.95,28,17.97,19.39,69.01,70.11,7.32,1.57
11/11/2020,Sao Paulo,-23.55052,-46.633309,21.64,77.07,18,29.44,18.77,18.42,70.42,70.24,-1.9,-0.26
11/12/2020,Sao Paulo,-23.55052,-46.633309,21.19,78.2,17,28,19.45,17.29,71.34,73.1,-12.49,2.41
11/13/2020,Sao Paulo,-23.55052,-46.633309,21.75,79.19,17.46,29,20.15,16.31,71.56,75.88,-23.54,5.69
11/14/2020,Sao Paulo,-23.55052,-46.633309,22.61,72.62,18.06,30,20.79,16.21,73.1,73.37,-28.25,0.37
11/15/2020,Sao Paulo,-23.55052,-46.633309,24.96,64.75,18.78,32.22,21.36,16.5,74.16,71.17,-29.45,-4.2
11/16/2020,Sao Paulo,-23.55052,-46.633309,24.85,64.83,20,29,22.07,17.18,74.27,68.97,-28.46,-7.68
11/17/2020,Sao Paulo,-23.55052,-46.633309,21.97,76.92,17.78,27,22.67,17.97,73.36,69.01,-26.15,-6.3
11/18/2020,Sao Paulo,-23.55052,-46.633309,17.46,83.43,15,21.11,22.71,18.77,73.37,70.42,-20.99,-4.19
11/19/2020,Sao Paulo,-23.55052,-46.633309,17.67,85.35,13.33,21.67,22.11,19.45,74.28,71.34,-13.68,-4.12
11/20/2020,Sao Paulo,-23.55052,-46.633309,17.18,72.54,12.76,23,21.61,20.15,75.3,71.56,-7.25,-5.23
11/21/2020,Sao Paulo,-23.55052,-46.633309,18.66,68.17,13,25.72,20.96,20.79,74.35,73.1,-0.82,-1.71
11/22/2020,Sao Paulo,-23.55052,-46.633309,19.55,69.83,13.35,27.22,20.39,21.36,73.71,74.16,4.54,0.61
11/23/2020,Sao Paulo,-23.55052,-46.633309,20.39,68.71,14.62,28.33,19.62,22.07,74.44,74.27,11.1,-0.23
11/24/2020,Sao Paulo,-23.55052,-46.633309,21.52,68.04,15.45,28.14,18.98,22.67,74.99,73.36,16.28,-2.22
11/25/2020,Sao Paulo,-23.55052,-46.633309,23.48,60.71,15.25,31.55,18.92,22.71,73.72,73.37,16.69,-0.48
11/26/2020,Sao Paulo,-23.55052,-46.633309,24.66,58.12,17.34,33,19.78,22.11,70.48,74.28,10.54,5.12
11/27/2020,Sao Paulo,-23.55052,-46.633309,24.1,62.54,16,32.45,20.78,21.61,66.59,75.3,3.84,11.57
11/28/2020,Sao Paulo,-23.55052,-46.633309,23.43,65.38,16.27,31.94,21.77,20.96,65.16,74.35,-3.86,12.36
11/29/2020,Sao Paulo,-23.55052,-46.633309,24.46,62,17.61,31.23,22.45,20.39,64.76,73.71,-10.1,12.14
11/30/2020,Sao Paulo,-23.55052,-46.633309,24.87,68.79,18.29,32.29,23.15,19.62,63.64,74.44,-17.99,14.51
12/1/2020,Sao Paulo,-23.55052,-46.633309,23.09,76.42,16.82,28,23.79,18.98,63.65,74.99,-25.34,15.12
12/2/2020,Sao Paulo,-23.55052,-46.633309,22.75,74.5,18.58,29.06,24.01,18.92,64.85,73.72,-26.9,12.03
12/3/2020,Sao Paulo,-23.55052,-46.633309,24.82,67.04,18.04,32,23.91,19.78,66.82,70.48,-20.88,5.19
12/4/2020,Sao Paulo,-23.55052,-46.633309,23.98,67.71,18.64,31,23.93,20.78,68.1,66.59,-15.16,-2.27
12/5/2020,Sao Paulo,-23.55052,-46.633309,21.97,76.71,17.96,26.67,23.91,21.77,68.83,65.16,-9.83,-5.63
12/6/2020,Sao Paulo,-23.55052,-46.633309,20.69,79.69,16.85,25.67,23.71,22.45,70.45,64.76,-5.61,-8.79
12/7/2020,Sao Paulo,-23.55052,-46.633309,21.37,80.62,18.13,27.33,23.17,23.15,72.98,63.64,-0.09,-14.68
12/8/2020,Sao Paulo,-23.55052,-46.633309,22.22,82.46,18,27.78,22.67,23.79,74.67,63.65,4.71,-17.31
12/9/2020,Sao Paulo,-23.55052,-46.633309,21.9,74.25,15.88,28,22.54,24.01,75.53,64.85,6.12,-16.47
12/10/2020,Sao Paulo,-23.55052,-46.633309,22,68.92,15.74,28.33,22.42,23.91,75.5,66.82,6.23,-12.99
12/11/2020,Sao Paulo,-23.55052,-46.633309,22.5,71.48,16.38,28.89,22.02,23.93,75.77,68.1,7.98,-11.26
12/12/2020,Sao Paulo,-23.55052,-46.633309,23.64,69.25,18.21,29,21.81,23.91,76.3,68.83,8.78,-10.85
12/13/2020,Sao Paulo,-23.55052,-46.633309,24.16,72.5,18.88,33,22.05,23.71,75.24,70.45,7,-6.8
12/14/2020,Sao Paulo,-23.55052,-46.633309,25.27,66.96,19,35,22.54,23.17,74.21,72.98,2.72,-1.69
12/15/2020,Sao Paulo,-23.55052,-46.633309,24.63,68.42,19.46,31,23.1,22.67,72.26,74.67,-1.9,3.23
12/16/2020,Sao Paulo,-23.55052,-46.633309,23.67,76.04,17.46,31.76,23.44,22.54,70.25,75.53,-3.99,6.99
12/17/2020,Sao Paulo,-23.55052,-46.633309,24.09,71.85,18.56,31,23.7,22.42,70.51,75.5,-5.71,6.61
12/18/2020,Sao Paulo,-23.55052,-46.633309,23.64,73.04,18.84,31,23.99,22.02,70.93,75.77,-8.95,6.39
12/19/2020,Sao Paulo,-23.55052,-46.633309,25.08,67.96,18.06,32.31,24.16,21.81,71.15,76.3,-10.77,6.75
12/20/2020,Sao Paulo,-23.55052,-46.633309,25.04,72.88,18.73,35,24.36,22.05,70.97,75.24,-10.48,5.68
12/21/2020,Sao Paulo,-23.55052,-46.633309,24.77,75.21,19.49,32.11,24.49,22.54,71.02,74.21,-8.65,4.3
12/22/2020,Sao Paulo,-23.55052,-46.633309,21.25,83.38,16.82,25,24.42,23.1,72.2,72.26,-5.71,0.08
12/23/2020,Sao Paulo,-23.55052,-46.633309,20.21,74.42,15.66,26.11,23.93,23.44,74.34,70.25,-2.09,-5.82
12/24/2020,Sao Paulo,-23.55052,-46.633309,20.27,73.71,15.38,26.11,23.44,23.7,74.11,70.51,1.1,-5.11
12/25/2020,Sao Paulo,-23.55052,-46.633309,19.42,75,15,26,22.89,23.99,74.37,70.93,4.59,-4.85
12/26/2020,Sao Paulo,-23.55052,-46.633309,20.11,75.79,14.11,27.44,22.29,24.16,74.65,71.15,7.74,-4.92
12/27/2020,Sao Paulo,-23.55052,-46.633309,21.47,82.08,17.42,29,21.58,24.36,75.77,70.97,11.41,-6.76
12/28/2020,Sao Paulo,-23.55052,-46.633309,22.28,74.2,17,29,21.07,24.49,77.08,71.02,13.96,-8.53
12/29/2020,Sao Paulo,-23.55052,-46.633309,23.58,76.12,17.62,30,20.72,24.42,76.94,72.2,15.15,-6.57
12/30/2020,Sao Paulo,-23.55052,-46.633309,24.6,67.29,17.89,34,21.05,23.93,75.9,74.34,12.04,-2.1
12/31/2020,Sao Paulo,-23.55052,-46.633309,25.03,69.62,18.96,35,21.68,23.44,74.88,74.11,7.51,-1.04
1/1/2021,Sao Paulo,-23.55052,-46.633309,22.54,82.88,18.76,29.44,22.36,22.89,74.3,74.37,2.32,0.09
1/2/2021,Sao Paulo,-23.55052,-46.633309,21,81.5,18.08,26.12,22.8,22.29,75.43,74.65,-2.29,-1.04
1/3/2021,Sao Paulo,-23.55052,-46.633309,20.95,74,16.4,26.11,22.93,21.58,76.24,75.77,-6.26,-0.62
1/4/2021,Sao Paulo,-23.55052,-46.633309,22.2,68.83,15.91,29,22.85,21.07,75.09,77.08,-8.45,2.58
1/5/2021,Sao Paulo,-23.55052,-46.633309,24.13,66.92,16.99,30.64,22.84,20.72,74.32,76.94,-10.23,3.41
1/6/2021,Sao Paulo,-23.55052,-46.633309,26.2,65.08,19.42,33,22.92,21.05,73.01,75.9,-8.88,3.81
1/7/2021,Sao Paulo,-23.55052,-46.633309,25.55,68.83,19.08,35,23.15,21.68,72.69,74.88,-6.78,2.92
1/8/2021,Sao Paulo,-23.55052,-46.633309,23.87,73.58,18.91,32,23.22,22.36,72.58,74.3,-3.85,2.31
1/9/2021,Sao Paulo,-23.55052,-46.633309,23.58,80.27,18.73,30,23.41,22.8,71.25,75.43,-2.68,5.54
1/10/2021,Sao Paulo,-23.55052,-46.633309,23.65,79.88,18.66,30.56,23.78,22.93,71.07,76.24,-3.71,6.78
1/11/2021,Sao Paulo,-23.55052,-46.633309,24.53,77.46,19.48,30.65,24.17,22.85,71.91,75.09,-5.78,4.23
1/12/2021,Sao Paulo,-23.55052,-46.633309,24.92,79.29,20.55,31.93,24.5,22.84,73.15,74.32,-7.27,1.57
1/13/2021,Sao Paulo,-23.55052,-46.633309,24.24,77.2,20.37,29.63,24.61,22.92,74.91,73.01,-7.37,-2.6
1/14/2021,Sao Paulo,-23.55052,-46.633309,23.65,76.79,19.11,29.6,24.33,23.15,76.64,72.69,-5.1,-5.43
1/15/2021,Sao Paulo,-23.55052,-46.633309,22.27,84.08,17.62,29,24.06,23.22,77.78,72.58,-3.62,-7.16
1/16/2021,Sao Paulo,-23.55052,-46.633309,23.32,73.75,17.16,31.67,23.83,23.41,79.28,71.25,-1.79,-11.27
1/17/2021,Sao Paulo,-23.55052,-46.633309,25.7,60.79,18.66,33,23.8,23.78,78.35,71.07,-0.08,-10.24
1/18/2021,Sao Paulo,-23.55052,-46.633309,25.54,66.17,18.84,32.78,24.09,24.17,75.62,71.91,0.33,-5.16
1/19/2021,Sao Paulo,-23.55052,-46.633309,23.74,77.4,19.47,30,24.23,24.5,74.01,73.15,1.1,-1.18
1/20/2021,Sao Paulo,-23.55052,-46.633309,23.5,75.33,17.94,31.11,24.07,24.61,73.74,74.91,2.19,1.56
1/21/2021,Sao Paulo,-23.55052,-46.633309,23.49,74.88,17.02,31.11,23.96,24.33,73.47,76.64,1.52,4.14
1/22/2021,Sao Paulo,-23.55052,-46.633309,23.8,73,17,30,23.94,24.06,73.2,77.78,0.5,5.89
1/23/2021,Sao Paulo,-23.55052,-46.633309,23.85,72.42,17.07,31,24.16,23.83,71.62,79.28,-1.38,9.66
1/24/2021,Sao Paulo,-23.55052,-46.633309,23.04,76.92,16.5,30,24.23,23.8,71.43,78.35,-1.81,8.83
1/25/2021,Sao Paulo,-23.55052,-46.633309,24.08,69.75,17.19,31.11,23.85,24.09,73.73,75.62,1,2.5
1/26/2021,Sao Paulo,-23.55052,-46.633309,23.99,72.46,18.53,31.67,23.64,24.23,74.24,74.01,2.43,-0.31
1/27/2021,Sao Paulo,-23.55052,-46.633309,26.43,60.67,18.07,35.56,23.68,24.07,73.54,73.74,1.62,0.27
1/28/2021,Sao Paulo,-23.55052,-46.633309,26.28,63.75,18.44,36,24.1,23.96,71.44,73.47,-0.58,2.76
1/29/2021,Sao Paulo,-23.55052,-46.633309,26.88,59.04,18.18,32.22,24.5,23.94,69.85,73.2,-2.34,4.58
1/30/2021,Sao Paulo,-23.55052,-46.633309,27.43,58.79,19,34,24.94,24.16,67.86,71.62,-3.23,5.25
1/31/2021,Sao Paulo,-23.55052,-46.633309,27.16,61.88,18.92,33,25.45,24.23,65.91,71.43,-5.04,7.73
2/1/2021,Sao Paulo,-23.55052,-46.633309,25.11,65.21,19.08,32,26.04,23.85,63.76,73.73,-9.18,13.52
2/2/2021,Sao Paulo,-23.55052,-46.633309,24.64,74.88,17.43,33,26.18,23.64,63.11,74.24,-10.74,14.99
2/3/2021,Sao Paulo,-23.55052,-46.633309,24.76,70.92,17.4,33,26.28,23.68,63.46,73.54,-10.98,13.71
2/4/2021,Sao Paulo,-23.55052,-46.633309,26.7,71.25,18.61,34,26.04,24.1,64.92,71.44,-8.05,9.13
2/5/2021,Sao Paulo,-23.55052,-46.633309,23.51,74.68,19,30.56,26.1,24.5,66,69.85,-6.53,5.51
2/6/2021,Sao Paulo,-23.55052,-46.633309,21.67,71,15.66,28.89,25.62,24.94,68.23,67.86,-2.73,-0.55
2/7/2021,Sao Paulo,-23.55052,-46.633309,20.55,71.67,15.66,26,24.79,25.45,69.97,65.91,2.59,-6.16
2/8/2021,Sao Paulo,-23.55052,-46.633309,20.87,67.54,14.25,28.33,23.85,26.04,71.37,63.76,8.41,-11.94
2/9/2021,Sao Paulo,-23.55052,-46.633309,20.69,68.71,14.43,28,23.24,26.18,71.71,63.11,11.23,-13.63
2/10/2021,Sao Paulo,-23.55052,-46.633309,21.49,72.46,14.79,28.89,22.68,26.28,70.82,63.46,13.7,-11.6
2/11/2021,Sao Paulo,-23.55052,-46.633309,21.43,80.88,15.46,29,22.21,26.04,71.04,64.92,14.71,-9.43
2/12/2021,Sao Paulo,-23.55052,-46.633309,21.44,78.21,16.78,28,21.46,26.1,72.42,66,17.78,-9.73
2/13/2021,Sao Paulo,-23.55052,-46.633309,21.32,86.71,18.43,28.89,21.16,25.62,72.92,68.23,17.41,-6.87
2/14/2021,Sao Paulo,-23.55052,-46.633309,22.95,76.75,16.81,31.11,21.11,24.79,75.17,69.97,14.84,-7.43
2/15/2021,Sao Paulo,-23.55052,-46.633309,24.68,68.25,16.89,32.22,21.46,23.85,75.89,71.37,10.02,-6.33
2/16/2021,Sao Paulo,-23.55052,-46.633309,23.85,67.79,15.87,32.22,22,23.24,76,71.71,5.34,-5.98
2/17/2021,Sao Paulo,-23.55052,-46.633309,23.08,75.5,16.47,30,22.45,22.68,75.86,70.82,1.01,-7.12
2/18/2021,Sao Paulo,-23.55052,-46.633309,22.77,75.04,16.62,31.67,22.68,22.21,76.3,71.04,-2.12,-7.4
2/19/2021,Sao Paulo,-23.55052,-46.633309,23.5,74.71,16.42,31.11,22.87,21.46,75.46,72.42,-6.57,-4.2
2/20/2021,Sao Paulo,-23.55052,-46.633309,23.29,73.12,16.11,30,23.16,21.16,74.96,72.92,-9.45,-2.8
2/21/2021,Sao Paulo,-23.55052,-46.633309,23.08,72.75,16.92,29.44,23.45,21.11,73.02,75.17,-11.08,2.86
2/22/2021,Sao Paulo,-23.55052,-46.633309,23.21,70.62,17.34,28,23.46,21.46,72.45,75.89,-9.32,4.53
2/23/2021,Sao Paulo,-23.55052,-46.633309,24.4,62.29,14.77,33.33,23.25,22,72.79,76,-5.68,4.22
2/24/2021,Sao Paulo,-23.55052,-46.633309,24.37,64.62,16.27,31.4,23.33,22.45,72,75.86,-3.92,5.09
2/25/2021,Sao Paulo,-23.55052,-46.633309,21.78,80.44,16.81,27.78,23.52,22.68,70.45,76.3,-3.7,7.67
2/26/2021,Sao Paulo,-23.55052,-46.633309,20.93,82.48,17.03,26.68,23.38,22.87,71.22,75.46,-2.23,5.62
2/27/2021,Sao Paulo,-23.55052,-46.633309,21.39,82.16,16.96,28.89,23.01,23.16,72.33,74.96,0.65,3.51
2/28/2021,Sao Paulo,-23.55052,-46.633309,22.25,80.46,16.77,30,22.74,23.45,73.62,73.02,3.03,-0.82
3/1/2021,Sao Paulo,-23.55052,-46.633309,23.2,74.54,16.88,30.56,22.62,23.46,74.72,72.45,3.58,-3.13
3/2/2021,Sao Paulo,-23.55052,-46.633309,23.71,73.83,17.06,31.11,22.62,23.25,75.28,72.79,2.71,-3.42
3/3/2021,Sao Paulo,-23.55052,-46.633309,24.76,63.88,19.12,32.22,22.52,23.33,76.93,72,3.47,-6.85
3/4/2021,Sao Paulo,-23.55052,-46.633309,24.22,69.58,18.23,32.78,22.57,23.52,76.83,70.45,4.04,-9.06
3/5/2021,Sao Paulo,-23.55052,-46.633309,23.04,75.42,18.83,32.22,22.92,23.38,75.28,71.22,1.97,-5.7
3/6/2021,Sao Paulo,-23.55052,-46.633309,21.49,87.25,18.78,27,23.22,23.01,74.27,72.33,-0.91,-2.68
3/7/2021,Sao Paulo,-23.55052,-46.633309,21.27,85.37,17.49,27.78,23.24,22.74,74.99,73.62,-2.2,-1.86
3/8/2021,Sao Paulo,-23.55052,-46.633309,22.31,76.79,15.96,28.89,23.1,22.62,75.7,74.72,-2.12,-1.31
3/9/2021,Sao Paulo,-23.55052,-46.633309,22.67,69.17,14.99,30.56,22.97,22.62,76.02,75.28,-1.55,-0.98
3/10/2021,Sao Paulo,-23.55052,-46.633309,21.78,67.75,14.62,29,22.82,22.52,75.35,76.93,-1.33,2.05
3/11/2021,Sao Paulo,-23.55052,-46.633309,22.92,72.12,16.05,30,22.4,22.57,75.9,76.83,0.75,1.21
3/12/2021,Sao Paulo,-23.55052,-46.633309,23.58,74.64,16.85,31,22.21,22.92,76.27,75.28,3.1,-1.32
3/13/2021,Sao Paulo,-23.55052,-46.633309,23.68,74.08,17.51,30.92,22.29,23.22,76.16,74.27,4.01,-2.54
3/14/2021,Sao Paulo,-23.55052,-46.633309,24.05,71.25,17.05,31.05,22.6,23.24,74.27,74.99,2.75,0.96
3/15/2021,Sao Paulo,-23.55052,-46.633309,23.85,70.04,16.43,31,23,23.1,72.26,75.7,0.43,4.54
3/16/2021,Sao Paulo,-23.55052,-46.633309,23.61,72.12,16.8,31.11,23.22,22.97,71.29,76.02,-1.09,6.22
3/17/2021,Sao Paulo,-23.55052,-46.633309,24.73,66.21,16.35,32.22,23.35,22.82,71.71,75.35,-2.32,4.83
3/18/2021,Sao Paulo,-23.55052,-46.633309,23.6,75.16,17.38,31.67,23.77,22.4,71.49,75.9,-6.12,5.81
3/19/2021,Sao Paulo,-23.55052,-46.633309,22.67,81,17.69,29,23.87,22.21,71.93,76.27,-7.47,5.69
3/20/2021,Sao Paulo,-23.55052,-46.633309,23.66,76.67,17.14,30.56,23.74,22.29,72.84,76.16,-6.51,4.36
3/21/2021,Sao Paulo,-23.55052,-46.633309,24.67,68.58,17.21,32.22,23.74,22.6,73.21,74.27,-5.04,1.43
3/22/2021,Sao Paulo,-23.55052,-46.633309,25.37,68.92,16.49,30,23.83,23,72.83,72.26,-3.61,-0.79
3/23/2021,Sao Paulo,-23.55052,-46.633309,24.26,67.83,16.65,31.67,24.04,23.22,72.67,71.29,-3.53,-1.94
3/24/2021,Sao Paulo,-23.55052,-46.633309,24.57,68.46,17.3,31.11,24.14,23.35,72.05,71.71,-3.38,-0.47
3/25/2021,Sao Paulo,-23.55052,-46.633309,23.77,69.42,17.88,30.56,24.11,23.77,72.37,71.49,-1.43,-1.23
3/26/2021,Sao Paulo,-23.55052,-46.633309,24.69,66,17.24,32.22,24.14,23.87,71.55,71.93,-1.13,0.53
3/27/2021,Sao Paulo,-23.55052,-46.633309,25.3,65.38,17.46,33.33,24.43,23.74,69.41,72.84,-2.91,4.71
3/28/2021,Sao Paulo,-23.55052,-46.633309,24.92,65.04,17.39,32.22,24.66,23.74,67.8,73.21,-3.88,7.39
3/29/2021,Sao Paulo,-23.55052,-46.633309,24.75,63.33,17.22,32.22,24.7,23.83,67.29,72.83,-3.65,7.61
3/30/2021,Sao Paulo,-23.55052,-46.633309,22.78,68.67,16.67,30,24.61,24.04,66.49,72.67,-2.37,8.5
3/31/2021,Sao Paulo,-23.55052,-46.633309,20.23,71,15.04,27,24.4,24.14,66.61,72.05,-1.08,7.55
4/1/2021,Sao Paulo,-23.55052,-46.633309,19.41,67.75,12.75,27.22,23.78,24.11,66.98,72.37,1.37,7.45
4/2/2021,Sao Paulo,-23.55052,-46.633309,19.84,72.17,14.67,27.78,23.15,24.14,66.74,71.55,4.1,6.72
4/3/2021,Sao Paulo,-23.55052,-46.633309,20.06,74.25,13.47,27.22,22.46,24.43,67.62,69.41,8.06,2.58
4/4/2021,Sao Paulo,-23.55052,-46.633309,20.56,70,14.45,28.33,21.71,24.66,68.89,67.8,11.96,-1.61
4/5/2021,Sao Paulo,-23.55052,-46.633309,20.69,70.12,14.16,28,21.09,24.7,69.6,67.29,14.62,-3.43
4/6/2021,Sao Paulo,-23.55052,-46.633309,19.7,79.21,13.98,28.33,20.51,24.61,70.57,66.49,16.66,-6.14
4/7/2021,Sao Paulo,-23.55052,-46.633309,20.22,75.21,14.34,28.33,20.07,24.4,72.07,66.61,17.75,-8.2
4/8/2021,Sao Paulo,-23.55052,-46.633309,20.42,68.25,13.49,28,20.07,23.78,72.67,66.98,15.6,-8.5
4/9/2021,Sao Paulo,-23.55052,-46.633309,20.87,66.29,12.47,29,20.21,23.15,72.74,66.74,12.7,-8.99
4/10/2021,Sao Paulo,-23.55052,-46.633309,22.28,62.04,13.09,29.44,20.36,22.46,71.9,67.62,9.35,-6.33
4/11/2021,Sao Paulo,-23.55052,-46.633309,22.67,56.42,12.63,31,20.68,21.71,70.16,68.89,4.74,-1.84
4/12/2021,Sao Paulo,-23.55052,-46.633309,22.28,62.88,12.48,29,20.98,21.09,68.22,69.6,0.52,1.98
4/13/2021,Sao Paulo,-23.55052,-46.633309,19.47,77.4,15.75,25,21.21,20.51,67.19,70.57,-3.41,4.79
4/14/2021,Sao Paulo,-23.55052,-46.633309,18.94,72.38,12.77,27.22,21.17,20.07,66.93,72.07,-5.48,7.13
4/15/2021,Sao Paulo,-23.55052,-46.633309,19.66,71.38,14.19,26.67,20.99,20.07,66.52,72.67,-4.58,8.46
4/16/2021,Sao Paulo,-23.55052,-46.633309,19.99,72.75,13.15,27.22,20.88,20.21,66.97,72.74,-3.32,7.93
4/17/2021,Sao Paulo,-23.55052,-46.633309,21.06,68.92,14.45,28.33,20.76,20.36,67.89,71.9,-1.96,5.58
4/18/2021,Sao Paulo,-23.55052,-46.633309,19.72,81.38,15.69,26,20.58,20.68,68.88,70.16,0.48,1.82
4/19/2021,Sao Paulo,-23.55052,-46.633309,18.53,80.68,15.53,25,20.16,20.98,72.44,68.22,3.91,-6.19
4/20/2021,Sao Paulo,-23.55052,-46.633309,18.33,77.25,14.31,25,19.62,21.21,74.98,67.19,7.5,-11.59
4/21/2021,Sao Paulo,-23.55052,-46.633309,18.18,77.17,13.89,23.33,19.46,21.17,74.96,66.93,8.08,-12
4/22/2021,Sao Paulo,-23.55052,-46.633309,17.48,81.38,13.93,24.44,19.35,20.99,75.65,66.52,7.81,-13.73
4/23/2021,Sao Paulo,-23.55052,-46.633309,17.81,75.33,11,25.56,19.04,20.88,77.08,66.97,8.81,-15.1
4/24/2021,Sao Paulo,-23.55052,-46.633309,19.74,67.04,11.77,27,18.73,20.76,77.44,67.89,9.78,-14.07
4/25/2021,Sao Paulo,-23.55052,-46.633309,20.7,72.04,13.14,29,18.54,20.58,77.18,68.88,9.91,-12.05
4/26/2021,Sao Paulo,-23.55052,-46.633309,20.45,76.62,15.35,26.11,18.68,20.16,75.84,72.44,7.34,-4.69
4/27/2021,Sao Paulo,-23.55052,-46.633309,19.18,78.88,13.89,23.33,18.96,19.62,75.26,74.98,3.36,-0.37
4/28/2021,Sao Paulo,-23.55052,-46.633309,18.62,72.38,13.89,25,19.08,19.46,75.49,74.96,1.95,-0.71
4/29/2021,Sao Paulo,-23.55052,-46.633309,17.28,73.96,12.81,24,19.14,19.35,74.81,75.65,1.09,1.11
4/30/2021,Sao Paulo,-23.55052,-46.633309,17.65,72.33,12.79,25.56,19.11,19.04,73.75,77.08,-0.37,4.32
5/1/2021,Sao Paulo,-23.55052,-46.633309,17.84,73,11.32,26.67,19.09,18.73,73.32,77.44,-1.92,5.32
5/2/2021,Sao Paulo,-23.55052,-46.633309,18.73,70.17,12.01,26.11,18.82,18.54,74.17,77.18,-1.51,3.9
5/3/2021,Sao Paulo,-23.55052,-46.633309,18.76,76.71,11.47,27.22,18.54,18.68,73.91,75.84,0.75,2.54
5/4/2021,Sao Paulo,-23.55052,-46.633309,20.17,68.08,11.67,27.78,18.29,18.96,73.92,75.26,3.53,1.78
5/5/2021,Sao Paulo,-23.55052,-46.633309,20.87,64.96,11.87,28.33,18.44,19.08,72.38,75.49,3.35,4.12
5/6/2021,Sao Paulo,-23.55052,-46.633309,21.09,66.21,12.64,28.89,18.76,19.14,71.32,74.81,1.99,4.67
5/7/2021,Sao Paulo,-23.55052,-46.633309,17.24,79.92,14.89,21.67,19.3,19.11,70.21,73.75,-0.99,4.8
5/8/2021,Sao Paulo,-23.55052,-46.633309,16.67,77.29,12.71,24.44,19.24,19.09,71.29,73.32,-0.79,2.77
5/9/2021,Sao Paulo,-23.55052,-46.633309,17.68,74.38,12.25,25,19.08,18.82,71.91,74.17,-1.38,3.05
5/10/2021,Sao Paulo,-23.55052,-46.633309,18.25,70.08,13.18,26.11,18.93,18.54,72.51,73.91,-2.1,1.89
5/11/2021,Sao Paulo,-23.55052,-46.633309,18.98,70.83,11.42,26.11,18.85,18.29,71.56,73.92,-3.06,3.19
5/12/2021,Sao Paulo,-23.55052,-46.633309,17.55,79.12,11.94,25,18.68,18.44,71.95,72.38,-1.3,0.59
5/13/2021,Sao Paulo,-23.55052,-46.633309,15.76,84.46,11.67,22.22,18.21,18.76,73.98,71.32,2.93,-3.73
5/14/2021,Sao Paulo,-23.55052,-46.633309,16.58,74.25,12,23.33,17.45,19.3,76.58,70.21,9.59,-9.07
5/15/2021,Sao Paulo,-23.55052,-46.633309,17.32,77.08,12.72,23,17.35,19.24,75.77,71.29,9.82,-6.28
5/16/2021,Sao Paulo,-23.55052,-46.633309,17.97,75.67,11.46,24.44,17.45,19.08,75.74,71.91,8.54,-5.33
